,name,duration,parsed,error,text
0,"Avacyn, the Purifier",24.237888293999276,False,"No terminal matches '~' in the current parser context, at line 2 col 36

When this creature transforms into ~f, it deals 3 damage to each other crea
                                   ^
Expected one of: 
	* WORD
	* DASH
","Flying
When this creature transforms into ~f, it deals 3 damage to each other creature and each opponent."
1,Apothecary Geist,24.182115292998787,False,"No terminal matches '~' in the current parser context, at line 2 col 6

When ~ enters, if you control another Spirit,
     ^
Expected one of: 
	* WORD
	* DASH
","Flying
When ~ enters, if you control another Spirit, you gain 3 life."
2,Lunarch Inquisitors,23.976386657999683,False,"No terminal matches '~' in the current parser context, at line 1 col 36

When this creature transforms into ~, you may exile another target creature
                                   ^
Expected one of: 
	* WORD
	* DASH
","When this creature transforms into ~, you may exile another target creature until ~ leaves the battlefield."
3,Always Watching,24.51959146199988,False,"No terminal matches '+' in the current parser context, at line 1 col 36

Nontoken creatures you control get +1/+1 and have vigilance.
                                   ^
Expected one of: 
	* WORD
	* DASH
",Nontoken creatures you control get +1/+1 and have vigilance.
4,Archangel Avacyn,24.226951421000194,False,"No terminal matches ',' in the current parser context, at line 2 col 7

Flying, vigilance
      ^
Expected one of: 
	* WORD
	* DASH
","Flash
Flying, vigilance
When ~ enters, creatures you control gain indestructible until end of turn.
When a non-Angel creature you control dies, transform ~ at the beginning of the next upkeep."
5,Angelic Purge,24.242023753000467,False,"No terminal matches ',' in the current parser context, at line 1 col 41

As an additional cost to cast this spell, sacrifice a permanent.
                                        ^
Expected one of: 
	* WORD
	* DASH
","As an additional cost to cast this spell, sacrifice a permanent.
Exile target artifact, creature, or enchantment."
6,Avacynian Missionaries,24.270664124000177,False,"No terminal matches ',' in the current parser context, at line 1 col 34

At the beginning of your end step, if ~ is equipped, transform it.
                                 ^
Expected one of: 
	* WORD
	* DASH
","At the beginning of your end step, if ~ is equipped, transform it."
7,Angel of Deliverance,46.53005286299958,False,"No terminal matches 'W' in the current parser context, at line 2 col 12

Delirium — Whenever ~ deals damage, if there are fo
           ^
Expected one of: 
	* GAIN
	* A
	* DISCARDED
	* IT
	* BEEN
	* CAST
	* DREW
	* CYCLE
	* TRANSFORM
	* TAPSYMBOL
	* EQUAL
	* ADAPT
	* GET
	* SUBTYPEPLANESWALKER
	* THEN
	* INTO
	* CONTROLLED
	* ATTACHED
	* FOR
	* CARDINAL
	* CYCLED
	* THE
	* THOSE
	* DISCARD
	* __ANON_20
	* FIGHT
	* ATTACKED
	* LOOKED
	* SUSPECT
	* HAD
	* __ANON_14
	* ITSELF
	* COLORTERM
	* CONNIVE
	* ACTIVATE
	* __ANON_18
	* WHO
	* WHENEVER
	* REGENERATE
	* SUBTYPECREATUREB
	* GAINED
	* SUBTYPEPLANAR
	* LESS
	* MONSTROSITY
	* SUPPORT
	* TAKE
	* AFTER
	* TURN
	* SURVEIL
	* REMAIN
	* OTHER
	* ON
	* IN
	* GREATER
	* LOOK
	* REVEAL
	* IF
	* UNDER
	* UNTAPSYMBOL
	* EXPLORES
	* PROLIFERATE
	* DRAW
	* THIS
	* MAY
	* DESTROY
	* DIE
	* PLAYERCHARACTERISTIC
	* REVEALED
	* TURNED
	* TAP
	* TAPPEDSTATUSMODIFIER
	* TIMES
	* __ANON_17
	* PLAYED
	* OBJECTCHARACTERISTIC
	* SCRY
	* DASH
	* ATTACH
	* THESE
	* ASSIGN
	* WIN
	* SHUFFLE
	* ONTO
	* NAMEREFSYMBOL
	* UNTIL
	* EXCHANGE
	* OTHERWISE
	* NON
	* PREVENT
	* THEIR
	* SWITCH
	* WHEN
	* INVESTIGATE
	* THAT
	* IS
	* CONTROL
	* WITH
	* ORDINAL
	* AN
	* LSQB
	* DAMAGETYPE
	* UNATTACHED
	* AT
	* AS
	* DOES
	* BOLSTER
	* COUNTER
	* DO
	* DETAIN
	* EFFECTSTATUSMODIFIER
	* BECOME
	* SUBTYPESPELL
	* SUPERTYPE
	* __ANON_15
	* HAS
	* MANIFEST
	* ABANDON
	* ADDITIONAL
	* ABILITYMODIFIER
	* CHOSE
	* FORAGE
	* STAR
	* TARGET
	* SEARCH
	* __ANON_19
	* LBRACE
	* SUBTYPELAND
	* ATTACK
	* BLOCK
	* EXERT
	* PLAYERTERM
	* PLAY
	* HERSELF
	* SAME
	* KEYWORDSTATUSMODIFIER
	* MELD
	* CLASH
	* SHUFFLED
	* GOAD
	* MORE
	* __ANON_21
	* UP
	* SUBTYPEARTIFACT
	* SUBTYPEENCHANTMENT
	* SUBTYPECREATUREA
	* INCUBATE
	* PUT
	* FROM
	* CHOOSE
	* REMOVE
	* LEARN
	* ANY
	* QUALIFIER
	* AMASS
	* ZONE
	* EXILE
	* ADD
	* BE
	* DOUBLE
	* WHILE
	* SACRIFICED
	* FATESEAL
	* CONVERT
	* YOUR
	* THEM
	* COMBATSTATUSMODIFIER
	* DEAL
	* RETURN
	* SKIP
	* HIMSELF
	* WITHOUT
	* UNTAP
	* POPULATE
	* CAN
	* SEARCHED
	* LOSE
	* ABLE
	* FLIP
	* SACRIFICE
	* LEVEL
	* DISCOVER
	* ONLY
	* EACH
	* UNATTACH
	* X
	* ITS
	* TYPE
	* MILL
	* CLOAK
	* SPEND
	* ALL
	* FREQUENCY
	* NUMBER
	* BLOCKED
	* NO
	* PAY
	* CREATE
	* WOULD
	* HAVE
","Flying
Delirium — Whenever ~ deals damage, if there are four or more card types among cards in your graveyard, exile target creature an opponent controls."
8,Devilthorn Fox,3.58600118488539e-06,False,'text',
9,Bound by Moonsilver,22.31696254200142,False,"No terminal matches ',' in the current parser context, at line 2 col 34

Enchanted creature can not attack, block, or transform.
                                 ^
Expected one of: 
	* WORD
	* DASH
","Enchant creature
Enchanted creature can not attack, block, or transform.
Sacrifice another permanent: Attach ~ to target creature. Activate only as a sorcery and only once each turn."
10,Descend upon the Sinful,22.0192791949994,False,"No terminal matches '.' in the current parser context, at line 1 col 20

Exile all creatures.
                   ^
Expected one of: 
	* WORD
	* DASH
","Exile all creatures.
Delirium — Create a 4/4 white Angel creature token with flying if there are four or more card types among cards in your graveyard."
11,Cathar's Companion,22.282157699999516,False,"No terminal matches ',' in the current parser context, at line 1 col 38

Whenever you cast a noncreature spell, ~ gains indestructible until end of tu
                                     ^
Expected one of: 
	* WORD
	* DASH
","Whenever you cast a noncreature spell, ~ gains indestructible until end of turn. (Damage and effects that say ""destroy"" do not destroy it.)"
12,Bygone Bishop,22.386225143000047,False,"No terminal matches '3' in the current parser context, at line 2 col 52

u cast a creature spell with mana value 3 or less, investigate. (Create a Clue t
                                        ^
Expected one of: 
	* WORD
	* DASH
","Flying
Whenever you cast a creature spell with mana value 3 or less, investigate. (Create a Clue token. it is an artifact with ""{2}, Sacrifice this artifact: Draw a card."".)"
13,Chaplain's Blessing,22.481405878999794,False,"No terminal matches '5' in the current parser context, at line 1 col 10

You gain 5 life.
         ^
Expected one of: 
	* WORD
	* DASH
",You gain 5 life.
14,Declaration in Stone,22.546616116000223,False,"No terminal matches '.' in the current parser context, at line 1 col 106

rols with the same name as that creature. That player investigates for each nont
                                        ^
Expected one of: 
	* WORD
	* DASH
",Exile target creature and all other creatures its controller controls with the same name as that creature. That player investigates for each nontoken creature exiled this way.
15,Drogskol Cavalry,22.10461294199922,False,"No terminal matches ',' in the current parser context, at line 2 col 43

enever another Spirit you control enters, you gain 2 life.
                                        ^
Expected one of: 
	* WORD
	* DASH
","Flying
Whenever another Spirit you control enters, you gain 2 life.
{3}{W}: Create a 1/1 white Spirit creature token with flying."
16,Ethereal Guidance,23.85825061700052,False,"No terminal matches '+' in the current parser context, at line 1 col 27

Creatures you control get +2/+1 until end of turn.
                          ^
Expected one of: 
	* WORD
	* DASH
",Creatures you control get +2/+1 until end of turn.
17,Emissary of the Sleepless,24.19992962700053,False,"No terminal matches '~' in the current parser context, at line 2 col 6

When ~ enters, if a creature died this turn, 
     ^
Expected one of: 
	* WORD
	* DASH
","Flying
When ~ enters, if a creature died this turn, create a 1/1 white Spirit creature token with flying."
18,Eerie Interlude,24.53801472899977,False,"No terminal matches '.' in the current parser context, at line 1 col 49

y number of target creatures you control. Return those cards to the battlefield 
                                        ^
Expected one of: 
	* WORD
	* DASH
",Exile any number of target creatures you control. Return those cards to the battlefield under their owner's control at the beginning of the next end step.
19,Gryff's Boon,24.193013595000593,False,"No terminal matches '+' in the current parser context, at line 2 col 25

Enchanted creature gets +1/+0 and has flying.
                        ^
Expected one of: 
	* WORD
	* DASH
","Enchant creature
Enchanted creature gets +1/+0 and has flying.
{3}{W}: Return ~ from your graveyard to the battlefield attached to target creature. Activate only as a sorcery."
20,Expose Evil,24.372947865000242,False,"No terminal matches '.' in the current parser context, at line 1 col 31

Tap up to two target creatures.
                              ^
Expected one of: 
	* WORD
	* DASH
","Tap up to two target creatures.
Investigate. (Create a Clue token. it is an artifact with ""{2}, Sacrifice this artifact: Draw a card."".)"
21,Hanweir Militia Captain,24.297420719,False,"No terminal matches ',' in the current parser context, at line 1 col 32

At the beginning of your upkeep, if you control four or more creatures,
                               ^
Expected one of: 
	* WORD
	* DASH
","At the beginning of your upkeep, if you control four or more creatures, transform ~."
22,Hope Against Hope,23.899634102001073,False,"No terminal matches '+' in the current parser context, at line 2 col 25

Enchanted creature gets +1/+1 for each creature you control.
                        ^
Expected one of: 
	* WORD
	* DASH
","Enchant creature
Enchanted creature gets +1/+1 for each creature you control.
As long as enchanted creature is a Human, it has first strike."
23,Humble the Brute,24.39191639300043,False,"No terminal matches '4' in the current parser context, at line 1 col 36

Destroy target creature with power 4 or greater.
                                   ^
Expected one of: 
	* WORD
	* DASH
","Destroy target creature with power 4 or greater.
Investigate. (Create a Clue token. it is an artifact with ""{2}, Sacrifice this artifact: Draw a card."".)"
24,Inspiring Captain,24.491861205999157,False,"No terminal matches '~' in the current parser context, at line 1 col 6

When ~ enters, creatures you control get +1/+
     ^
Expected one of: 
	* WORD
	* DASH
","When ~ enters, creatures you control get +1/+1 until end of turn."
25,Dauntless Cathar,79.41740933200163,False,"No terminal matches 'E' in the current parser context, at line 1 col 9

{1}{W}, Exile ~ from your graveyard: Create a 1/
        ^
Expected one of: 
	* GAIN
	* A
	* DISCARDED
	* IT
	* CAST
	* DREW
	* CYCLE
	* TRANSFORM
	* TAPSYMBOL
	* EQUAL
	* ADAPT
	* GET
	* SUBTYPEPLANESWALKER
	* INTO
	* CONTROLLED
	* ATTACHED
	* CARDINAL
	* CYCLED
	* THE
	* THOSE
	* DISCARD
	* __ANON_20
	* FIGHT
	* ATTACKED
	* LOOKED
	* SUSPECT
	* __ANON_14
	* ITSELF
	* COLORTERM
	* CONNIVE
	* ACTIVATE
	* __ANON_18
	* WHO
	* REGENERATE
	* SUBTYPECREATUREB
	* GAINED
	* SUBTYPEPLANAR
	* LESS
	* MONSTROSITY
	* SUPPORT
	* TAKE
	* TURN
	* SURVEIL
	* REMAIN
	* OTHER
	* ON
	* IN
	* GREATER
	* LOOK
	* REVEAL
	* UNDER
	* EXPLORES
	* UNTAPSYMBOL
	* PROLIFERATE
	* DRAW
	* THIS
	* DESTROY
	* DIE
	* PLAYERCHARACTERISTIC
	* REVEALED
	* TURNED
	* TAP
	* TAPPEDSTATUSMODIFIER
	* TIMES
	* __ANON_17
	* PLAYED
	* OBJECTCHARACTERISTIC
	* SCRY
	* ATTACH
	* THESE
	* ASSIGN
	* WIN
	* SHUFFLE
	* ONTO
	* NAMEREFSYMBOL
	* EXCHANGE
	* NON
	* PREVENT
	* THEIR
	* SWITCH
	* INVESTIGATE
	* THAT
	* CONTROL
	* WITH
	* ORDINAL
	* AN
	* LSQB
	* DAMAGETYPE
	* UNATTACHED
	* BOLSTER
	* COUNTER
	* DETAIN
	* EFFECTSTATUSMODIFIER
	* SUBTYPESPELL
	* SUPERTYPE
	* __ANON_15
	* MANIFEST
	* ABANDON
	* ADDITIONAL
	* ABILITYMODIFIER
	* CHOSE
	* FORAGE
	* STAR
	* TARGET
	* SEARCH
	* __ANON_19
	* SUBTYPELAND
	* LBRACE
	* ATTACK
	* BLOCK
	* EXERT
	* PLAYERTERM
	* SAME
	* HERSELF
	* KEYWORDSTATUSMODIFIER
	* MELD
	* CLASH
	* SHUFFLED
	* GOAD
	* MORE
	* __ANON_21
	* UP
	* SUBTYPEARTIFACT
	* SUBTYPEENCHANTMENT
	* SUBTYPECREATUREA
	* INCUBATE
	* PUT
	* FROM
	* REMOVE
	* CHOOSE
	* LEARN
	* ANY
	* QUALIFIER
	* AMASS
	* ZONE
	* EXILE
	* ADD
	* DOUBLE
	* YOUR
	* SACRIFICED
	* FATESEAL
	* CONVERT
	* COMBATSTATUSMODIFIER
	* THEM
	* DEAL
	* RETURN
	* SKIP
	* HIMSELF
	* WITHOUT
	* UNTAP
	* POPULATE
	* SEARCHED
	* LOSE
	* ABLE
	* FLIP
	* SACRIFICE
	* LEVEL
	* DISCOVER
	* ONLY
	* EACH
	* UNATTACH
	* X
	* ITS
	* TYPE
	* MILL
	* CLOAK
	* SPEND
	* ALL
	* FREQUENCY
	* NUMBER
	* BLOCKED
	* NO
	* PAY
	* CREATE
	* PLAY
","{1}{W}, Exile ~ from your graveyard: Create a 1/1 white Spirit creature token with flying. Activate only as a sorcery."
26,Nahiri's Machinations,24.541151047000312,False,"No terminal matches ',' in the current parser context, at line 1 col 40

At the beginning of combat on your turn, target creature you control gains inde
                                       ^
Expected one of: 
	* WORD
	* DASH
","At the beginning of combat on your turn, target creature you control gains indestructible until end of turn.
{1}{R}: ~ deals 1 damage to target blocking creature."
27,Not Forgotten,24.349399040000208,False,"No terminal matches ''' in the current parser context, at line 1 col 82

choice of the top or bottom of its owner's library. Create a 1/1 white Spirit cr
                                        ^
Expected one of: 
	* WORD
	* DASH
",Put target card from a graveyard on your choice of the top or bottom of its owner's library. Create a 1/1 white Spirit creature token with flying.
28,Nearheath Chaplain,24.885512086000745,False,"No terminal matches '{' in the current parser context, at line 2 col 1

{2}{W}, Exile ~ from your graveyard: Cre
^
Expected one of: 
	* WORD
	* DASH
","Lifelink
{2}{W}, Exile ~ from your graveyard: Create two 1/1 white Spirit creature tokens with flying. Activate only as a sorcery."
29,"Odric, Lunarch Marshal",24.42922813199948,False,"No terminal matches ',' in the current parser context, at line 1 col 32

At the beginning of each combat, creatures you control gain first strik
                               ^
Expected one of: 
	* WORD
	* DASH
","At the beginning of each combat, creatures you control gain first strike until end of turn if a creature you control has first strike. The same is true for flying, deathtouch, double strike, haste, hexproof, indestructible, lifelink, menace, reach, skulk, trample, and vigilance."
30,Militant Inquisitor,68.4706493169997,False,"No terminal matches '.' in the current parser context, at line 1 col 44

ets +1/+0 for each Equipment you control.
                                        ^
Expected one of: 
	* WORD
	* DASH
",~ gets +1/+0 for each Equipment you control.
31,Open the Armory,22.553842624000026,False,"No terminal matches ',' in the current parser context, at line 1 col 50

ur library for an Aura or Equipment card, reveal it, put it into your hand, then
                                        ^
Expected one of: 
	* WORD
	* DASH
","Search your library for an Aura or Equipment card, reveal it, put it into your hand, then shuffle."
32,Pious Evangel,22.78434634000041,False,"No terminal matches '~' in the current parser context, at line 1 col 10

Whenever ~ or another creature you control enters
         ^
Expected one of: 
	* WORD
	* DASH
","Whenever ~ or another creature you control enters, you gain 1 life.
{2}, {T}, Sacrifice another permanent: Transform ~."
33,Wayward Disciple,22.213585557001352,False,"No terminal matches '~' in the current parser context, at line 1 col 10

Whenever ~ or another creature you control dies, 
         ^
Expected one of: 
	* WORD
	* DASH
","Whenever ~ or another creature you control dies, target opponent loses 1 life and you gain 1 life."
34,Puncturing Light,24.134889994000332,False,"No terminal matches '3' in the current parser context, at line 1 col 58

tacking or blocking creature with power 3 or less.
                                        ^
Expected one of: 
	* WORD
	* DASH
",Destroy target attacking or blocking creature with power 3 or less.
35,Silverstrike,24.750430189000326,False,"No terminal matches '.' in the current parser context, at line 1 col 34

Destroy target attacking creature. You gain 3 life.
                                 ^
Expected one of: 
	* WORD
	* DASH
",Destroy target attacking creature. You gain 3 life.
36,Spectral Shepherd,23.818246400000135,False,"No terminal matches '{' in the current parser context, at line 2 col 1

{1}{U}: Return target Spirit you control
^
Expected one of: 
	* WORD
	* DASH
","Flying
{1}{U}: Return target Spirit you control to its owner's hand."
37,Reaper of Flight Moonsilver,46.14523772099892,False,"No terminal matches 'S' in the current parser context, at line 2 col 12

Delirium — Sacrifice another creature: ~ gets +2/+1
           ^
Expected one of: 
	* GAIN
	* A
	* DISCARDED
	* IT
	* BEEN
	* CAST
	* DREW
	* CYCLE
	* TRANSFORM
	* TAPSYMBOL
	* EQUAL
	* ADAPT
	* GET
	* SUBTYPEPLANESWALKER
	* THEN
	* INTO
	* CONTROLLED
	* ATTACHED
	* FOR
	* CARDINAL
	* CYCLED
	* THE
	* THOSE
	* DISCARD
	* __ANON_20
	* FIGHT
	* ATTACKED
	* LOOKED
	* SUSPECT
	* HAD
	* __ANON_14
	* ITSELF
	* COLORTERM
	* CONNIVE
	* ACTIVATE
	* __ANON_18
	* WHO
	* WHENEVER
	* REGENERATE
	* SUBTYPECREATUREB
	* GAINED
	* SUBTYPEPLANAR
	* LESS
	* MONSTROSITY
	* SUPPORT
	* TAKE
	* AFTER
	* TURN
	* SURVEIL
	* REMAIN
	* OTHER
	* ON
	* IN
	* GREATER
	* LOOK
	* REVEAL
	* IF
	* UNDER
	* UNTAPSYMBOL
	* EXPLORES
	* PROLIFERATE
	* DRAW
	* THIS
	* MAY
	* DESTROY
	* DIE
	* PLAYERCHARACTERISTIC
	* REVEALED
	* TURNED
	* TAP
	* TAPPEDSTATUSMODIFIER
	* TIMES
	* __ANON_17
	* PLAYED
	* OBJECTCHARACTERISTIC
	* SCRY
	* DASH
	* ATTACH
	* THESE
	* ASSIGN
	* WIN
	* SHUFFLE
	* ONTO
	* NAMEREFSYMBOL
	* UNTIL
	* EXCHANGE
	* OTHERWISE
	* NON
	* PREVENT
	* THEIR
	* SWITCH
	* WHEN
	* INVESTIGATE
	* THAT
	* IS
	* CONTROL
	* WITH
	* ORDINAL
	* AN
	* LSQB
	* DAMAGETYPE
	* UNATTACHED
	* AT
	* AS
	* DOES
	* BOLSTER
	* COUNTER
	* DO
	* DETAIN
	* EFFECTSTATUSMODIFIER
	* BECOME
	* SUBTYPESPELL
	* SUPERTYPE
	* __ANON_15
	* HAS
	* MANIFEST
	* ABANDON
	* ADDITIONAL
	* ABILITYMODIFIER
	* CHOSE
	* FORAGE
	* STAR
	* TARGET
	* SEARCH
	* __ANON_19
	* LBRACE
	* SUBTYPELAND
	* ATTACK
	* BLOCK
	* EXERT
	* PLAYERTERM
	* PLAY
	* HERSELF
	* SAME
	* KEYWORDSTATUSMODIFIER
	* MELD
	* CLASH
	* SHUFFLED
	* GOAD
	* MORE
	* __ANON_21
	* UP
	* SUBTYPEARTIFACT
	* SUBTYPEENCHANTMENT
	* SUBTYPECREATUREA
	* INCUBATE
	* PUT
	* FROM
	* CHOOSE
	* REMOVE
	* LEARN
	* ANY
	* QUALIFIER
	* AMASS
	* ZONE
	* EXILE
	* ADD
	* BE
	* DOUBLE
	* WHILE
	* SACRIFICED
	* FATESEAL
	* CONVERT
	* YOUR
	* THEM
	* COMBATSTATUSMODIFIER
	* DEAL
	* RETURN
	* SKIP
	* HIMSELF
	* WITHOUT
	* UNTAP
	* POPULATE
	* CAN
	* SEARCHED
	* LOSE
	* ABLE
	* FLIP
	* SACRIFICE
	* LEVEL
	* DISCOVER
	* ONLY
	* EACH
	* UNATTACH
	* X
	* ITS
	* TYPE
	* MILL
	* CLOAK
	* SPEND
	* ALL
	* FREQUENCY
	* NUMBER
	* BLOCKED
	* NO
	* PAY
	* CREATE
	* WOULD
	* HAVE
","Flying
Delirium — Sacrifice another creature: ~ gets +2/+1 until end of turn. Activate only if there are four or more card types among cards in your graveyard."
38,Strength of Arms,24.478971611000816,False,"No terminal matches '+' in the current parser context, at line 1 col 22

Target creature gets +2/+2 until end of turn. If you control 
                     ^
Expected one of: 
	* WORD
	* DASH
","Target creature gets +2/+2 until end of turn. If you control an Equipment, create a 1/1 white Human Soldier creature token."
39,Survive the Night,23.943177516001015,False,"No terminal matches '+' in the current parser context, at line 1 col 22

Target creature gets +1/+0 and gains indestructible until end
                     ^
Expected one of: 
	* WORD
	* DASH
","Target creature gets +1/+0 and gains indestructible until end of turn. (Damage and effects that say ""destroy"" do not destroy it.)
Investigate. (Create a Clue token. it is an artifact with ""{2}, Sacrifice this artifact: Draw a card."".)"
40,Stern Constable,41.80694159900122,False,"No terminal matches 'D' in the current parser context, at line 1 col 6

{T}, Discard a card: Tap target creature.
     ^
Expected one of: 
	* GAIN
	* A
	* DISCARDED
	* IT
	* CAST
	* DREW
	* CYCLE
	* TRANSFORM
	* TAPSYMBOL
	* EQUAL
	* ADAPT
	* GET
	* SUBTYPEPLANESWALKER
	* INTO
	* CONTROLLED
	* ATTACHED
	* CARDINAL
	* CYCLED
	* THE
	* THOSE
	* DISCARD
	* __ANON_20
	* FIGHT
	* ATTACKED
	* LOOKED
	* SUSPECT
	* __ANON_14
	* ITSELF
	* COLORTERM
	* CONNIVE
	* ACTIVATE
	* __ANON_18
	* WHO
	* REGENERATE
	* SUBTYPECREATUREB
	* GAINED
	* SUBTYPEPLANAR
	* LESS
	* MONSTROSITY
	* SUPPORT
	* TAKE
	* TURN
	* SURVEIL
	* REMAIN
	* OTHER
	* ON
	* IN
	* GREATER
	* LOOK
	* REVEAL
	* UNDER
	* EXPLORES
	* UNTAPSYMBOL
	* PROLIFERATE
	* DRAW
	* THIS
	* DESTROY
	* DIE
	* PLAYERCHARACTERISTIC
	* REVEALED
	* TURNED
	* TAP
	* TAPPEDSTATUSMODIFIER
	* TIMES
	* __ANON_17
	* PLAYED
	* OBJECTCHARACTERISTIC
	* SCRY
	* ATTACH
	* THESE
	* ASSIGN
	* WIN
	* SHUFFLE
	* ONTO
	* NAMEREFSYMBOL
	* EXCHANGE
	* NON
	* PREVENT
	* THEIR
	* SWITCH
	* INVESTIGATE
	* THAT
	* CONTROL
	* WITH
	* ORDINAL
	* AN
	* LSQB
	* DAMAGETYPE
	* UNATTACHED
	* BOLSTER
	* COUNTER
	* DETAIN
	* EFFECTSTATUSMODIFIER
	* SUBTYPESPELL
	* SUPERTYPE
	* __ANON_15
	* MANIFEST
	* ABANDON
	* ADDITIONAL
	* ABILITYMODIFIER
	* CHOSE
	* FORAGE
	* STAR
	* TARGET
	* SEARCH
	* __ANON_19
	* SUBTYPELAND
	* LBRACE
	* ATTACK
	* BLOCK
	* EXERT
	* PLAYERTERM
	* SAME
	* HERSELF
	* KEYWORDSTATUSMODIFIER
	* MELD
	* CLASH
	* SHUFFLED
	* GOAD
	* MORE
	* __ANON_21
	* UP
	* SUBTYPEARTIFACT
	* SUBTYPEENCHANTMENT
	* SUBTYPECREATUREA
	* INCUBATE
	* PUT
	* FROM
	* REMOVE
	* CHOOSE
	* LEARN
	* ANY
	* QUALIFIER
	* AMASS
	* ZONE
	* EXILE
	* ADD
	* DOUBLE
	* YOUR
	* SACRIFICED
	* FATESEAL
	* CONVERT
	* COMBATSTATUSMODIFIER
	* THEM
	* DEAL
	* RETURN
	* SKIP
	* HIMSELF
	* WITHOUT
	* UNTAP
	* POPULATE
	* SEARCHED
	* LOSE
	* ABLE
	* FLIP
	* SACRIFICE
	* LEVEL
	* DISCOVER
	* ONLY
	* EACH
	* UNATTACH
	* X
	* ITS
	* TYPE
	* MILL
	* CLOAK
	* SPEND
	* ALL
	* FREQUENCY
	* NUMBER
	* BLOCKED
	* NO
	* PAY
	* CREATE
	* PLAY
","{T}, Discard a card: Tap target creature."
41,Tenacity,24.597153835999052,False,"No terminal matches '+' in the current parser context, at line 1 col 27

Creatures you control get +1/+1 and gain lifelink until end of tur
                          ^
Expected one of: 
	* WORD
	* DASH
",Creatures you control get +1/+1 and gain lifelink until end of turn. Untap those creatures. (Damage dealt by those creatures also causes you to gain that much life.)
42,Thalia's Lieutenant,23.71790954199969,False,"No terminal matches '~' in the current parser context, at line 1 col 6

When ~ enters, put a +1/+1 counter on each ot
     ^
Expected one of: 
	* WORD
	* DASH
","When ~ enters, put a +1/+1 counter on each other Human you control.
Whenever another Human you control enters, put a +1/+1 counter on ~."
43,Thraben Inspector,24.56366478000018,False,"No terminal matches '~' in the current parser context, at line 1 col 6

When ~ enters, investigate. (Create a Clue to
     ^
Expected one of: 
	* WORD
	* DASH
","When ~ enters, investigate. (Create a Clue token. it is an artifact with ""{2}, Sacrifice this artifact: Draw a card."".)"
44,Topplegeist,24.01275194899972,False,"No terminal matches '~' in the current parser context, at line 2 col 6

When ~ enters, tap target creature an opponen
     ^
Expected one of: 
	* WORD
	* DASH
","Flying
When ~ enters, tap target creature an opponent controls.
Delirium — At the beginning of each opponent's upkeep, if there are four or more card types among cards in your graveyard, tap target creature that player controls."
45,Unruly Mob,22.018346888999076,False,"No terminal matches ',' in the current parser context, at line 1 col 43

enever another creature you control dies, put a +1/+1 counter on ~.
                                        ^
Expected one of: 
	* WORD
	* DASH
","Whenever another creature you control dies, put a +1/+1 counter on ~."
46,Moorland Drifter,177.11440561400013,False,"No terminal matches '.' in the current parser context, at line 1 col 99

card types among cards in your graveyard.
                                        ^
Expected one of: 
	* WORD
	* DASH
",Delirium — ~ has flying as long as there are four or more card types among cards in your graveyard.
47,Town Gossipmonger,41.79965146299946,False,"No terminal matches 'T' in the current parser context, at line 1 col 6

{T}, Tap an untapped creature you control: Tr
     ^
Expected one of: 
	* GAIN
	* A
	* DISCARDED
	* IT
	* CAST
	* DREW
	* CYCLE
	* TRANSFORM
	* TAPSYMBOL
	* EQUAL
	* ADAPT
	* GET
	* SUBTYPEPLANESWALKER
	* INTO
	* CONTROLLED
	* ATTACHED
	* CARDINAL
	* CYCLED
	* THE
	* THOSE
	* DISCARD
	* __ANON_20
	* FIGHT
	* ATTACKED
	* LOOKED
	* SUSPECT
	* __ANON_14
	* ITSELF
	* COLORTERM
	* CONNIVE
	* ACTIVATE
	* __ANON_18
	* WHO
	* REGENERATE
	* SUBTYPECREATUREB
	* GAINED
	* SUBTYPEPLANAR
	* LESS
	* MONSTROSITY
	* SUPPORT
	* TAKE
	* TURN
	* SURVEIL
	* REMAIN
	* OTHER
	* ON
	* IN
	* GREATER
	* LOOK
	* REVEAL
	* UNDER
	* EXPLORES
	* UNTAPSYMBOL
	* PROLIFERATE
	* DRAW
	* THIS
	* DESTROY
	* DIE
	* PLAYERCHARACTERISTIC
	* REVEALED
	* TURNED
	* TAP
	* TAPPEDSTATUSMODIFIER
	* TIMES
	* __ANON_17
	* PLAYED
	* OBJECTCHARACTERISTIC
	* SCRY
	* ATTACH
	* THESE
	* ASSIGN
	* WIN
	* SHUFFLE
	* ONTO
	* NAMEREFSYMBOL
	* EXCHANGE
	* NON
	* PREVENT
	* THEIR
	* SWITCH
	* INVESTIGATE
	* THAT
	* CONTROL
	* WITH
	* ORDINAL
	* AN
	* LSQB
	* DAMAGETYPE
	* UNATTACHED
	* BOLSTER
	* COUNTER
	* DETAIN
	* EFFECTSTATUSMODIFIER
	* SUBTYPESPELL
	* SUPERTYPE
	* __ANON_15
	* MANIFEST
	* ABANDON
	* ADDITIONAL
	* ABILITYMODIFIER
	* CHOSE
	* FORAGE
	* STAR
	* TARGET
	* SEARCH
	* __ANON_19
	* SUBTYPELAND
	* LBRACE
	* ATTACK
	* BLOCK
	* EXERT
	* PLAYERTERM
	* SAME
	* HERSELF
	* KEYWORDSTATUSMODIFIER
	* MELD
	* CLASH
	* SHUFFLED
	* GOAD
	* MORE
	* __ANON_21
	* UP
	* SUBTYPEARTIFACT
	* SUBTYPEENCHANTMENT
	* SUBTYPECREATUREA
	* INCUBATE
	* PUT
	* FROM
	* REMOVE
	* CHOOSE
	* LEARN
	* ANY
	* QUALIFIER
	* AMASS
	* ZONE
	* EXILE
	* ADD
	* DOUBLE
	* YOUR
	* SACRIFICED
	* FATESEAL
	* CONVERT
	* COMBATSTATUSMODIFIER
	* THEM
	* DEAL
	* RETURN
	* SKIP
	* HIMSELF
	* WITHOUT
	* UNTAP
	* POPULATE
	* SEARCHED
	* LOSE
	* ABLE
	* FLIP
	* SACRIFICE
	* LEVEL
	* DISCOVER
	* ONLY
	* EACH
	* UNATTACH
	* X
	* ITS
	* TYPE
	* MILL
	* CLOAK
	* SPEND
	* ALL
	* FREQUENCY
	* NUMBER
	* BLOCKED
	* NO
	* PAY
	* CREATE
	* PLAY
","{T}, Tap an untapped creature you control: Transform ~."
48,Aberrant Researcher,24.171315338999193,False,"No terminal matches ',' in the current parser context, at line 2 col 32

At the beginning of your upkeep, mill a card. If an instant or sorcery 
                               ^
Expected one of: 
	* WORD
	* DASH
","Flying
At the beginning of your upkeep, mill a card. If an instant or sorcery card was milled this way, transform ~."
49,Perfected Form,22.394333288999405,False,"Unexpected end-of-input. Expected one of: 
	* DASH
	* WORD
",Flying
50,Broken Concentration,24.387480801000493,False,"No terminal matches '.' in the current parser context, at line 1 col 21

Counter target spell.
                    ^
Expected one of: 
	* WORD
	* DASH
","Counter target spell.
Madness {3}{U} (If you discard this card, discard it into exile. When you do, cast it for its madness cost or put it into your graveyard.)"
51,Compelling Deterrence,21.901129244000913,False,"No terminal matches ''' in the current parser context, at line 1 col 45

rn target nonland permanent to its owner's hand. Then that player discards a car
                                        ^
Expected one of: 
	* WORD
	* DASH
",Return target nonland permanent to its owner's hand. Then that player discards a card if you control a Zombie.
52,Catalog,24.67149012599839,False,"No terminal matches ',' in the current parser context, at line 1 col 15

Draw two cards, then discard a card.
              ^
Expected one of: 
	* WORD
	* DASH
","Draw two cards, then discard a card."
53,Confirm Suspicions,24.644683427999553,False,"No terminal matches '.' in the current parser context, at line 1 col 21

Counter target spell.
                    ^
Expected one of: 
	* WORD
	* DASH
","Counter target spell.
Investigate three times. (To investigate, create a Clue token. it is an artifact with ""{2}, Sacrifice this artifact: Draw a card."".)"
54,Vessel of Ephemera,79.87349945999995,False,"No terminal matches 'S' in the current parser context, at line 1 col 9

{2}{W}, Sacrifice ~: Create two 1/1 white Spirit
        ^
Expected one of: 
	* GAIN
	* A
	* DISCARDED
	* IT
	* CAST
	* DREW
	* CYCLE
	* TRANSFORM
	* TAPSYMBOL
	* EQUAL
	* ADAPT
	* GET
	* SUBTYPEPLANESWALKER
	* INTO
	* CONTROLLED
	* ATTACHED
	* CARDINAL
	* CYCLED
	* THE
	* THOSE
	* DISCARD
	* __ANON_20
	* FIGHT
	* ATTACKED
	* LOOKED
	* SUSPECT
	* __ANON_14
	* ITSELF
	* COLORTERM
	* CONNIVE
	* ACTIVATE
	* __ANON_18
	* WHO
	* REGENERATE
	* SUBTYPECREATUREB
	* GAINED
	* SUBTYPEPLANAR
	* LESS
	* MONSTROSITY
	* SUPPORT
	* TAKE
	* TURN
	* SURVEIL
	* REMAIN
	* OTHER
	* ON
	* IN
	* GREATER
	* LOOK
	* REVEAL
	* UNDER
	* EXPLORES
	* UNTAPSYMBOL
	* PROLIFERATE
	* DRAW
	* THIS
	* DESTROY
	* DIE
	* PLAYERCHARACTERISTIC
	* REVEALED
	* TURNED
	* TAP
	* TAPPEDSTATUSMODIFIER
	* TIMES
	* __ANON_17
	* PLAYED
	* OBJECTCHARACTERISTIC
	* SCRY
	* ATTACH
	* THESE
	* ASSIGN
	* WIN
	* SHUFFLE
	* ONTO
	* NAMEREFSYMBOL
	* EXCHANGE
	* NON
	* PREVENT
	* THEIR
	* SWITCH
	* INVESTIGATE
	* THAT
	* CONTROL
	* WITH
	* ORDINAL
	* AN
	* LSQB
	* DAMAGETYPE
	* UNATTACHED
	* BOLSTER
	* COUNTER
	* DETAIN
	* EFFECTSTATUSMODIFIER
	* SUBTYPESPELL
	* SUPERTYPE
	* __ANON_15
	* MANIFEST
	* ABANDON
	* ADDITIONAL
	* ABILITYMODIFIER
	* CHOSE
	* FORAGE
	* STAR
	* TARGET
	* SEARCH
	* __ANON_19
	* SUBTYPELAND
	* LBRACE
	* ATTACK
	* BLOCK
	* EXERT
	* PLAYERTERM
	* SAME
	* HERSELF
	* KEYWORDSTATUSMODIFIER
	* MELD
	* CLASH
	* SHUFFLED
	* GOAD
	* MORE
	* __ANON_21
	* UP
	* SUBTYPEARTIFACT
	* SUBTYPEENCHANTMENT
	* SUBTYPECREATUREA
	* INCUBATE
	* PUT
	* FROM
	* REMOVE
	* CHOOSE
	* LEARN
	* ANY
	* QUALIFIER
	* AMASS
	* ZONE
	* EXILE
	* ADD
	* DOUBLE
	* YOUR
	* SACRIFICED
	* FATESEAL
	* CONVERT
	* COMBATSTATUSMODIFIER
	* THEM
	* DEAL
	* RETURN
	* SKIP
	* HIMSELF
	* WITHOUT
	* UNTAP
	* POPULATE
	* SEARCHED
	* LOSE
	* ABLE
	* FLIP
	* SACRIFICE
	* LEVEL
	* DISCOVER
	* ONLY
	* EACH
	* UNATTACH
	* X
	* ITS
	* TYPE
	* MILL
	* CLOAK
	* SPEND
	* ALL
	* FREQUENCY
	* NUMBER
	* BLOCKED
	* NO
	* PAY
	* CREATE
	* PLAY
","{2}{W}, Sacrifice ~: Create two 1/1 white Spirit creature tokens with flying."
55,Daring Sleuth,24.122524965001503,False,"No terminal matches ',' in the current parser context, at line 1 col 26

When you sacrifice a Clue, transform ~.
                         ^
Expected one of: 
	* WORD
	* DASH
","When you sacrifice a Clue, transform ~."
56,Bearer of Overwhelming Truths,24.708971303998624,False,"No terminal matches '(' in the current parser context, at line 1 col 9

Prowess (Whenever you cast a noncreature spell, 
        ^
Expected one of: 
	* WORD
	* DASH
","Prowess (Whenever you cast a noncreature spell, this creature gets +1/+1 until end of turn.)
Whenever ~ deals combat damage to a player, investigate. (Create a Clue token. it is an artifact with ""{2}, Sacrifice this artifact: Draw a card."".)"
57,Deny Existence,24.46838513699913,False,"No terminal matches '.' in the current parser context, at line 1 col 30

Counter target creature spell. If that spell is countered this way, e
                             ^
Expected one of: 
	* WORD
	* DASH
","Counter target creature spell. If that spell is countered this way, exile it instead of putting it into its owner's graveyard."
58,Inquisitor's Ox,260.5063775130002,False,"No terminal matches '.' in the current parser context, at line 1 col 117

card types among cards in your graveyard.
                                        ^
Expected one of: 
	* WORD
	* DASH
",Delirium — ~ gets +1/+0 and has vigilance as long as there are four or more card types among cards in your graveyard.
59,Drownyard Explorers,25.159155407998696,False,"No terminal matches '~' in the current parser context, at line 1 col 6

When ~ enters, investigate. (Create a Clue to
     ^
Expected one of: 
	* WORD
	* DASH
","When ~ enters, investigate. (Create a Clue token. it is an artifact with ""{2}, Sacrifice this artifact: Draw a card."".)"
60,Engulf the Shore,22.703722792000917,False,"No terminal matches ''' in the current parser context, at line 1 col 23

Return to their owners' hands all creatures with toughness les
                      ^
Expected one of: 
	* WORD
	* DASH
",Return to their owners' hands all creatures with toughness less than or equal to the number of Islands you control.
61,Drunau Corpse Trawler,24.54657199599933,False,"No terminal matches '~' in the current parser context, at line 1 col 6

When ~ enters, create a 2/2 black Zombie crea
     ^
Expected one of: 
	* WORD
	* DASH
","When ~ enters, create a 2/2 black Zombie creature token.
{2}{B}: Target Zombie gains deathtouch until end of turn."
62,Epiphany at the Drownyard,22.711530030001086,False,"No terminal matches '.' in the current parser context, at line 1 col 81

library and separate them into two piles. An opponent chooses one of those piles
                                        ^
Expected one of: 
	* WORD
	* DASH
",Reveal the top X plus one cards of your library and separate them into two piles. An opponent chooses one of those piles. Put that pile into your hand and the other into your graveyard.
63,Erdwal Illuminator,24.640583867001624,False,"No terminal matches ',' in the current parser context, at line 2 col 54

investigate for the first time each turn, investigate an additional time.
                                        ^
Expected one of: 
	* WORD
	* DASH
","Flying
Whenever you investigate for the first time each turn, investigate an additional time."
64,Essence Flux,24.53080383499946,False,"No terminal matches ',' in the current parser context, at line 1 col 34

Exile target creature you control, then return that card to the battlefie
                                 ^
Expected one of: 
	* WORD
	* DASH
","Exile target creature you control, then return that card to the battlefield under its owner's control. If it is a Spirit, put a +1/+1 counter on it."
65,Fleeting Memories,24.381709735000186,False,"No terminal matches '~' in the current parser context, at line 1 col 6

When ~ enters, investigate. (Create a Clue to
     ^
Expected one of: 
	* WORD
	* DASH
","When ~ enters, investigate. (Create a Clue token. it is an artifact with ""{2}, Sacrifice this artifact: Draw a card."".)
Whenever you sacrifice a Clue, target player mills three cards."
66,Forgotten Creation,24.814578645000438,False,"No terminal matches '(' in the current parser context, at line 1 col 7

Skulk (This creature can not be blocked by cre
      ^
Expected one of: 
	* WORD
	* DASH
","Skulk (This creature can not be blocked by creatures with greater power.)
At the beginning of your upkeep, you may discard all the cards in your hand. If you do, draw that many cards."
67,Furtive Homunculus,24.90777754699957,False,"No terminal matches '(' in the current parser context, at line 1 col 7

Skulk (This creature can not be blocked by cre
      ^
Expected one of: 
	* WORD
	* DASH
",Skulk (This creature can not be blocked by creatures with greater power.)
68,Geralf's Masterpiece,24.815752914000768,False,"No terminal matches '~' in the current parser context, at line 2 col 1

~ gets -1/-1 for each card in your hand.
^
Expected one of: 
	* WORD
	* DASH
","Flying
~ gets -1/-1 for each card in your hand.
{3}{U}, Discard three cards: Return ~ from your graveyard to the battlefield tapped."
69,Ghostly Wings,23.035745897001107,False,"No terminal matches '+' in the current parser context, at line 2 col 25

Enchanted creature gets +1/+1 and has flying.
                        ^
Expected one of: 
	* WORD
	* DASH
","Enchant creature
Enchanted creature gets +1/+1 and has flying.
Discard a card: Return enchanted creature to its owner's hand."
70,Invasive Surgery,22.262511827000708,False,"No terminal matches '.' in the current parser context, at line 1 col 29

Counter target sorcery spell.
                            ^
Expected one of: 
	* WORD
	* DASH
","Counter target sorcery spell.
Delirium — If there are four or more card types among cards in your graveyard, search the graveyard, hand, and library of that spell's controller for any number of cards with the same name as that spell, exile those cards, then that player shuffles."
71,Gone Missing,24.69412681599897,False,"No terminal matches ''' in the current parser context, at line 1 col 41

Put target permanent on top of its owner's library.
                                        ^
Expected one of: 
	* WORD
	* DASH
","Put target permanent on top of its owner's library.
Investigate. (Create a Clue token. it is an artifact with ""{2}, Sacrifice this artifact: Draw a card."".)"
72,Jace's Scrutiny,22.62545721999959,False,"No terminal matches '-' in the current parser context, at line 1 col 22

Target creature gets -4/-0 until end of turn.
                     ^
Expected one of: 
	* WORD
	* DASH
","Target creature gets -4/-0 until end of turn.
Investigate. (Create a Clue token. it is an artifact with ""{2}, Sacrifice this artifact: Draw a card."".)"
73,Paranoid Parish-Blade,283.9914932289994,False,"No terminal matches '.' in the current parser context, at line 1 col 120

card types among cards in your graveyard.
                                        ^
Expected one of: 
	* WORD
	* DASH
",Delirium — ~ gets +1/+0 and has first strike as long as there are four or more card types among cards in your graveyard.
74,Just the Wind,24.672586815000614,False,"No terminal matches ''' in the current parser context, at line 1 col 36

Return target creature to its owner's hand.
                                   ^
Expected one of: 
	* WORD
	* DASH
","Return target creature to its owner's hand.
Madness {U} (If you discard this card, discard it into exile. When you do, cast it for its madness cost or put it into your graveyard.)"
75,Lamplighter of Selhoff,24.976951265000025,False,"No terminal matches '~' in the current parser context, at line 1 col 6

When ~ enters, if you control another Zombie,
     ^
Expected one of: 
	* WORD
	* DASH
","When ~ enters, if you control another Zombie, you may draw a card. If you do, discard a card."
76,Manic Scribe,24.783461680999608,False,"No terminal matches '~' in the current parser context, at line 1 col 6

When ~ enters, each opponent mills three card
     ^
Expected one of: 
	* WORD
	* DASH
","When ~ enters, each opponent mills three cards.
Delirium — At the beginning of each opponent's upkeep, if there are four or more card types among cards in your graveyard, that player mills three cards."
77,"Jace, Unraveler of Secrets",47.10412756899859,False,"No terminal matches 'S' in the current parser context, at line 1 col 7

[+1]: Scry 1, then draw a card.
      ^
Expected one of: 
	* GAIN
	* A
	* DISCARDED
	* IT
	* BEEN
	* CAST
	* DREW
	* CYCLE
	* TRANSFORM
	* TAPSYMBOL
	* EQUAL
	* ADAPT
	* GET
	* SUBTYPEPLANESWALKER
	* THEN
	* INTO
	* CONTROLLED
	* ATTACHED
	* FOR
	* CARDINAL
	* CYCLED
	* THE
	* THOSE
	* DISCARD
	* __ANON_20
	* FIGHT
	* ATTACKED
	* LOOKED
	* SUSPECT
	* HAD
	* __ANON_14
	* ITSELF
	* COLORTERM
	* CONNIVE
	* ACTIVATE
	* __ANON_18
	* WHO
	* WHENEVER
	* REGENERATE
	* SUBTYPECREATUREB
	* GAINED
	* SUBTYPEPLANAR
	* LESS
	* MONSTROSITY
	* SUPPORT
	* TAKE
	* AFTER
	* TURN
	* SURVEIL
	* REMAIN
	* OTHER
	* ON
	* IN
	* GREATER
	* LOOK
	* REVEAL
	* IF
	* UNDER
	* UNTAPSYMBOL
	* EXPLORES
	* PROLIFERATE
	* DRAW
	* THIS
	* MAY
	* DESTROY
	* DIE
	* PLAYERCHARACTERISTIC
	* REVEALED
	* TURNED
	* TAP
	* TAPPEDSTATUSMODIFIER
	* TIMES
	* __ANON_17
	* PLAYED
	* OBJECTCHARACTERISTIC
	* SCRY
	* DASH
	* ATTACH
	* THESE
	* ASSIGN
	* WIN
	* SHUFFLE
	* ONTO
	* NAMEREFSYMBOL
	* UNTIL
	* EXCHANGE
	* OTHERWISE
	* NON
	* PREVENT
	* THEIR
	* SWITCH
	* WHEN
	* INVESTIGATE
	* THAT
	* IS
	* CONTROL
	* WITH
	* ORDINAL
	* AN
	* LSQB
	* DAMAGETYPE
	* UNATTACHED
	* AT
	* AS
	* DOES
	* BOLSTER
	* COUNTER
	* DO
	* DETAIN
	* EFFECTSTATUSMODIFIER
	* BECOME
	* SUBTYPESPELL
	* SUPERTYPE
	* __ANON_15
	* HAS
	* MANIFEST
	* ABANDON
	* ADDITIONAL
	* ABILITYMODIFIER
	* CHOSE
	* FORAGE
	* STAR
	* TARGET
	* SEARCH
	* __ANON_19
	* LBRACE
	* SUBTYPELAND
	* ATTACK
	* BLOCK
	* EXERT
	* PLAYERTERM
	* PLAY
	* HERSELF
	* SAME
	* KEYWORDSTATUSMODIFIER
	* MELD
	* CLASH
	* SHUFFLED
	* GOAD
	* MORE
	* __ANON_21
	* UP
	* SUBTYPEARTIFACT
	* SUBTYPEENCHANTMENT
	* SUBTYPECREATUREA
	* INCUBATE
	* PUT
	* FROM
	* CHOOSE
	* REMOVE
	* LEARN
	* ANY
	* QUALIFIER
	* AMASS
	* ZONE
	* EXILE
	* ADD
	* BE
	* DOUBLE
	* WHILE
	* SACRIFICED
	* FATESEAL
	* CONVERT
	* YOUR
	* THEM
	* COMBATSTATUSMODIFIER
	* DEAL
	* RETURN
	* SKIP
	* HIMSELF
	* WITHOUT
	* UNTAP
	* POPULATE
	* CAN
	* SEARCHED
	* LOSE
	* ABLE
	* FLIP
	* SACRIFICE
	* LEVEL
	* DISCOVER
	* ONLY
	* EACH
	* UNATTACH
	* X
	* ITS
	* TYPE
	* MILL
	* CLOAK
	* SPEND
	* ALL
	* FREQUENCY
	* NUMBER
	* BLOCKED
	* NO
	* PAY
	* CREATE
	* WOULD
	* HAVE
","[+1]: Scry 1, then draw a card.
[−2]: Return target creature to its owner's hand.
[−8]: You get an emblem with ""Whenever an opponent casts their first spell each turn, counter that spell.""."
78,Nagging Thoughts,24.598216166001293,False,"No terminal matches '.' in the current parser context, at line 1 col 42

ook at the top two cards of your library. Put one of them into your hand and the
                                        ^
Expected one of: 
	* WORD
	* DASH
","Look at the top two cards of your library. Put one of them into your hand and the other into your graveyard.
Madness {1}{U} (If you discard this card, discard it into exile. When you do, cast it for its madness cost or put it into your graveyard.)"
79,Nephalia Moondrakes,24.6852660200002,False,"No terminal matches '~' in the current parser context, at line 2 col 6

When ~ enters, target creature gains flying u
     ^
Expected one of: 
	* WORD
	* DASH
","Flying
When ~ enters, target creature gains flying until end of turn.
{4}{U}{U}, Exile ~ from your graveyard: Creatures you control gain flying until end of turn."
80,Niblis of Dusk,24.51258898100059,False,"No terminal matches '(' in the current parser context, at line 2 col 9

Prowess (Whenever you cast a noncreature spell, 
        ^
Expected one of: 
	* WORD
	* DASH
","Flying
Prowess (Whenever you cast a noncreature spell, this creature gets +1/+1 until end of turn.)"
81,Pieces of the Puzzle,22.95868647899988,False,"No terminal matches '.' in the current parser context, at line 1 col 42

eveal the top five cards of your library. Put up to two instant and/or sorcery c
                                        ^
Expected one of: 
	* WORD
	* DASH
",Reveal the top five cards of your library. Put up to two instant and/or sorcery cards from among them into your hand and the rest into your graveyard.
82,Ongoing Investigation,24.750445439000032,False,"No terminal matches ',' in the current parser context, at line 1 col 74

u control deal combat damage to a player, investigate. (Create a Clue token. it 
                                        ^
Expected one of: 
	* WORD
	* DASH
","Whenever one or more creatures you control deal combat damage to a player, investigate. (Create a Clue token. it is an artifact with ""{2}, Sacrifice this artifact: Draw a card."".)
{1}{G}, Exile a creature card from your graveyard: Investigate. You gain 2 life."
83,Seagraf Skaab,4.088000423507765e-06,False,'text',
84,Pore Over the Pages,25.21093590700002,False,"No terminal matches ',' in the current parser context, at line 1 col 17

Draw three cards, untap up to two lands, then discard a 
                ^
Expected one of: 
	* WORD
	* DASH
","Draw three cards, untap up to two lands, then discard a card."
85,Rattlechains,25.101212445000783,False,"No terminal matches '~' in the current parser context, at line 3 col 6

When ~ enters, target Spirit gains hexproof u
     ^
Expected one of: 
	* WORD
	* DASH
","Flash
Flying
When ~ enters, target Spirit gains hexproof until end of turn.
You may cast Spirit spells as though they had flash."
86,Press for Answers,25.56555921600011,False,"No terminal matches '.' in the current parser context, at line 1 col 20

Tap target creature. It does not untap during its controlle
                   ^
Expected one of: 
	* WORD
	* DASH
","Tap target creature. It does not untap during its controller's next untap step.
Investigate. (Create a Clue token. it is an artifact with ""{2}, Sacrifice this artifact: Draw a card."".)"
87,Rise from the Tides,23.228549166999073,False,"No terminal matches '2' in the current parser context, at line 1 col 17

Create a tapped 2/2 black Zombie creature token for each
                ^
Expected one of: 
	* WORD
	* DASH
",Create a tapped 2/2 black Zombie creature token for each instant and sorcery card in your graveyard.
88,Westvale Cult Leader,401.3399092010004,False,"No terminal matches ',' in the current parser context, at line 2 col 34

At the beginning of your end step, create a 1/1 white and black Human Cle
                                 ^
Expected one of: 
	* WORD
	* DASH
","~'s power and toughness are each equal to the number of creatures you control.
At the beginning of your end step, create a 1/1 white and black Human Cleric creature token."
89,Silent Observer,22.900122615001237,False,"Unexpected end-of-input. Expected one of: 
	* DASH
	* WORD
",Flying
90,Sleep Paralysis,22.966762813999594,False,"No terminal matches '~' in the current parser context, at line 2 col 6

When ~ enters, tap enchanted creature.
     ^
Expected one of: 
	* WORD
	* DASH
","Enchant creature
When ~ enters, tap enchanted creature.
Enchanted creature does not untap during its controller's untap step."
91,Startled Awake,23.241998744999364,False,"No terminal matches '.' in the current parser context, at line 1 col 37

Target opponent mills thirteen cards.
                                    ^
Expected one of: 
	* WORD
	* DASH
","Target opponent mills thirteen cards.
{3}{U}{U}: Put ~ from your graveyard onto the battlefield transformed. Activate only as a sorcery."
92,Reckless Scholar,48.3056596360002,False,"No terminal matches 'T' in the current parser context, at line 1 col 6

{T}: Target player draws a card, then discard
     ^
Expected one of: 
	* GAIN
	* A
	* DISCARDED
	* IT
	* BEEN
	* CAST
	* DREW
	* CYCLE
	* TRANSFORM
	* TAPSYMBOL
	* EQUAL
	* ADAPT
	* GET
	* SUBTYPEPLANESWALKER
	* THEN
	* INTO
	* CONTROLLED
	* ATTACHED
	* FOR
	* CARDINAL
	* CYCLED
	* THE
	* THOSE
	* DISCARD
	* __ANON_20
	* FIGHT
	* ATTACKED
	* LOOKED
	* SUSPECT
	* HAD
	* __ANON_14
	* ITSELF
	* COLORTERM
	* CONNIVE
	* ACTIVATE
	* __ANON_18
	* WHO
	* WHENEVER
	* REGENERATE
	* SUBTYPECREATUREB
	* GAINED
	* SUBTYPEPLANAR
	* LESS
	* MONSTROSITY
	* SUPPORT
	* TAKE
	* AFTER
	* TURN
	* SURVEIL
	* REMAIN
	* OTHER
	* ON
	* IN
	* GREATER
	* LOOK
	* REVEAL
	* IF
	* UNDER
	* UNTAPSYMBOL
	* EXPLORES
	* PROLIFERATE
	* DRAW
	* THIS
	* MAY
	* DESTROY
	* DIE
	* PLAYERCHARACTERISTIC
	* REVEALED
	* TURNED
	* TAP
	* TAPPEDSTATUSMODIFIER
	* TIMES
	* __ANON_17
	* PLAYED
	* OBJECTCHARACTERISTIC
	* SCRY
	* DASH
	* ATTACH
	* THESE
	* ASSIGN
	* WIN
	* SHUFFLE
	* ONTO
	* NAMEREFSYMBOL
	* UNTIL
	* EXCHANGE
	* OTHERWISE
	* NON
	* PREVENT
	* THEIR
	* SWITCH
	* WHEN
	* INVESTIGATE
	* THAT
	* IS
	* CONTROL
	* WITH
	* ORDINAL
	* AN
	* LSQB
	* DAMAGETYPE
	* UNATTACHED
	* AT
	* AS
	* DOES
	* BOLSTER
	* COUNTER
	* DO
	* DETAIN
	* EFFECTSTATUSMODIFIER
	* BECOME
	* SUBTYPESPELL
	* SUPERTYPE
	* __ANON_15
	* HAS
	* MANIFEST
	* ABANDON
	* ADDITIONAL
	* ABILITYMODIFIER
	* CHOSE
	* FORAGE
	* STAR
	* TARGET
	* SEARCH
	* __ANON_19
	* LBRACE
	* SUBTYPELAND
	* ATTACK
	* BLOCK
	* EXERT
	* PLAYERTERM
	* PLAY
	* HERSELF
	* SAME
	* KEYWORDSTATUSMODIFIER
	* MELD
	* CLASH
	* SHUFFLED
	* GOAD
	* MORE
	* __ANON_21
	* UP
	* SUBTYPEARTIFACT
	* SUBTYPEENCHANTMENT
	* SUBTYPECREATUREA
	* INCUBATE
	* PUT
	* FROM
	* CHOOSE
	* REMOVE
	* LEARN
	* ANY
	* QUALIFIER
	* AMASS
	* ZONE
	* EXILE
	* ADD
	* BE
	* DOUBLE
	* WHILE
	* SACRIFICED
	* FATESEAL
	* CONVERT
	* YOUR
	* THEM
	* COMBATSTATUSMODIFIER
	* DEAL
	* RETURN
	* SKIP
	* HIMSELF
	* WITHOUT
	* UNTAP
	* POPULATE
	* CAN
	* SEARCHED
	* LOSE
	* ABLE
	* FLIP
	* SACRIFICE
	* LEVEL
	* DISCOVER
	* ONLY
	* EACH
	* UNATTACH
	* X
	* ITS
	* TYPE
	* MILL
	* CLOAK
	* SPEND
	* ALL
	* FREQUENCY
	* NUMBER
	* BLOCKED
	* NO
	* PAY
	* CREATE
	* WOULD
	* HAVE
","{T}: Target player draws a card, then discards a card."
93,Persistent Nightmare,25.103058130000136,False,"No terminal matches '(' in the current parser context, at line 1 col 7

Skulk (This creature can not be blocked by cre
      ^
Expected one of: 
	* WORD
	* DASH
","Skulk (This creature can not be blocked by creatures with greater power.)
When ~ deals combat damage to a player, return it to its owner's hand."
94,Stitchwing Skaab,25.25781933200051,False,"No terminal matches '{' in the current parser context, at line 2 col 1

{1}{U}, Discard two cards: Return ~ from
^
Expected one of: 
	* WORD
	* DASH
","Flying
{1}{U}, Discard two cards: Return ~ from your graveyard to the battlefield tapped."
95,Stormrider Spirit,25.279410293000183,False,"Unexpected end-of-input. Expected one of: 
	* DASH
	* WORD
","Flash
Flying"
96,Thing in the Ice,25.404101309999533,False,"No terminal matches '~' in the current parser context, at line 2 col 1

~ enters with four ice counters on it.
^
Expected one of: 
	* WORD
	* DASH
","Defender
~ enters with four ice counters on it.
Whenever you cast an instant or sorcery spell, remove an ice counter from ~. Then if it has no ice counters on it, transform it."
97,Awoken Horror,23.17558697200002,False,"No terminal matches '~' in the current parser context, at line 1 col 36

When this creature transforms into ~, return all non-Horror creatures to th
                                   ^
Expected one of: 
	* WORD
	* DASH
","When this creature transforms into ~, return all non-Horror creatures to their owners' hands."
98,Trail of Evidence,25.15147330199943,False,"No terminal matches ',' in the current parser context, at line 1 col 46

ver you cast an instant or sorcery spell, investigate. (Create a Clue token. it 
                                        ^
Expected one of: 
	* WORD
	* DASH
","Whenever you cast an instant or sorcery spell, investigate. (Create a Clue token. it is an artifact with ""{2}, Sacrifice this artifact: Draw a card."".)"
99,Uninvited Geist,25.55740544100081,False,"No terminal matches '(' in the current parser context, at line 1 col 7

Skulk (This creature can not be blocked by cre
      ^
Expected one of: 
	* WORD
	* DASH
","Skulk (This creature can not be blocked by creatures with greater power.)
When ~ deals combat damage to a player, transform it."
100,Welcome to the Fold,25.48253538499921,False,"No terminal matches '{' in the current parser context, at line 1 col 9

Madness {X}{U}{U} (If you discard this card, dis
        ^
Expected one of: 
	* WORD
	* DASH
","Madness {X}{U}{U} (If you discard this card, discard it into exile. When you do, cast it for its madness cost or put it into your graveyard.)
Gain control of target creature if its toughness is 2 or less. If this spell's madness cost was paid, instead gain control of that creature if its toughness is X or less."
101,Accursed Witch,22.878576365999834,False,"No terminal matches '~' in the current parser context, at line 1 col 40

Spells your opponents cast that target ~ cost {1} less to cast.
                                       ^
Expected one of: 
	* WORD
	* DASH
","Spells your opponents cast that target ~ cost {1} less to cast.
When ~ dies, return it to the battlefield transformed under your control attached to target opponent."
102,Infectious Curse,25.33722560299975,False,"No terminal matches '{' in the current parser context, at line 2 col 51

 cast that target enchanted player cost {1} less to cast.
                                        ^
Expected one of: 
	* WORD
	* DASH
","Enchant player
Spells you cast that target enchanted player cost {1} less to cast.
At the beginning of enchanted player's upkeep, that player loses 1 life and you gain 1 life."
103,Alms of the Vein,25.28991893500097,False,"No terminal matches '3' in the current parser context, at line 1 col 23

Target opponent loses 3 life and you gain 3 life.
                      ^
Expected one of: 
	* WORD
	* DASH
","Target opponent loses 3 life and you gain 3 life.
Madness {B} (If you discard this card, discard it into exile. When you do, cast it for its madness cost or put it into your graveyard.)"
104,Asylum Visitor,25.288053087999288,False,"No terminal matches ''' in the current parser context, at line 1 col 32

At the beginning of each player's upkeep, if that player has no cards i
                               ^
Expected one of: 
	* WORD
	* DASH
","At the beginning of each player's upkeep, if that player has no cards in hand, you draw a card and you lose 1 life.
Madness {1}{B} (If you discard this card, discard it into exile. When you do, cast it for its madness cost or put it into your graveyard.)"
105,Vessel of Paramnesia,64.5569188999998,False,"No terminal matches 'S' in the current parser context, at line 1 col 6

{U}, Sacrifice ~: Target player mills three c
     ^
Expected one of: 
	* GAIN
	* A
	* DISCARDED
	* IT
	* CAST
	* DREW
	* CYCLE
	* TRANSFORM
	* TAPSYMBOL
	* EQUAL
	* ADAPT
	* GET
	* SUBTYPEPLANESWALKER
	* INTO
	* CONTROLLED
	* ATTACHED
	* CARDINAL
	* CYCLED
	* THE
	* THOSE
	* DISCARD
	* __ANON_20
	* FIGHT
	* ATTACKED
	* LOOKED
	* SUSPECT
	* __ANON_14
	* ITSELF
	* COLORTERM
	* CONNIVE
	* ACTIVATE
	* __ANON_18
	* WHO
	* REGENERATE
	* SUBTYPECREATUREB
	* GAINED
	* SUBTYPEPLANAR
	* LESS
	* MONSTROSITY
	* SUPPORT
	* TAKE
	* TURN
	* SURVEIL
	* REMAIN
	* OTHER
	* ON
	* IN
	* GREATER
	* LOOK
	* REVEAL
	* UNDER
	* EXPLORES
	* UNTAPSYMBOL
	* PROLIFERATE
	* DRAW
	* THIS
	* DESTROY
	* DIE
	* PLAYERCHARACTERISTIC
	* REVEALED
	* TURNED
	* TAP
	* TAPPEDSTATUSMODIFIER
	* TIMES
	* __ANON_17
	* PLAYED
	* OBJECTCHARACTERISTIC
	* SCRY
	* ATTACH
	* THESE
	* ASSIGN
	* WIN
	* SHUFFLE
	* ONTO
	* NAMEREFSYMBOL
	* EXCHANGE
	* NON
	* PREVENT
	* THEIR
	* SWITCH
	* INVESTIGATE
	* THAT
	* CONTROL
	* WITH
	* ORDINAL
	* AN
	* LSQB
	* DAMAGETYPE
	* UNATTACHED
	* BOLSTER
	* COUNTER
	* DETAIN
	* EFFECTSTATUSMODIFIER
	* SUBTYPESPELL
	* SUPERTYPE
	* __ANON_15
	* MANIFEST
	* ABANDON
	* ADDITIONAL
	* ABILITYMODIFIER
	* CHOSE
	* FORAGE
	* STAR
	* TARGET
	* SEARCH
	* __ANON_19
	* SUBTYPELAND
	* LBRACE
	* ATTACK
	* BLOCK
	* EXERT
	* PLAYERTERM
	* SAME
	* HERSELF
	* KEYWORDSTATUSMODIFIER
	* MELD
	* CLASH
	* SHUFFLED
	* GOAD
	* MORE
	* __ANON_21
	* UP
	* SUBTYPEARTIFACT
	* SUBTYPEENCHANTMENT
	* SUBTYPECREATUREA
	* INCUBATE
	* PUT
	* FROM
	* REMOVE
	* CHOOSE
	* LEARN
	* ANY
	* QUALIFIER
	* AMASS
	* ZONE
	* EXILE
	* ADD
	* DOUBLE
	* YOUR
	* SACRIFICED
	* FATESEAL
	* CONVERT
	* COMBATSTATUSMODIFIER
	* THEM
	* DEAL
	* RETURN
	* SKIP
	* HIMSELF
	* WITHOUT
	* UNTAP
	* POPULATE
	* SEARCHED
	* LOSE
	* ABLE
	* FLIP
	* SACRIFICE
	* LEVEL
	* DISCOVER
	* ONLY
	* EACH
	* UNATTACH
	* X
	* ITS
	* TYPE
	* MILL
	* CLOAK
	* SPEND
	* ALL
	* FREQUENCY
	* NUMBER
	* BLOCKED
	* NO
	* PAY
	* CREATE
	* PLAY
","{U}, Sacrifice ~: Target player mills three cards. Draw a card."
106,Behind the Scenes,23.59311032000005,False,"No terminal matches '.' in the current parser context, at line 1 col 33

Creatures you control have skulk. (They can not be blocked by creatures 
                                ^
Expected one of: 
	* WORD
	* DASH
","Creatures you control have skulk. (They can not be blocked by creatures with greater power.)
{4}{W}: Creatures you control get +1/+1 until end of turn."
107,Behold the Beyond,22.990581256999576,False,"No terminal matches '.' in the current parser context, at line 1 col 18

Discard your hand. Search your library for three cards, p
                 ^
Expected one of: 
	* WORD
	* DASH
","Discard your hand. Search your library for three cards, put them into your hand, then shuffle."
108,Biting Rain,25.300685013000475,False,"No terminal matches '-' in the current parser context, at line 1 col 19

All creatures get -2/-2 until end of turn.
                  ^
Expected one of: 
	* WORD
	* DASH
","All creatures get -2/-2 until end of turn.
Madness {2}{B} (If you discard this card, discard it into exile. When you do, cast it for its madness cost or put it into your graveyard.)"
109,Creeping Dread,25.552678193000247,False,"No terminal matches ',' in the current parser context, at line 1 col 32

At the beginning of your upkeep, each player discards a card. Each oppo
                               ^
Expected one of: 
	* WORD
	* DASH
","At the beginning of your upkeep, each player discards a card. Each opponent who discarded a card that shares a card type with the card you discarded loses 3 life. (Players reveal the discarded cards simultaneously.)"
110,Crow of Dark Tidings,25.640999870000087,False,"No terminal matches '~' in the current parser context, at line 2 col 6

When ~ enters or dies, mill two cards. (Put t
     ^
Expected one of: 
	* WORD
	* DASH
","Flying
When ~ enters or dies, mill two cards. (Put the top two cards of your library into your graveyard.)"
111,Incited Rabble,390.7173582760006,True,,"~ attacks each combat if able.
{2}: ~ gets +1/+0 until end of turn."
112,Dead Weight,25.530698891998327,False,"No terminal matches '-' in the current parser context, at line 2 col 25

Enchanted creature gets -2/-2.
                        ^
Expected one of: 
	* WORD
	* DASH
","Enchant creature
Enchanted creature gets -2/-2."
113,Unimpeded Trespasser,121.36646964900137,True,,~ can not be blocked.
114,Call the Bloodline,64.28737246499986,False,"No terminal matches 'D' in the current parser context, at line 1 col 6

{1}, Discard a card: Create a 1/1 black Vampi
     ^
Expected one of: 
	* GAIN
	* A
	* DISCARDED
	* IT
	* CAST
	* DREW
	* CYCLE
	* TRANSFORM
	* TAPSYMBOL
	* EQUAL
	* ADAPT
	* GET
	* SUBTYPEPLANESWALKER
	* INTO
	* CONTROLLED
	* ATTACHED
	* CARDINAL
	* CYCLED
	* THE
	* THOSE
	* DISCARD
	* __ANON_20
	* FIGHT
	* ATTACKED
	* LOOKED
	* SUSPECT
	* __ANON_14
	* ITSELF
	* COLORTERM
	* CONNIVE
	* ACTIVATE
	* __ANON_18
	* WHO
	* REGENERATE
	* SUBTYPECREATUREB
	* GAINED
	* SUBTYPEPLANAR
	* LESS
	* MONSTROSITY
	* SUPPORT
	* TAKE
	* TURN
	* SURVEIL
	* REMAIN
	* OTHER
	* ON
	* IN
	* GREATER
	* LOOK
	* REVEAL
	* UNDER
	* EXPLORES
	* UNTAPSYMBOL
	* PROLIFERATE
	* DRAW
	* THIS
	* DESTROY
	* DIE
	* PLAYERCHARACTERISTIC
	* REVEALED
	* TURNED
	* TAP
	* TAPPEDSTATUSMODIFIER
	* TIMES
	* __ANON_17
	* PLAYED
	* OBJECTCHARACTERISTIC
	* SCRY
	* ATTACH
	* THESE
	* ASSIGN
	* WIN
	* SHUFFLE
	* ONTO
	* NAMEREFSYMBOL
	* EXCHANGE
	* NON
	* PREVENT
	* THEIR
	* SWITCH
	* INVESTIGATE
	* THAT
	* CONTROL
	* WITH
	* ORDINAL
	* AN
	* LSQB
	* DAMAGETYPE
	* UNATTACHED
	* BOLSTER
	* COUNTER
	* DETAIN
	* EFFECTSTATUSMODIFIER
	* SUBTYPESPELL
	* SUPERTYPE
	* __ANON_15
	* MANIFEST
	* ABANDON
	* ADDITIONAL
	* ABILITYMODIFIER
	* CHOSE
	* FORAGE
	* STAR
	* TARGET
	* SEARCH
	* __ANON_19
	* SUBTYPELAND
	* LBRACE
	* ATTACK
	* BLOCK
	* EXERT
	* PLAYERTERM
	* SAME
	* HERSELF
	* KEYWORDSTATUSMODIFIER
	* MELD
	* CLASH
	* SHUFFLED
	* GOAD
	* MORE
	* __ANON_21
	* UP
	* SUBTYPEARTIFACT
	* SUBTYPEENCHANTMENT
	* SUBTYPECREATUREA
	* INCUBATE
	* PUT
	* FROM
	* REMOVE
	* CHOOSE
	* LEARN
	* ANY
	* QUALIFIER
	* AMASS
	* ZONE
	* EXILE
	* ADD
	* DOUBLE
	* YOUR
	* SACRIFICED
	* FATESEAL
	* CONVERT
	* COMBATSTATUSMODIFIER
	* THEM
	* DEAL
	* RETURN
	* SKIP
	* HIMSELF
	* WITHOUT
	* UNTAP
	* POPULATE
	* SEARCHED
	* LOSE
	* ABLE
	* FLIP
	* SACRIFICE
	* LEVEL
	* DISCOVER
	* ONLY
	* EACH
	* UNATTACH
	* X
	* ITS
	* TYPE
	* MILL
	* CLOAK
	* SPEND
	* ALL
	* FREQUENCY
	* NUMBER
	* BLOCKED
	* NO
	* PAY
	* CREATE
	* PLAY
","{1}, Discard a card: Create a 1/1 black Vampire Knight creature token with lifelink. Activate only once each turn."
115,Insidious Mist,25.176296587998877,False,"No terminal matches ',' in the current parser context, at line 1 col 9

Hexproof, indestructible
        ^
Expected one of: 
	* WORD
	* DASH
","Hexproof, indestructible
~ can not block and can not be blocked.
Whenever ~ attacks and is not blocked, you may pay {2}{B}. If you do, transform it."
116,Ever After,23.82239527099955,False,"No terminal matches '.' in the current parser context, at line 1 col 78

s from your graveyard to the battlefield. Each of those creatures is a black Zom
                                        ^
Expected one of: 
	* WORD
	* DASH
",Return up to two target creature cards from your graveyard to the battlefield. Each of those creatures is a black Zombie in addition to its other colors and types. Put ~ on the bottom of its owner's library.
117,Stitched Mangler,177.8521429600005,False,"No terminal matches '~' in the current parser context, at line 2 col 6

When ~ enters, tap target creature an opponen
     ^
Expected one of: 
	* WORD
	* DASH
","~ enters tapped.
When ~ enters, tap target creature an opponent controls. That creature does not untap during its controller's next untap step."
118,Farbog Revenant,25.161050407999937,False,"No terminal matches '(' in the current parser context, at line 1 col 7

Skulk (This creature can not be blocked by cre
      ^
Expected one of: 
	* WORD
	* DASH
","Skulk (This creature can not be blocked by creatures with greater power.)
Lifelink (Damage dealt by this creature also causes you to gain that much life.)"
119,From Under the Floorboards,25.08624430799864,False,"No terminal matches '{' in the current parser context, at line 1 col 9

Madness {X}{B}{B} (If you discard this card, dis
        ^
Expected one of: 
	* WORD
	* DASH
","Madness {X}{B}{B} (If you discard this card, discard it into exile. When you do, cast it for its madness cost or put it into your graveyard.)
Create three tapped 2/2 black Zombie creature tokens and you gain 3 life. If this spell's madness cost was paid, instead create X of those tokens and you gain X life."
120,Elusive Tormentor,64.74076108199915,False,"No terminal matches 'D' in the current parser context, at line 1 col 6

{1}, Discard a card: Transform ~.
     ^
Expected one of: 
	* GAIN
	* A
	* DISCARDED
	* IT
	* CAST
	* DREW
	* CYCLE
	* TRANSFORM
	* TAPSYMBOL
	* EQUAL
	* ADAPT
	* GET
	* SUBTYPEPLANESWALKER
	* INTO
	* CONTROLLED
	* ATTACHED
	* CARDINAL
	* CYCLED
	* THE
	* THOSE
	* DISCARD
	* __ANON_20
	* FIGHT
	* ATTACKED
	* LOOKED
	* SUSPECT
	* __ANON_14
	* ITSELF
	* COLORTERM
	* CONNIVE
	* ACTIVATE
	* __ANON_18
	* WHO
	* REGENERATE
	* SUBTYPECREATUREB
	* GAINED
	* SUBTYPEPLANAR
	* LESS
	* MONSTROSITY
	* SUPPORT
	* TAKE
	* TURN
	* SURVEIL
	* REMAIN
	* OTHER
	* ON
	* IN
	* GREATER
	* LOOK
	* REVEAL
	* UNDER
	* EXPLORES
	* UNTAPSYMBOL
	* PROLIFERATE
	* DRAW
	* THIS
	* DESTROY
	* DIE
	* PLAYERCHARACTERISTIC
	* REVEALED
	* TURNED
	* TAP
	* TAPPEDSTATUSMODIFIER
	* TIMES
	* __ANON_17
	* PLAYED
	* OBJECTCHARACTERISTIC
	* SCRY
	* ATTACH
	* THESE
	* ASSIGN
	* WIN
	* SHUFFLE
	* ONTO
	* NAMEREFSYMBOL
	* EXCHANGE
	* NON
	* PREVENT
	* THEIR
	* SWITCH
	* INVESTIGATE
	* THAT
	* CONTROL
	* WITH
	* ORDINAL
	* AN
	* LSQB
	* DAMAGETYPE
	* UNATTACHED
	* BOLSTER
	* COUNTER
	* DETAIN
	* EFFECTSTATUSMODIFIER
	* SUBTYPESPELL
	* SUPERTYPE
	* __ANON_15
	* MANIFEST
	* ABANDON
	* ADDITIONAL
	* ABILITYMODIFIER
	* CHOSE
	* FORAGE
	* STAR
	* TARGET
	* SEARCH
	* __ANON_19
	* SUBTYPELAND
	* LBRACE
	* ATTACK
	* BLOCK
	* EXERT
	* PLAYERTERM
	* SAME
	* HERSELF
	* KEYWORDSTATUSMODIFIER
	* MELD
	* CLASH
	* SHUFFLED
	* GOAD
	* MORE
	* __ANON_21
	* UP
	* SUBTYPEARTIFACT
	* SUBTYPEENCHANTMENT
	* SUBTYPECREATUREA
	* INCUBATE
	* PUT
	* FROM
	* REMOVE
	* CHOOSE
	* LEARN
	* ANY
	* QUALIFIER
	* AMASS
	* ZONE
	* EXILE
	* ADD
	* DOUBLE
	* YOUR
	* SACRIFICED
	* FATESEAL
	* CONVERT
	* COMBATSTATUSMODIFIER
	* THEM
	* DEAL
	* RETURN
	* SKIP
	* HIMSELF
	* WITHOUT
	* UNTAP
	* POPULATE
	* SEARCHED
	* LOSE
	* ABLE
	* FLIP
	* SACRIFICE
	* LEVEL
	* DISCOVER
	* ONLY
	* EACH
	* UNATTACH
	* X
	* ITS
	* TYPE
	* MILL
	* CLOAK
	* SPEND
	* ALL
	* FREQUENCY
	* NUMBER
	* BLOCKED
	* NO
	* PAY
	* CREATE
	* PLAY
","{1}, Discard a card: Transform ~."
121,Grotesque Mutation,24.567144124999686,False,"No terminal matches '+' in the current parser context, at line 1 col 22

Target creature gets +3/+1 and gains lifelink until end of tu
                     ^
Expected one of: 
	* WORD
	* DASH
",Target creature gets +3/+1 and gains lifelink until end of turn. (Damage dealt by the creature also causes its controller to gain that much life.)
122,Gisa's Bidding,25.41074086899971,False,"No terminal matches '2' in the current parser context, at line 1 col 12

Create two 2/2 black Zombie creature tokens.
           ^
Expected one of: 
	* WORD
	* DASH
","Create two 2/2 black Zombie creature tokens.
Madness {2}{B} (If you discard this card, discard it into exile. When you do, cast it for its madness cost or put it into your graveyard.)"
123,Heir of Falkenrath,23.28097571700164,False,"No terminal matches ':' in the current parser context, at line 1 col 15

Discard a card: Transform ~. Activate only once each t
              ^
Expected one of: 
	* WORD
	* DASH
",Discard a card: Transform ~. Activate only once each turn.
124,Heir to the Night,25.314651787000912,False,"Unexpected end-of-input. Expected one of: 
	* DASH
	* WORD
",Flying
125,Indulgent Aristocrat,25.25097324699891,False,"No terminal matches '{' in the current parser context, at line 2 col 1

{2}, Sacrifice a creature: Put a +1/+1 c
^
Expected one of: 
	* WORD
	* DASH
","Lifelink
{2}, Sacrifice a creature: Put a +1/+1 counter on each Vampire you control."
126,Demon-Possessed Witch,23.527381191999666,False,"No terminal matches '~' in the current parser context, at line 1 col 36

When this creature transforms into ~, you may destroy target creature.
                                   ^
Expected one of: 
	* WORD
	* DASH
","When this creature transforms into ~, you may destroy target creature."
127,Ghoulcaller's Accomplice,84.49853599100061,False,"No terminal matches 'E' in the current parser context, at line 1 col 9

{3}{B}, Exile ~ from your graveyard: Create a 2/
        ^
Expected one of: 
	* GAIN
	* A
	* DISCARDED
	* IT
	* CAST
	* DREW
	* CYCLE
	* TRANSFORM
	* TAPSYMBOL
	* EQUAL
	* ADAPT
	* GET
	* SUBTYPEPLANESWALKER
	* INTO
	* CONTROLLED
	* ATTACHED
	* CARDINAL
	* CYCLED
	* THE
	* THOSE
	* DISCARD
	* __ANON_20
	* FIGHT
	* ATTACKED
	* LOOKED
	* SUSPECT
	* __ANON_14
	* ITSELF
	* COLORTERM
	* CONNIVE
	* ACTIVATE
	* __ANON_18
	* WHO
	* REGENERATE
	* SUBTYPECREATUREB
	* GAINED
	* SUBTYPEPLANAR
	* LESS
	* MONSTROSITY
	* SUPPORT
	* TAKE
	* TURN
	* SURVEIL
	* REMAIN
	* OTHER
	* ON
	* IN
	* GREATER
	* LOOK
	* REVEAL
	* UNDER
	* EXPLORES
	* UNTAPSYMBOL
	* PROLIFERATE
	* DRAW
	* THIS
	* DESTROY
	* DIE
	* PLAYERCHARACTERISTIC
	* REVEALED
	* TURNED
	* TAP
	* TAPPEDSTATUSMODIFIER
	* TIMES
	* __ANON_17
	* PLAYED
	* OBJECTCHARACTERISTIC
	* SCRY
	* ATTACH
	* THESE
	* ASSIGN
	* WIN
	* SHUFFLE
	* ONTO
	* NAMEREFSYMBOL
	* EXCHANGE
	* NON
	* PREVENT
	* THEIR
	* SWITCH
	* INVESTIGATE
	* THAT
	* CONTROL
	* WITH
	* ORDINAL
	* AN
	* LSQB
	* DAMAGETYPE
	* UNATTACHED
	* BOLSTER
	* COUNTER
	* DETAIN
	* EFFECTSTATUSMODIFIER
	* SUBTYPESPELL
	* SUPERTYPE
	* __ANON_15
	* MANIFEST
	* ABANDON
	* ADDITIONAL
	* ABILITYMODIFIER
	* CHOSE
	* FORAGE
	* STAR
	* TARGET
	* SEARCH
	* __ANON_19
	* SUBTYPELAND
	* LBRACE
	* ATTACK
	* BLOCK
	* EXERT
	* PLAYERTERM
	* SAME
	* HERSELF
	* KEYWORDSTATUSMODIFIER
	* MELD
	* CLASH
	* SHUFFLED
	* GOAD
	* MORE
	* __ANON_21
	* UP
	* SUBTYPEARTIFACT
	* SUBTYPEENCHANTMENT
	* SUBTYPECREATUREA
	* INCUBATE
	* PUT
	* FROM
	* REMOVE
	* CHOOSE
	* LEARN
	* ANY
	* QUALIFIER
	* AMASS
	* ZONE
	* EXILE
	* ADD
	* DOUBLE
	* YOUR
	* SACRIFICED
	* FATESEAL
	* CONVERT
	* COMBATSTATUSMODIFIER
	* THEM
	* DEAL
	* RETURN
	* SKIP
	* HIMSELF
	* WITHOUT
	* UNTAP
	* POPULATE
	* SEARCHED
	* LOSE
	* ABLE
	* FLIP
	* SACRIFICE
	* LEVEL
	* DISCOVER
	* ONLY
	* EACH
	* UNATTACH
	* X
	* ITS
	* TYPE
	* MILL
	* CLOAK
	* SPEND
	* ALL
	* FREQUENCY
	* NUMBER
	* BLOCKED
	* NO
	* PAY
	* CREATE
	* PLAY
","{3}{B}, Exile ~ from your graveyard: Create a 2/2 black Zombie creature token. Activate only as a sorcery."
128,Ghoulsteed,84.60560023000107,False,"No terminal matches 'D' in the current parser context, at line 1 col 9

{2}{B}, Discard two cards: Return ~ from your gr
        ^
Expected one of: 
	* GAIN
	* A
	* DISCARDED
	* IT
	* CAST
	* DREW
	* CYCLE
	* TRANSFORM
	* TAPSYMBOL
	* EQUAL
	* ADAPT
	* GET
	* SUBTYPEPLANESWALKER
	* INTO
	* CONTROLLED
	* ATTACHED
	* CARDINAL
	* CYCLED
	* THE
	* THOSE
	* DISCARD
	* __ANON_20
	* FIGHT
	* ATTACKED
	* LOOKED
	* SUSPECT
	* __ANON_14
	* ITSELF
	* COLORTERM
	* CONNIVE
	* ACTIVATE
	* __ANON_18
	* WHO
	* REGENERATE
	* SUBTYPECREATUREB
	* GAINED
	* SUBTYPEPLANAR
	* LESS
	* MONSTROSITY
	* SUPPORT
	* TAKE
	* TURN
	* SURVEIL
	* REMAIN
	* OTHER
	* ON
	* IN
	* GREATER
	* LOOK
	* REVEAL
	* UNDER
	* EXPLORES
	* UNTAPSYMBOL
	* PROLIFERATE
	* DRAW
	* THIS
	* DESTROY
	* DIE
	* PLAYERCHARACTERISTIC
	* REVEALED
	* TURNED
	* TAP
	* TAPPEDSTATUSMODIFIER
	* TIMES
	* __ANON_17
	* PLAYED
	* OBJECTCHARACTERISTIC
	* SCRY
	* ATTACH
	* THESE
	* ASSIGN
	* WIN
	* SHUFFLE
	* ONTO
	* NAMEREFSYMBOL
	* EXCHANGE
	* NON
	* PREVENT
	* THEIR
	* SWITCH
	* INVESTIGATE
	* THAT
	* CONTROL
	* WITH
	* ORDINAL
	* AN
	* LSQB
	* DAMAGETYPE
	* UNATTACHED
	* BOLSTER
	* COUNTER
	* DETAIN
	* EFFECTSTATUSMODIFIER
	* SUBTYPESPELL
	* SUPERTYPE
	* __ANON_15
	* MANIFEST
	* ABANDON
	* ADDITIONAL
	* ABILITYMODIFIER
	* CHOSE
	* FORAGE
	* STAR
	* TARGET
	* SEARCH
	* __ANON_19
	* SUBTYPELAND
	* LBRACE
	* ATTACK
	* BLOCK
	* EXERT
	* PLAYERTERM
	* SAME
	* HERSELF
	* KEYWORDSTATUSMODIFIER
	* MELD
	* CLASH
	* SHUFFLED
	* GOAD
	* MORE
	* __ANON_21
	* UP
	* SUBTYPEARTIFACT
	* SUBTYPEENCHANTMENT
	* SUBTYPECREATUREA
	* INCUBATE
	* PUT
	* FROM
	* REMOVE
	* CHOOSE
	* LEARN
	* ANY
	* QUALIFIER
	* AMASS
	* ZONE
	* EXILE
	* ADD
	* DOUBLE
	* YOUR
	* SACRIFICED
	* FATESEAL
	* CONVERT
	* COMBATSTATUSMODIFIER
	* THEM
	* DEAL
	* RETURN
	* SKIP
	* HIMSELF
	* WITHOUT
	* UNTAP
	* POPULATE
	* SEARCHED
	* LOSE
	* ABLE
	* FLIP
	* SACRIFICE
	* LEVEL
	* DISCOVER
	* ONLY
	* EACH
	* UNATTACH
	* X
	* ITS
	* TYPE
	* MILL
	* CLOAK
	* SPEND
	* ALL
	* FREQUENCY
	* NUMBER
	* BLOCKED
	* NO
	* PAY
	* CREATE
	* PLAY
","{2}{B}, Discard two cards: Return ~ from your graveyard to the battlefield tapped."
129,Liliana's Indignation,24.014654261000032,False,"No terminal matches '.' in the current parser context, at line 1 col 13

Mill X cards. Target player loses 2 life for each cr
            ^
Expected one of: 
	* WORD
	* DASH
",Mill X cards. Target player loses 2 life for each creature card put into your graveyard this way.
130,Markov Dreadknight,23.258548597999834,False,"No terminal matches '{' in the current parser context, at line 2 col 1

{2}{B}, Discard a card: Put two +1/+1 co
^
Expected one of: 
	* WORD
	* DASH
","Flying
{2}{B}, Discard a card: Put two +1/+1 counters on ~."
131,Macabre Waltz,25.387056702000336,False,"No terminal matches ',' in the current parser context, at line 1 col 72

e cards from your graveyard to your hand, then discard a card.
                                        ^
Expected one of: 
	* WORD
	* DASH
","Return up to two target creature cards from your graveyard to your hand, then discard a card."
132,Merciless Resolve,25.667515370998444,False,"No terminal matches ',' in the current parser context, at line 1 col 41

As an additional cost to cast this spell, sacrifice a creature or land.
                                        ^
Expected one of: 
	* WORD
	* DASH
","As an additional cost to cast this spell, sacrifice a creature or land.
Draw two cards."
133,Mindwrack Demon,25.7331287900015,False,"No terminal matches ',' in the current parser context, at line 1 col 7

Flying, trample
      ^
Expected one of: 
	* WORD
	* DASH
","Flying, trample
When ~ enters, mill four cards.
Delirium — At the beginning of your upkeep, you lose 4 life unless there are four or more card types among cards in your graveyard."
134,Murderous Compulsion,23.12295995399836,False,"No terminal matches '.' in the current parser context, at line 1 col 31

Destroy target tapped creature.
                              ^
Expected one of: 
	* WORD
	* DASH
","Destroy target tapped creature.
Madness {1}{B} (If you discard this card, discard it into exile. When you do, cast it for its madness cost or put it into your graveyard.)"
135,Morkrut Necropod,25.474704111000392,False,"No terminal matches '(' in the current parser context, at line 1 col 8

Menace (This creature can not be blocked except
       ^
Expected one of: 
	* WORD
	* DASH
","Menace (This creature can not be blocked except by two or more creatures.)
Whenever ~ attacks or blocks, sacrifice another creature or land."
136,Olivia's Bloodsworn,23.430347188999804,False,"No terminal matches '~' in the current parser context, at line 2 col 1

~ can not block.
^
Expected one of: 
	* WORD
	* DASH
","Flying
~ can not block.
{R}: Target Vampire gains haste until end of turn."
137,Pale Rider of Trostad,25.35753663899959,False,"No terminal matches '(' in the current parser context, at line 1 col 7

Skulk (This creature can not be blocked by cre
      ^
Expected one of: 
	* WORD
	* DASH
","Skulk (This creature can not be blocked by creatures with greater power.)
When ~ enters, discard a card."
138,Pick the Brain,24.93623214299987,False,"No terminal matches '.' in the current parser context, at line 1 col 35

Target opponent reveals their hand. You choose a nonland card from it and 
                                  ^
Expected one of: 
	* WORD
	* DASH
","Target opponent reveals their hand. You choose a nonland card from it and exile that card.
Delirium — If there are four or more card types among cards in your graveyard, search that player's graveyard, hand, and library for any number of cards with the same name as the exiled card, exile those cards, then that player shuffles."
139,Rancid Rats,25.393027579000773,False,"No terminal matches '(' in the current parser context, at line 1 col 7

Skulk (This creature can not be blocked by cre
      ^
Expected one of: 
	* WORD
	* DASH
","Skulk (This creature can not be blocked by creatures with greater power.)
Deathtouch (Any amount of damage this deals to a creature is enough to destroy it.)"
140,Kindly Stranger,113.26718974299911,False,"No terminal matches 'T' in the current parser context, at line 1 col 20

Delirium — {2}{B}: Transform ~. Activate only if there are 
                   ^
Expected one of: 
	* GAIN
	* A
	* DISCARDED
	* IT
	* BEEN
	* CAST
	* DREW
	* CYCLE
	* TRANSFORM
	* TAPSYMBOL
	* EQUAL
	* ADAPT
	* GET
	* SUBTYPEPLANESWALKER
	* THEN
	* INTO
	* CONTROLLED
	* ATTACHED
	* FOR
	* CARDINAL
	* CYCLED
	* THE
	* THOSE
	* DISCARD
	* __ANON_20
	* FIGHT
	* ATTACKED
	* LOOKED
	* SUSPECT
	* HAD
	* __ANON_14
	* ITSELF
	* COLORTERM
	* CONNIVE
	* ACTIVATE
	* __ANON_18
	* WHO
	* WHENEVER
	* REGENERATE
	* SUBTYPECREATUREB
	* GAINED
	* SUBTYPEPLANAR
	* LESS
	* MONSTROSITY
	* SUPPORT
	* TAKE
	* AFTER
	* TURN
	* SURVEIL
	* REMAIN
	* OTHER
	* ON
	* IN
	* GREATER
	* LOOK
	* REVEAL
	* IF
	* UNDER
	* UNTAPSYMBOL
	* EXPLORES
	* PROLIFERATE
	* DRAW
	* THIS
	* MAY
	* DESTROY
	* DIE
	* PLAYERCHARACTERISTIC
	* REVEALED
	* TURNED
	* TAP
	* TAPPEDSTATUSMODIFIER
	* TIMES
	* __ANON_17
	* PLAYED
	* OBJECTCHARACTERISTIC
	* SCRY
	* DASH
	* ATTACH
	* THESE
	* ASSIGN
	* WIN
	* SHUFFLE
	* ONTO
	* NAMEREFSYMBOL
	* UNTIL
	* EXCHANGE
	* OTHERWISE
	* NON
	* PREVENT
	* THEIR
	* SWITCH
	* WHEN
	* INVESTIGATE
	* THAT
	* IS
	* CONTROL
	* WITH
	* ORDINAL
	* AN
	* LSQB
	* DAMAGETYPE
	* UNATTACHED
	* AT
	* AS
	* DOES
	* BOLSTER
	* COUNTER
	* DO
	* DETAIN
	* EFFECTSTATUSMODIFIER
	* BECOME
	* SUBTYPESPELL
	* SUPERTYPE
	* __ANON_15
	* HAS
	* MANIFEST
	* ABANDON
	* ADDITIONAL
	* ABILITYMODIFIER
	* CHOSE
	* FORAGE
	* STAR
	* TARGET
	* SEARCH
	* __ANON_19
	* LBRACE
	* SUBTYPELAND
	* ATTACK
	* BLOCK
	* EXERT
	* PLAYERTERM
	* PLAY
	* HERSELF
	* SAME
	* KEYWORDSTATUSMODIFIER
	* MELD
	* CLASH
	* SHUFFLED
	* GOAD
	* MORE
	* __ANON_21
	* UP
	* SUBTYPEARTIFACT
	* SUBTYPEENCHANTMENT
	* SUBTYPECREATUREA
	* INCUBATE
	* PUT
	* FROM
	* CHOOSE
	* REMOVE
	* LEARN
	* ANY
	* QUALIFIER
	* AMASS
	* ZONE
	* EXILE
	* ADD
	* BE
	* DOUBLE
	* WHILE
	* SACRIFICED
	* FATESEAL
	* CONVERT
	* YOUR
	* THEM
	* COMBATSTATUSMODIFIER
	* DEAL
	* RETURN
	* SKIP
	* HIMSELF
	* WITHOUT
	* UNTAP
	* POPULATE
	* CAN
	* SEARCHED
	* LOSE
	* ABLE
	* FLIP
	* SACRIFICE
	* LEVEL
	* DISCOVER
	* ONLY
	* EACH
	* UNATTACH
	* X
	* ITS
	* TYPE
	* MILL
	* CLOAK
	* SPEND
	* ALL
	* FREQUENCY
	* NUMBER
	* BLOCKED
	* NO
	* PAY
	* CREATE
	* WOULD
	* HAVE
",Delirium — {2}{B}: Transform ~. Activate only if there are four or more card types among cards in your graveyard.
141,Relentless Dead,25.02226177099874,False,"No terminal matches '(' in the current parser context, at line 1 col 8

Menace (This creature can not be blocked except
       ^
Expected one of: 
	* WORD
	* DASH
","Menace (This creature can not be blocked except by two or more creatures.)
When ~ dies, you may pay {B}. If you do, return it to its owner's hand.
When ~ dies, you may pay {X}. If you do, return another target Zombie creature card with mana value X from your graveyard to the battlefield."
142,Rottenheart Ghoul,25.08289145300114,False,"No terminal matches '~' in the current parser context, at line 1 col 6

When ~ dies, target player discards a card.
     ^
Expected one of: 
	* WORD
	* DASH
","When ~ dies, target player discards a card."
143,Shamble Back,25.096163057000012,False,"No terminal matches '.' in the current parser context, at line 1 col 44

le target creature card from a graveyard. Create a 2/2 black Zombie creature tok
                                        ^
Expected one of: 
	* WORD
	* DASH
",Exile target creature card from a graveyard. Create a 2/2 black Zombie creature token. You gain 2 life.
144,Stromkirk Mentor,22.93826836399967,False,"No terminal matches '~' in the current parser context, at line 1 col 6

When ~ enters, put a +1/+1 counter on another
     ^
Expected one of: 
	* WORD
	* DASH
","When ~ enters, put a +1/+1 counter on another target Vampire you control."
145,Throttle,23.83854406499995,False,"No terminal matches '-' in the current parser context, at line 1 col 22

Target creature gets -4/-4 until end of turn.
                     ^
Expected one of: 
	* WORD
	* DASH
",Target creature gets -4/-4 until end of turn.
146,To the Slaughter,25.590812074000496,False,"No terminal matches '.' in the current parser context, at line 1 col 68

creature or planeswalker of their choice.
                                        ^
Expected one of: 
	* WORD
	* DASH
","Target player sacrifices a creature or planeswalker of their choice.
Delirium — If there are four or more card types among cards in your graveyard, instead that player sacrifices a creature and a planeswalker of their choice."
147,Silburlind Snapper,410.17926391699984,True,,~ can not attack unless you have cast a noncreature spell this turn.
148,Diregraf Colossus,256.53642184099954,False,"No terminal matches '.' in the current parser context, at line 1 col 75

t for each Zombie card in your graveyard.
                                        ^
Expected one of: 
	* WORD
	* DASH
","~ enters with a +1/+1 counter on it for each Zombie card in your graveyard.
Whenever you cast a Zombie spell, create a tapped 2/2 black Zombie creature token."
149,Vampire Noble,4.518000423558988e-06,False,'text',
150,Hound of the Farbogs,183.29006373899938,False,"No terminal matches '.' in the current parser context, at line 1 col 99

card types among cards in your graveyard. (A creature with menace can not be blo
                                        ^
Expected one of: 
	* WORD
	* DASH
",Delirium — ~ has menace as long as there are four or more card types among cards in your graveyard. (A creature with menace can not be blocked except by two or more creatures.)
151,Sinister Concoction,65.2768702150006,False,"No terminal matches 'P' in the current parser context, at line 1 col 6

{B}, Pay 1 life, Mill a card, Discard a card,
     ^
Expected one of: 
	* GAIN
	* A
	* DISCARDED
	* IT
	* CAST
	* DREW
	* CYCLE
	* TRANSFORM
	* TAPSYMBOL
	* EQUAL
	* ADAPT
	* GET
	* SUBTYPEPLANESWALKER
	* INTO
	* CONTROLLED
	* ATTACHED
	* CARDINAL
	* CYCLED
	* THE
	* THOSE
	* DISCARD
	* __ANON_20
	* FIGHT
	* ATTACKED
	* LOOKED
	* SUSPECT
	* __ANON_14
	* ITSELF
	* COLORTERM
	* CONNIVE
	* ACTIVATE
	* __ANON_18
	* WHO
	* REGENERATE
	* SUBTYPECREATUREB
	* GAINED
	* SUBTYPEPLANAR
	* LESS
	* MONSTROSITY
	* SUPPORT
	* TAKE
	* TURN
	* SURVEIL
	* REMAIN
	* OTHER
	* ON
	* IN
	* GREATER
	* LOOK
	* REVEAL
	* UNDER
	* EXPLORES
	* UNTAPSYMBOL
	* PROLIFERATE
	* DRAW
	* THIS
	* DESTROY
	* DIE
	* PLAYERCHARACTERISTIC
	* REVEALED
	* TURNED
	* TAP
	* TAPPEDSTATUSMODIFIER
	* TIMES
	* __ANON_17
	* PLAYED
	* OBJECTCHARACTERISTIC
	* SCRY
	* ATTACH
	* THESE
	* ASSIGN
	* WIN
	* SHUFFLE
	* ONTO
	* NAMEREFSYMBOL
	* EXCHANGE
	* NON
	* PREVENT
	* THEIR
	* SWITCH
	* INVESTIGATE
	* THAT
	* CONTROL
	* WITH
	* ORDINAL
	* AN
	* LSQB
	* DAMAGETYPE
	* UNATTACHED
	* BOLSTER
	* COUNTER
	* DETAIN
	* EFFECTSTATUSMODIFIER
	* SUBTYPESPELL
	* SUPERTYPE
	* __ANON_15
	* MANIFEST
	* ABANDON
	* ADDITIONAL
	* ABILITYMODIFIER
	* CHOSE
	* FORAGE
	* STAR
	* TARGET
	* SEARCH
	* __ANON_19
	* SUBTYPELAND
	* LBRACE
	* ATTACK
	* BLOCK
	* EXERT
	* PLAYERTERM
	* SAME
	* HERSELF
	* KEYWORDSTATUSMODIFIER
	* MELD
	* CLASH
	* SHUFFLED
	* GOAD
	* MORE
	* __ANON_21
	* UP
	* SUBTYPEARTIFACT
	* SUBTYPEENCHANTMENT
	* SUBTYPECREATUREA
	* INCUBATE
	* PUT
	* FROM
	* REMOVE
	* CHOOSE
	* LEARN
	* ANY
	* QUALIFIER
	* AMASS
	* ZONE
	* EXILE
	* ADD
	* DOUBLE
	* YOUR
	* SACRIFICED
	* FATESEAL
	* CONVERT
	* COMBATSTATUSMODIFIER
	* THEM
	* DEAL
	* RETURN
	* SKIP
	* HIMSELF
	* WITHOUT
	* UNTAP
	* POPULATE
	* SEARCHED
	* LOSE
	* ABLE
	* FLIP
	* SACRIFICE
	* LEVEL
	* DISCOVER
	* ONLY
	* EACH
	* UNATTACH
	* X
	* ITS
	* TYPE
	* MILL
	* CLOAK
	* SPEND
	* ALL
	* FREQUENCY
	* NUMBER
	* BLOCKED
	* NO
	* PAY
	* CREATE
	* PLAY
","{B}, Pay 1 life, Mill a card, Discard a card, Sacrifice ~: Destroy target creature."
152,Tooth Collector,25.54368858899943,False,"No terminal matches '~' in the current parser context, at line 1 col 6

When ~ enters, target creature an opponent co
     ^
Expected one of: 
	* WORD
	* DASH
","When ~ enters, target creature an opponent controls gets -1/-1 until end of turn.
Delirium — At the beginning of each opponent's upkeep, if there are four or more card types among cards in your graveyard, target creature that player controls gets -1/-1 until end of turn."
153,Triskaidekaphobia,25.303703053999925,False,"No terminal matches ',' in the current parser context, at line 1 col 32

At the beginning of your upkeep, choose one —
                               ^
Expected one of: 
	* WORD
	* DASH
","At the beginning of your upkeep, choose one —
• Each player with exactly 13 life loses the game, then each player gains 1 life.
• Each player with exactly 13 life loses the game, then each player loses 1 life."
154,Twins of Maurer Estate,25.314085791000252,False,"No terminal matches '{' in the current parser context, at line 1 col 9

Madness {2}{B} (If you discard this card, discar
        ^
Expected one of: 
	* WORD
	* DASH
","Madness {2}{B} (If you discard this card, discard it into exile. When you do, cast it for its madness cost or put it into your graveyard.)"
155,Sanitarium Skeleton,90.2996568769995,False,"No terminal matches 'R' in the current parser context, at line 1 col 9

{2}{B}: Return ~ from your graveyard to your han
        ^
Expected one of: 
	* GAIN
	* A
	* DISCARDED
	* IT
	* BEEN
	* CAST
	* DREW
	* CYCLE
	* TRANSFORM
	* TAPSYMBOL
	* EQUAL
	* ADAPT
	* GET
	* SUBTYPEPLANESWALKER
	* THEN
	* INTO
	* CONTROLLED
	* ATTACHED
	* FOR
	* CARDINAL
	* CYCLED
	* THE
	* THOSE
	* DISCARD
	* __ANON_20
	* FIGHT
	* ATTACKED
	* LOOKED
	* SUSPECT
	* HAD
	* __ANON_14
	* ITSELF
	* COLORTERM
	* CONNIVE
	* ACTIVATE
	* __ANON_18
	* WHO
	* WHENEVER
	* REGENERATE
	* SUBTYPECREATUREB
	* GAINED
	* SUBTYPEPLANAR
	* LESS
	* MONSTROSITY
	* SUPPORT
	* TAKE
	* AFTER
	* TURN
	* SURVEIL
	* REMAIN
	* OTHER
	* ON
	* IN
	* GREATER
	* LOOK
	* REVEAL
	* IF
	* UNDER
	* UNTAPSYMBOL
	* EXPLORES
	* PROLIFERATE
	* DRAW
	* THIS
	* MAY
	* DESTROY
	* DIE
	* PLAYERCHARACTERISTIC
	* REVEALED
	* TURNED
	* TAP
	* TAPPEDSTATUSMODIFIER
	* TIMES
	* __ANON_17
	* PLAYED
	* OBJECTCHARACTERISTIC
	* SCRY
	* DASH
	* ATTACH
	* THESE
	* ASSIGN
	* WIN
	* SHUFFLE
	* ONTO
	* NAMEREFSYMBOL
	* UNTIL
	* EXCHANGE
	* OTHERWISE
	* NON
	* PREVENT
	* THEIR
	* SWITCH
	* WHEN
	* INVESTIGATE
	* THAT
	* IS
	* CONTROL
	* WITH
	* ORDINAL
	* AN
	* LSQB
	* DAMAGETYPE
	* UNATTACHED
	* AT
	* AS
	* DOES
	* BOLSTER
	* COUNTER
	* DO
	* DETAIN
	* EFFECTSTATUSMODIFIER
	* BECOME
	* SUBTYPESPELL
	* SUPERTYPE
	* __ANON_15
	* HAS
	* MANIFEST
	* ABANDON
	* ADDITIONAL
	* ABILITYMODIFIER
	* CHOSE
	* FORAGE
	* STAR
	* TARGET
	* SEARCH
	* __ANON_19
	* LBRACE
	* SUBTYPELAND
	* ATTACK
	* BLOCK
	* EXERT
	* PLAYERTERM
	* PLAY
	* HERSELF
	* SAME
	* KEYWORDSTATUSMODIFIER
	* MELD
	* CLASH
	* SHUFFLED
	* GOAD
	* MORE
	* __ANON_21
	* UP
	* SUBTYPEARTIFACT
	* SUBTYPEENCHANTMENT
	* SUBTYPECREATUREA
	* INCUBATE
	* PUT
	* FROM
	* CHOOSE
	* REMOVE
	* LEARN
	* ANY
	* QUALIFIER
	* AMASS
	* ZONE
	* EXILE
	* ADD
	* BE
	* DOUBLE
	* WHILE
	* SACRIFICED
	* FATESEAL
	* CONVERT
	* YOUR
	* THEM
	* COMBATSTATUSMODIFIER
	* DEAL
	* RETURN
	* SKIP
	* HIMSELF
	* WITHOUT
	* UNTAP
	* POPULATE
	* CAN
	* SEARCHED
	* LOSE
	* ABLE
	* FLIP
	* SACRIFICE
	* LEVEL
	* DISCOVER
	* ONLY
	* EACH
	* UNATTACH
	* X
	* ITS
	* TYPE
	* MILL
	* CLOAK
	* SPEND
	* ALL
	* FREQUENCY
	* NUMBER
	* BLOCKED
	* NO
	* PAY
	* CREATE
	* WOULD
	* HAVE
",{2}{B}: Return ~ from your graveyard to your hand.
156,Avacyn's Judgment,23.27084994800134,False,"No terminal matches '{' in the current parser context, at line 1 col 9

Madness {X}{R} (If you discard this card, discar
        ^
Expected one of: 
	* WORD
	* DASH
","Madness {X}{R} (If you discard this card, discard it into exile. When you do, cast it for its madness cost or put it into your graveyard.)
~ deals 2 damage divided as you choose among any number of targets. If this spell's madness cost was paid, it deals X damage divided as you choose among those permanents and/or players instead."
157,Bloodmad Vampire,24.89034612499927,False,"No terminal matches '~' in the current parser context, at line 1 col 10

Whenever ~ deals combat damage to a player, put a
         ^
Expected one of: 
	* WORD
	* DASH
","Whenever ~ deals combat damage to a player, put a +1/+1 counter on it.
Madness {1}{R} (If you discard this card, discard it into exile. When you do, cast it for its madness cost or put it into your graveyard.)"
158,Breakneck Rider,25.101930800001355,False,"No terminal matches ',' in the current parser context, at line 1 col 32

At the beginning of each upkeep, if no spells were cast last turn, tran
                               ^
Expected one of: 
	* WORD
	* DASH
","At the beginning of each upkeep, if no spells were cast last turn, transform ~."
159,Neck Breaker,24.760103873000844,False,"No terminal matches '+' in the current parser context, at line 1 col 37

Attacking creatures you control get +1/+0 and have trample.
                                    ^
Expected one of: 
	* WORD
	* DASH
","Attacking creatures you control get +1/+0 and have trample.
At the beginning of each upkeep, if a player cast two or more spells last turn, transform ~."
160,Branded Howler,23.47999047399935,False,"No terminal matches ',' in the current parser context, at line 1 col 32

At the beginning of each upkeep, if a player cast two or more spells la
                               ^
Expected one of: 
	* WORD
	* DASH
","At the beginning of each upkeep, if a player cast two or more spells last turn, transform ~."
161,Convicted Killer,25.479630804000408,False,"No terminal matches ',' in the current parser context, at line 1 col 32

At the beginning of each upkeep, if no spells were cast last turn, tran
                               ^
Expected one of: 
	* WORD
	* DASH
","At the beginning of each upkeep, if no spells were cast last turn, transform ~."
162,Dance with Devils,22.971446159999687,False,"No terminal matches '1' in the current parser context, at line 1 col 12

Create two 1/1 red Devil creature tokens. They have
           ^
Expected one of: 
	* WORD
	* DASH
","Create two 1/1 red Devil creature tokens. They have ""When this creature dies, it deals 1 damage to any target.""."
163,Devils' Playground,25.180768868000087,False,"No terminal matches '1' in the current parser context, at line 1 col 13

Create four 1/1 red Devil creature tokens. They have
            ^
Expected one of: 
	* WORD
	* DASH
","Create four 1/1 red Devil creature tokens. They have ""When this creature dies, it deals 1 damage to any target.""."
164,Dissension in the Ranks,23.41736793199925,False,"No terminal matches '.' in the current parser context, at line 1 col 65

 fights another target blocking creature.
                                        ^
Expected one of: 
	* WORD
	* DASH
",Target blocking creature fights another target blocking creature.
165,Ember-Eye Wolf,23.538234630999796,False,"No terminal matches '{' in the current parser context, at line 2 col 1

{1}{R}: ~ gets +2/+0 until end of turn.
^
Expected one of: 
	* WORD
	* DASH
","Haste
{1}{R}: ~ gets +2/+0 until end of turn."
166,Falkenrath Gorger,25.21169698199992,False,"No terminal matches '.' in the current parser context, at line 1 col 78

at is not on the battlefield has madness. The madness cost is equal to its mana 
                                        ^
Expected one of: 
	* WORD
	* DASH
","Each Vampire creature card you own that is not on the battlefield has madness. The madness cost is equal to its mana cost. (If you discard a card with madness, discard it into exile. When you do, cast it for its madness cost or put it into your graveyard.)"
167,Vessel of Malignity,85.0946198290003,False,"No terminal matches 'S' in the current parser context, at line 1 col 9

{1}{B}, Sacrifice ~: Target opponent exiles two 
        ^
Expected one of: 
	* GAIN
	* A
	* DISCARDED
	* IT
	* CAST
	* DREW
	* CYCLE
	* TRANSFORM
	* TAPSYMBOL
	* EQUAL
	* ADAPT
	* GET
	* SUBTYPEPLANESWALKER
	* INTO
	* CONTROLLED
	* ATTACHED
	* CARDINAL
	* CYCLED
	* THE
	* THOSE
	* DISCARD
	* __ANON_20
	* FIGHT
	* ATTACKED
	* LOOKED
	* SUSPECT
	* __ANON_14
	* ITSELF
	* COLORTERM
	* CONNIVE
	* ACTIVATE
	* __ANON_18
	* WHO
	* REGENERATE
	* SUBTYPECREATUREB
	* GAINED
	* SUBTYPEPLANAR
	* LESS
	* MONSTROSITY
	* SUPPORT
	* TAKE
	* TURN
	* SURVEIL
	* REMAIN
	* OTHER
	* ON
	* IN
	* GREATER
	* LOOK
	* REVEAL
	* UNDER
	* EXPLORES
	* UNTAPSYMBOL
	* PROLIFERATE
	* DRAW
	* THIS
	* DESTROY
	* DIE
	* PLAYERCHARACTERISTIC
	* REVEALED
	* TURNED
	* TAP
	* TAPPEDSTATUSMODIFIER
	* TIMES
	* __ANON_17
	* PLAYED
	* OBJECTCHARACTERISTIC
	* SCRY
	* ATTACH
	* THESE
	* ASSIGN
	* WIN
	* SHUFFLE
	* ONTO
	* NAMEREFSYMBOL
	* EXCHANGE
	* NON
	* PREVENT
	* THEIR
	* SWITCH
	* INVESTIGATE
	* THAT
	* CONTROL
	* WITH
	* ORDINAL
	* AN
	* LSQB
	* DAMAGETYPE
	* UNATTACHED
	* BOLSTER
	* COUNTER
	* DETAIN
	* EFFECTSTATUSMODIFIER
	* SUBTYPESPELL
	* SUPERTYPE
	* __ANON_15
	* MANIFEST
	* ABANDON
	* ADDITIONAL
	* ABILITYMODIFIER
	* CHOSE
	* FORAGE
	* STAR
	* TARGET
	* SEARCH
	* __ANON_19
	* SUBTYPELAND
	* LBRACE
	* ATTACK
	* BLOCK
	* EXERT
	* PLAYERTERM
	* SAME
	* HERSELF
	* KEYWORDSTATUSMODIFIER
	* MELD
	* CLASH
	* SHUFFLED
	* GOAD
	* MORE
	* __ANON_21
	* UP
	* SUBTYPEARTIFACT
	* SUBTYPEENCHANTMENT
	* SUBTYPECREATUREA
	* INCUBATE
	* PUT
	* FROM
	* REMOVE
	* CHOOSE
	* LEARN
	* ANY
	* QUALIFIER
	* AMASS
	* ZONE
	* EXILE
	* ADD
	* DOUBLE
	* YOUR
	* SACRIFICED
	* FATESEAL
	* CONVERT
	* COMBATSTATUSMODIFIER
	* THEM
	* DEAL
	* RETURN
	* SKIP
	* HIMSELF
	* WITHOUT
	* UNTAP
	* POPULATE
	* SEARCHED
	* LOSE
	* ABLE
	* FLIP
	* SACRIFICE
	* LEVEL
	* DISCOVER
	* ONLY
	* EACH
	* UNATTACH
	* X
	* ITS
	* TYPE
	* MILL
	* CLOAK
	* SPEND
	* ALL
	* FREQUENCY
	* NUMBER
	* BLOCKED
	* NO
	* PAY
	* CREATE
	* PLAY
","{1}{B}, Sacrifice ~: Target opponent exiles two cards from their hand. Activate only as a sorcery."
168,Burn from Within,63.97386798600019,False,"No terminal matches 'X' in the current parser context, at line 1 col 9

~ deals X damage to any target. If a creature is
        ^
Expected one of: 
	* GAIN
	* A
	* DISCARDED
	* IT
	* CAST
	* DREW
	* CYCLE
	* TRANSFORM
	* EQUAL
	* ADAPT
	* GET
	* SUBTYPEPLANESWALKER
	* INTO
	* CONTROLLED
	* ATTACHED
	* CARDINAL
	* CYCLED
	* THE
	* THOSE
	* DISCARD
	* __ANON_20
	* FIGHT
	* ATTACKED
	* LOOKED
	* SUSPECT
	* __ANON_14
	* ITSELF
	* COLORTERM
	* CONNIVE
	* ACTIVATE
	* __ANON_18
	* WHO
	* REGENERATE
	* SUBTYPECREATUREB
	* GAINED
	* SUBTYPEPLANAR
	* LESS
	* MONSTROSITY
	* SUPPORT
	* TAKE
	* TURN
	* SURVEIL
	* REMAIN
	* OTHER
	* ON
	* IN
	* GREATER
	* LOOK
	* REVEAL
	* UNDER
	* EXPLORES
	* PROLIFERATE
	* DRAW
	* THIS
	* DESTROY
	* DIE
	* PLAYERCHARACTERISTIC
	* REVEALED
	* TURNED
	* TAP
	* TAPPEDSTATUSMODIFIER
	* TIMES
	* __ANON_17
	* PLAYED
	* OBJECTCHARACTERISTIC
	* SCRY
	* ATTACH
	* THESE
	* ASSIGN
	* WIN
	* SHUFFLE
	* ONTO
	* NAMEREFSYMBOL
	* EXCHANGE
	* NON
	* PREVENT
	* THEIR
	* SWITCH
	* INVESTIGATE
	* THAT
	* CONTROL
	* WITH
	* ORDINAL
	* AN
	* DAMAGETYPE
	* UNATTACHED
	* BOLSTER
	* COUNTER
	* DETAIN
	* EFFECTSTATUSMODIFIER
	* SUBTYPESPELL
	* SUPERTYPE
	* __ANON_15
	* MANIFEST
	* ABANDON
	* ADDITIONAL
	* ABILITYMODIFIER
	* CHOSE
	* FORAGE
	* STAR
	* TARGET
	* SEARCH
	* __ANON_19
	* SUBTYPELAND
	* LBRACE
	* ATTACK
	* BLOCK
	* EXERT
	* PLAYERTERM
	* SAME
	* HERSELF
	* KEYWORDSTATUSMODIFIER
	* MELD
	* CLASH
	* SHUFFLED
	* GOAD
	* MORE
	* __ANON_21
	* UP
	* SUBTYPEARTIFACT
	* SUBTYPEENCHANTMENT
	* SUBTYPECREATUREA
	* INCUBATE
	* PUT
	* FROM
	* REMOVE
	* CHOOSE
	* LEARN
	* ANY
	* QUALIFIER
	* AMASS
	* ZONE
	* EXILE
	* ADD
	* DOUBLE
	* YOUR
	* SACRIFICED
	* FATESEAL
	* CONVERT
	* COMBATSTATUSMODIFIER
	* THEM
	* DEAL
	* RETURN
	* SKIP
	* HIMSELF
	* WITHOUT
	* UNTAP
	* POPULATE
	* SEARCHED
	* LOSE
	* ABLE
	* FLIP
	* SACRIFICE
	* LEVEL
	* DISCOVER
	* ONLY
	* EACH
	* UNATTACH
	* X
	* ITS
	* TYPE
	* MILL
	* CLOAK
	* SPEND
	* ALL
	* FREQUENCY
	* NUMBER
	* BLOCKED
	* NO
	* PAY
	* CREATE
	* PLAY
","~ deals X damage to any target. If a creature is dealt damage this way, it loses indestructible until end of turn. If that creature would die this turn, exile it instead."
169,Flameblade Angel,25.1023001880003,False,"No terminal matches ',' in the current parser context, at line 2 col 86

damage to you or a permanent you control, you may have ~ deal 1 damage to that s
                                        ^
Expected one of: 
	* WORD
	* DASH
","Flying
Whenever a source an opponent controls deals damage to you or a permanent you control, you may have ~ deal 1 damage to that source's controller."
170,Gatstaf Arsonists,25.369460529000207,False,"No terminal matches ',' in the current parser context, at line 1 col 32

At the beginning of each upkeep, if no spells were cast last turn, tran
                               ^
Expected one of: 
	* WORD
	* DASH
","At the beginning of each upkeep, if no spells were cast last turn, transform ~."
171,Gatstaf Ravagers,23.396213400001216,False,"No terminal matches '(' in the current parser context, at line 1 col 8

Menace (This creature can not be blocked except
       ^
Expected one of: 
	* WORD
	* DASH
","Menace (This creature can not be blocked except by two or more creatures.)
At the beginning of each upkeep, if a player cast two or more spells last turn, transform ~."
172,Geier Reach Bandit,24.93957483700069,False,"No terminal matches ',' in the current parser context, at line 2 col 32

At the beginning of each upkeep, if no spells were cast last turn, tran
                               ^
Expected one of: 
	* WORD
	* DASH
","Haste
At the beginning of each upkeep, if no spells were cast last turn, transform ~."
173,Vildin-Pack Alpha,25.523720899000182,False,"No terminal matches ',' in the current parser context, at line 1 col 39

Whenever a Werewolf you control enters, you may transform it.
                                      ^
Expected one of: 
	* WORD
	* DASH
","Whenever a Werewolf you control enters, you may transform it.
At the beginning of each upkeep, if a player cast two or more spells last turn, transform ~."
174,Gibbering Fiend,24.96754563000104,False,"No terminal matches '~' in the current parser context, at line 1 col 6

When ~ enters, it deals 1 damage to each oppo
     ^
Expected one of: 
	* WORD
	* DASH
","When ~ enters, it deals 1 damage to each opponent.
Delirium — At the beginning of each opponent's upkeep, if there are four or more card types among cards in your graveyard, ~ deals 1 damage to that player."
175,Hulking Devil,3.5960001696366817e-06,False,'text',
176,Goldnight Castigator,24.959949789001257,False,"No terminal matches ',' in the current parser context, at line 1 col 7

Flying, haste
      ^
Expected one of: 
	* WORD
	* DASH
","Flying, haste
If a source would deal damage to you, it deals double that damage to you instead.
If a source would deal damage to ~, it deals double that damage to ~ instead."
177,Harness the Storm,25.199147147000986,False,"No terminal matches ',' in the current parser context, at line 1 col 61

 instant or sorcery spell from your hand, you may cast target card with the same
                                        ^
Expected one of: 
	* WORD
	* DASH
","Whenever you cast an instant or sorcery spell from your hand, you may cast target card with the same name as that spell from your graveyard. (You still pay its costs.)"
178,Incorrigible Youths,25.700156915998377,False,"No terminal matches '(' in the current parser context, at line 1 col 7

Haste (This creature can attack and {T} as soo
      ^
Expected one of: 
	* WORD
	* DASH
","Haste (This creature can attack and {T} as soon as it comes under your control.)
Madness {2}{R} (If you discard this card, discard it into exile. When you do, cast it for its madness cost or put it into your graveyard.)"
179,Inner Struggle,25.491875893001634,False,"No terminal matches '.' in the current parser context, at line 1 col 58

eals damage to itself equal to its power.
                                        ^
Expected one of: 
	* WORD
	* DASH
",Target creature deals damage to itself equal to its power.
180,Insolent Neonate,23.390060007999637,False,"No terminal matches '(' in the current parser context, at line 1 col 8

Menace (This creature can not be blocked except
       ^
Expected one of: 
	* WORD
	* DASH
","Menace (This creature can not be blocked except by two or more creatures.)
Discard a card, Sacrifice ~: Draw a card."
181,Stallion of Ashmouth,226.41535969199867,False,"No terminal matches '.' in the current parser context, at line 1 col 132

card types among cards in your graveyard.
                                        ^
Expected one of: 
	* WORD
	* DASH
",Delirium — {1}{B}: ~ gets +1/+1 until end of turn. Activate only if there are four or more card types among cards in your graveyard.
182,Kessig Forgemaster,22.882989870999154,False,"No terminal matches '~' in the current parser context, at line 1 col 10

Whenever ~ blocks or becomes blocked by a creatur
         ^
Expected one of: 
	* WORD
	* DASH
","Whenever ~ blocks or becomes blocked by a creature, ~ deals 1 damage to that creature.
At the beginning of each upkeep, if no spells were cast last turn, transform ~."
183,Flameheart Werewolf,25.45567342100003,False,"No terminal matches '~' in the current parser context, at line 1 col 10

Whenever ~ blocks or becomes blocked by a creatur
         ^
Expected one of: 
	* WORD
	* DASH
","Whenever ~ blocks or becomes blocked by a creature, ~ deals 2 damage to that creature.
At the beginning of each upkeep, if a player cast two or more spells last turn, transform ~."
184,Lightning Axe,25.782441453999127,False,"No terminal matches ',' in the current parser context, at line 1 col 41

As an additional cost to cast this spell, discard a card or pay {5}.
                                        ^
Expected one of: 
	* WORD
	* DASH
","As an additional cost to cast this spell, discard a card or pay {5}.
~ deals 5 damage to target creature."
185,Mad Prophet,23.282312237999577,False,"No terminal matches '{' in the current parser context, at line 2 col 1

{T}, Discard a card: Draw a card.
^
Expected one of: 
	* WORD
	* DASH
","Haste
{T}, Discard a card: Draw a card."
186,Dual Shot,148.54338368400022,False,"No terminal matches '.' in the current parser context, at line 1 col 55

ge to each of up to two target creatures.
                                        ^
Expected one of: 
	* WORD
	* DASH
",~ deals 1 damage to each of up to two target creatures.
187,Magmatic Chasm,25.350469128999976,False,"No terminal matches '.' in the current parser context, at line 1 col 49

s without flying can not block this turn.
                                        ^
Expected one of: 
	* WORD
	* DASH
",Creatures without flying can not block this turn.
188,Malevolent Whispers,23.618288869000025,False,"No terminal matches '.' in the current parser context, at line 1 col 50

rol of target creature until end of turn. Untap that creature. It gets +2/+0 and
                                        ^
Expected one of: 
	* WORD
	* DASH
","Gain control of target creature until end of turn. Untap that creature. It gets +2/+0 and gains haste until end of turn.
Madness {3}{R} (If you discard this card, discard it into exile. When you do, cast it for its madness cost or put it into your graveyard.)"
189,Pyre Hound,25.285222006001277,False,"No terminal matches ',' in the current parser context, at line 2 col 46

ver you cast an instant or sorcery spell, put a +1/+1 counter on ~.
                                        ^
Expected one of: 
	* WORD
	* DASH
","Trample
Whenever you cast an instant or sorcery spell, put a +1/+1 counter on ~."
190,Ravenous Bloodseeker,25.467424585000117,False,"No terminal matches ':' in the current parser context, at line 1 col 15

Discard a card: ~ gets +2/-2 until end of turn.
              ^
Expected one of: 
	* WORD
	* DASH
",Discard a card: ~ gets +2/-2 until end of turn.
191,Rush of Adrenaline,25.120398953000404,False,"No terminal matches '+' in the current parser context, at line 1 col 22

Target creature gets +2/+1 and gains trample until end of tur
                     ^
Expected one of: 
	* WORD
	* DASH
",Target creature gets +2/+1 and gains trample until end of turn.
192,Sanguinary Mage,25.658127828000943,False,"No terminal matches '(' in the current parser context, at line 1 col 9

Prowess (Whenever you cast a noncreature spell, 
        ^
Expected one of: 
	* WORD
	* DASH
","Prowess (Whenever you cast a noncreature spell, this creature gets +1/+1 until end of turn.)"
193,Senseless Rage,25.30805695199888,False,"No terminal matches '+' in the current parser context, at line 2 col 25

Enchanted creature gets +2/+2.
                        ^
Expected one of: 
	* WORD
	* DASH
","Enchant creature
Enchanted creature gets +2/+2.
Madness {1}{R} (If you discard this card, discard it into exile. When you do, cast it for its madness cost or put it into your graveyard.)"
194,Skin Shedder,3.876999471685849e-06,False,'text',
195,Sin Prodder,23.722917958000835,False,"No terminal matches ',' in the current parser context, at line 2 col 32

At the beginning of your upkeep, reveal the top card of your library. A
                               ^
Expected one of: 
	* WORD
	* DASH
","Menace
At the beginning of your upkeep, reveal the top card of your library. Any opponent may have you put that card into your graveyard. If a player does, ~ deals damage to that player equal to that card's mana value. Otherwise, put that card into your hand."
196,Skin Invasion,25.522902129001523,False,"No terminal matches '.' in the current parser context, at line 2 col 47

ted creature attacks each combat if able.
                                        ^
Expected one of: 
	* WORD
	* DASH
","Enchant creature
Enchanted creature attacks each combat if able.
When enchanted creature dies, return ~ to the battlefield transformed under your control."
197,Spiteful Motives,25.18422743100018,False,"No terminal matches '(' in the current parser context, at line 1 col 7

Flash (You may cast this spell any time you co
      ^
Expected one of: 
	* WORD
	* DASH
","Flash (You may cast this spell any time you could cast an instant.)
Enchant creature
Enchanted creature gets +3/+0 and has first strike."
198,Stensia Masquerade,25.46061796899994,False,"No terminal matches '.' in the current parser context, at line 1 col 50

 creatures you control have first strike.
                                        ^
Expected one of: 
	* WORD
	* DASH
","Attacking creatures you control have first strike.
Whenever a Vampire you control deals combat damage to a player, put a +1/+1 counter on it.
Madness {2}{R} (If you discard this card, discard it into exile. When you do, cast it for its madness cost or put it into your graveyard.)"
199,Structural Distortion,25.130689453999366,False,"No terminal matches '.' in the current parser context, at line 1 col 30

Exile target artifact or land. ~ deals 2 damage to that permanent's c
                             ^
Expected one of: 
	* WORD
	* DASH
",Exile target artifact or land. ~ deals 2 damage to that permanent's controller.
200,Tormenting Voice,23.709886677001123,False,"No terminal matches ',' in the current parser context, at line 1 col 41

As an additional cost to cast this spell, discard a card.
                                        ^
Expected one of: 
	* WORD
	* DASH
","As an additional cost to cast this spell, discard a card.
Draw two cards."
201,Ulrich's Kindred,25.421790083000815,False,"No terminal matches '{' in the current parser context, at line 2 col 1

{3}{G}: Target attacking Wolf or Werewol
^
Expected one of: 
	* WORD
	* DASH
","Trample
{3}{G}: Target attacking Wolf or Werewolf gains indestructible until end of turn."
202,Uncaged Fury,23.16193840000051,False,"No terminal matches '+' in the current parser context, at line 1 col 22

Target creature gets +1/+1 and gains double strike until end 
                     ^
Expected one of: 
	* WORD
	* DASH
",Target creature gets +1/+1 and gains double strike until end of turn. (It deals both first-strike and regular combat damage.)
203,Howlpack Wolf,197.2591396099997,False,"No terminal matches '.' in the current parser context, at line 1 col 60

ess you control another Wolf or Werewolf.
                                        ^
Expected one of: 
	* WORD
	* DASH
",~ can not block unless you control another Wolf or Werewolf.
204,Fiery Temper,258.3249343309999,False,"No terminal matches '{' in the current parser context, at line 2 col 9

Madness {R} (If you discard this card, discard i
        ^
Expected one of: 
	* WORD
	* DASH
","~ deals 3 damage to any target.
Madness {R} (If you discard this card, discard it into exile. When you do, cast it for its madness cost or put it into your graveyard.)"
205,Village Messenger,25.632967721001478,False,"No terminal matches ',' in the current parser context, at line 2 col 32

At the beginning of each upkeep, if no spells were cast last turn, tran
                               ^
Expected one of: 
	* WORD
	* DASH
","Haste
At the beginning of each upkeep, if no spells were cast last turn, transform ~."
206,Moonrise Intruder,25.166728981001143,False,"No terminal matches '(' in the current parser context, at line 1 col 8

Menace (This creature can not be blocked except
       ^
Expected one of: 
	* WORD
	* DASH
","Menace (This creature can not be blocked except by two or more creatures.)
At the beginning of each upkeep, if a player cast two or more spells last turn, transform ~."
207,Voldaren Duelist,25.31621311299932,False,"No terminal matches '(' in the current parser context, at line 1 col 7

Haste (This creature can attack and {T} as soo
      ^
Expected one of: 
	* WORD
	* DASH
","Haste (This creature can attack and {T} as soon as it comes under your control.)
When ~ enters, target creature can not block this turn."
208,Wolf of Devil's Breach,25.338932433000082,False,"No terminal matches '~' in the current parser context, at line 1 col 10

Whenever ~ attacks, you may pay {1}{R} and discar
         ^
Expected one of: 
	* WORD
	* DASH
","Whenever ~ attacks, you may pay {1}{R} and discard a card. If you do, ~ deals damage to target creature or planeswalker equal to the discarded card's mana value."
209,Aim High,23.441479029999755,False,"No terminal matches '.' in the current parser context, at line 1 col 22

Untap target creature. It gets +2/+2 and gains reach until en
                     ^
Expected one of: 
	* WORD
	* DASH
",Untap target creature. It gets +2/+2 and gains reach until end of turn. (It can block creatures with flying.)
210,Ancient of the Equinox,25.247560441999667,False,"No terminal matches ',' in the current parser context, at line 1 col 8

Trample, hexproof
       ^
Expected one of: 
	* WORD
	* DASH
","Trample, hexproof"
211,Briarbridge Patrol,25.347735354998804,False,"No terminal matches '~' in the current parser context, at line 1 col 10

Whenever ~ deals damage to one or more creatures,
         ^
Expected one of: 
	* WORD
	* DASH
","Whenever ~ deals damage to one or more creatures, investigate. (Create a Clue token. it is an artifact with ""{2}, Sacrifice this artifact: Draw a card."".)
At the beginning of each end step, if you sacrificed three or more Clues this turn, you may put a creature card from your hand onto the battlefield."
212,Byway Courier,25.23714216100052,False,"No terminal matches '~' in the current parser context, at line 1 col 6

When ~ dies, investigate. (Create a Clue toke
     ^
Expected one of: 
	* WORD
	* DASH
","When ~ dies, investigate. (Create a Clue token. it is an artifact with ""{2}, Sacrifice this artifact: Draw a card."".)"
213,Vessel of Volatility,85.23947347300054,False,"No terminal matches 'S' in the current parser context, at line 1 col 9

{1}{R}, Sacrifice ~: Add {R}{R}{R}{R}.
        ^
Expected one of: 
	* GAIN
	* A
	* DISCARDED
	* IT
	* CAST
	* DREW
	* CYCLE
	* TRANSFORM
	* TAPSYMBOL
	* EQUAL
	* ADAPT
	* GET
	* SUBTYPEPLANESWALKER
	* INTO
	* CONTROLLED
	* ATTACHED
	* CARDINAL
	* CYCLED
	* THE
	* THOSE
	* DISCARD
	* __ANON_20
	* FIGHT
	* ATTACKED
	* LOOKED
	* SUSPECT
	* __ANON_14
	* ITSELF
	* COLORTERM
	* CONNIVE
	* ACTIVATE
	* __ANON_18
	* WHO
	* REGENERATE
	* SUBTYPECREATUREB
	* GAINED
	* SUBTYPEPLANAR
	* LESS
	* MONSTROSITY
	* SUPPORT
	* TAKE
	* TURN
	* SURVEIL
	* REMAIN
	* OTHER
	* ON
	* IN
	* GREATER
	* LOOK
	* REVEAL
	* UNDER
	* EXPLORES
	* UNTAPSYMBOL
	* PROLIFERATE
	* DRAW
	* THIS
	* DESTROY
	* DIE
	* PLAYERCHARACTERISTIC
	* REVEALED
	* TURNED
	* TAP
	* TAPPEDSTATUSMODIFIER
	* TIMES
	* __ANON_17
	* PLAYED
	* OBJECTCHARACTERISTIC
	* SCRY
	* ATTACH
	* THESE
	* ASSIGN
	* WIN
	* SHUFFLE
	* ONTO
	* NAMEREFSYMBOL
	* EXCHANGE
	* NON
	* PREVENT
	* THEIR
	* SWITCH
	* INVESTIGATE
	* THAT
	* CONTROL
	* WITH
	* ORDINAL
	* AN
	* LSQB
	* DAMAGETYPE
	* UNATTACHED
	* BOLSTER
	* COUNTER
	* DETAIN
	* EFFECTSTATUSMODIFIER
	* SUBTYPESPELL
	* SUPERTYPE
	* __ANON_15
	* MANIFEST
	* ABANDON
	* ADDITIONAL
	* ABILITYMODIFIER
	* CHOSE
	* FORAGE
	* STAR
	* TARGET
	* SEARCH
	* __ANON_19
	* SUBTYPELAND
	* LBRACE
	* ATTACK
	* BLOCK
	* EXERT
	* PLAYERTERM
	* SAME
	* HERSELF
	* KEYWORDSTATUSMODIFIER
	* MELD
	* CLASH
	* SHUFFLED
	* GOAD
	* MORE
	* __ANON_21
	* UP
	* SUBTYPEARTIFACT
	* SUBTYPEENCHANTMENT
	* SUBTYPECREATUREA
	* INCUBATE
	* PUT
	* FROM
	* REMOVE
	* CHOOSE
	* LEARN
	* ANY
	* QUALIFIER
	* AMASS
	* ZONE
	* EXILE
	* ADD
	* DOUBLE
	* YOUR
	* SACRIFICED
	* FATESEAL
	* CONVERT
	* COMBATSTATUSMODIFIER
	* THEM
	* DEAL
	* RETURN
	* SKIP
	* HIMSELF
	* WITHOUT
	* UNTAP
	* POPULATE
	* SEARCHED
	* LOSE
	* ABLE
	* FLIP
	* SACRIFICE
	* LEVEL
	* DISCOVER
	* ONLY
	* EACH
	* UNATTACH
	* X
	* ITS
	* TYPE
	* MILL
	* CLOAK
	* SPEND
	* ALL
	* FREQUENCY
	* NUMBER
	* BLOCKED
	* NO
	* PAY
	* CREATE
	* PLAY
","{1}{R}, Sacrifice ~: Add {R}{R}{R}{R}."
214,Clip Wings,25.36221464600021,False,"No terminal matches '.' in the current parser context, at line 1 col 64

s a creature of their choice with flying.
                                        ^
Expected one of: 
	* WORD
	* DASH
",Each opponent sacrifices a creature of their choice with flying.
215,Reduce to Ashes,195.94699557400054,False,"No terminal matches ',' in the current parser context, at line 1 col 74

re. If that creature would die this turn, exile it instead.
                                        ^
Expected one of: 
	* WORD
	* DASH
","~ deals 5 damage to target creature. If that creature would die this turn, exile it instead."
216,Autumnal Gloom,69.03327666299992,False,"No terminal matches 'M' in the current parser context, at line 1 col 6

{B}: Mill a card.
     ^
Expected one of: 
	* GAIN
	* A
	* DISCARDED
	* IT
	* BEEN
	* CAST
	* DREW
	* CYCLE
	* TRANSFORM
	* TAPSYMBOL
	* EQUAL
	* ADAPT
	* GET
	* SUBTYPEPLANESWALKER
	* THEN
	* INTO
	* CONTROLLED
	* ATTACHED
	* FOR
	* CARDINAL
	* CYCLED
	* THE
	* THOSE
	* DISCARD
	* __ANON_20
	* FIGHT
	* ATTACKED
	* LOOKED
	* SUSPECT
	* HAD
	* __ANON_14
	* ITSELF
	* COLORTERM
	* CONNIVE
	* ACTIVATE
	* __ANON_18
	* WHO
	* WHENEVER
	* REGENERATE
	* SUBTYPECREATUREB
	* GAINED
	* SUBTYPEPLANAR
	* LESS
	* MONSTROSITY
	* SUPPORT
	* TAKE
	* AFTER
	* TURN
	* SURVEIL
	* REMAIN
	* OTHER
	* ON
	* IN
	* GREATER
	* LOOK
	* REVEAL
	* IF
	* UNDER
	* UNTAPSYMBOL
	* EXPLORES
	* PROLIFERATE
	* DRAW
	* THIS
	* MAY
	* DESTROY
	* DIE
	* PLAYERCHARACTERISTIC
	* REVEALED
	* TURNED
	* TAP
	* TAPPEDSTATUSMODIFIER
	* TIMES
	* __ANON_17
	* PLAYED
	* OBJECTCHARACTERISTIC
	* SCRY
	* DASH
	* ATTACH
	* THESE
	* ASSIGN
	* WIN
	* SHUFFLE
	* ONTO
	* NAMEREFSYMBOL
	* UNTIL
	* EXCHANGE
	* OTHERWISE
	* NON
	* PREVENT
	* THEIR
	* SWITCH
	* WHEN
	* INVESTIGATE
	* THAT
	* IS
	* CONTROL
	* WITH
	* ORDINAL
	* AN
	* LSQB
	* DAMAGETYPE
	* UNATTACHED
	* AT
	* AS
	* DOES
	* BOLSTER
	* COUNTER
	* DO
	* DETAIN
	* EFFECTSTATUSMODIFIER
	* BECOME
	* SUBTYPESPELL
	* SUPERTYPE
	* __ANON_15
	* HAS
	* MANIFEST
	* ABANDON
	* ADDITIONAL
	* ABILITYMODIFIER
	* CHOSE
	* FORAGE
	* STAR
	* TARGET
	* SEARCH
	* __ANON_19
	* LBRACE
	* SUBTYPELAND
	* ATTACK
	* BLOCK
	* EXERT
	* PLAYERTERM
	* PLAY
	* HERSELF
	* SAME
	* KEYWORDSTATUSMODIFIER
	* MELD
	* CLASH
	* SHUFFLED
	* GOAD
	* MORE
	* __ANON_21
	* UP
	* SUBTYPEARTIFACT
	* SUBTYPEENCHANTMENT
	* SUBTYPECREATUREA
	* INCUBATE
	* PUT
	* FROM
	* CHOOSE
	* REMOVE
	* LEARN
	* ANY
	* QUALIFIER
	* AMASS
	* ZONE
	* EXILE
	* ADD
	* BE
	* DOUBLE
	* WHILE
	* SACRIFICED
	* FATESEAL
	* CONVERT
	* YOUR
	* THEM
	* COMBATSTATUSMODIFIER
	* DEAL
	* RETURN
	* SKIP
	* HIMSELF
	* WITHOUT
	* UNTAP
	* POPULATE
	* CAN
	* SEARCHED
	* LOSE
	* ABLE
	* FLIP
	* SACRIFICE
	* LEVEL
	* DISCOVER
	* ONLY
	* EACH
	* UNATTACH
	* X
	* ITS
	* TYPE
	* MILL
	* CLOAK
	* SPEND
	* ALL
	* FREQUENCY
	* NUMBER
	* BLOCKED
	* NO
	* PAY
	* CREATE
	* WOULD
	* HAVE
","{B}: Mill a card.
Delirium — At the beginning of your end step, if there are four or more card types among cards in your graveyard, transform ~."
217,Confront the Unknown,25.38141545599865,False,"No terminal matches ',' in the current parser context, at line 1 col 12

Investigate, then target creature gets +1/+1 until 
           ^
Expected one of: 
	* WORD
	* DASH
","Investigate, then target creature gets +1/+1 until end of turn for each Clue you control. (Create a Clue token. it is an artifact with ""{2}, Sacrifice this artifact: Draw a card."".)"
218,Crawling Sensation,25.58507359000032,False,"No terminal matches ',' in the current parser context, at line 1 col 32

At the beginning of your upkeep, you may mill two cards. (You may put t
                               ^
Expected one of: 
	* WORD
	* DASH
","At the beginning of your upkeep, you may mill two cards. (You may put the top two cards of your library into your graveyard.)
Whenever one or more land cards are put into your graveyard from anywhere for the first time each turn, create a 1/1 green Insect creature token."
219,Cryptolith Rite,25.223087934000432,False,"No terminal matches '""' in the current parser context, at line 1 col 28

Creatures you control have ""{T}: Add one mana of any color."".
                           ^
Expected one of: 
	* WORD
	* DASH
","Creatures you control have ""{T}: Add one mana of any color.""."
220,Cult of the Waxing Moon,23.270990957000322,False,"No terminal matches '-' in the current parser context, at line 1 col 55

manent you control transforms into a non-Human creature, create a 2/2 green Wolf
                                        ^
Expected one of: 
	* WORD
	* DASH
","Whenever a permanent you control transforms into a non-Human creature, create a 2/2 green Wolf creature token."
221,Geistblast,321.8879562099992,False,"No terminal matches 'E' in the current parser context, at line 2 col 9

{2}{U}, Exile ~ from your graveyard: Copy target
        ^
Expected one of: 
	* GAIN
	* A
	* DISCARDED
	* IT
	* CAST
	* DREW
	* CYCLE
	* TRANSFORM
	* TAPSYMBOL
	* EQUAL
	* ADAPT
	* GET
	* SUBTYPEPLANESWALKER
	* INTO
	* CONTROLLED
	* ATTACHED
	* CARDINAL
	* CYCLED
	* THE
	* THOSE
	* DISCARD
	* __ANON_20
	* FIGHT
	* ATTACKED
	* LOOKED
	* SUSPECT
	* __ANON_14
	* ITSELF
	* COLORTERM
	* CONNIVE
	* ACTIVATE
	* __ANON_18
	* WHO
	* REGENERATE
	* SUBTYPECREATUREB
	* GAINED
	* SUBTYPEPLANAR
	* LESS
	* MONSTROSITY
	* SUPPORT
	* TAKE
	* TURN
	* SURVEIL
	* REMAIN
	* OTHER
	* ON
	* IN
	* GREATER
	* LOOK
	* REVEAL
	* UNDER
	* EXPLORES
	* UNTAPSYMBOL
	* PROLIFERATE
	* DRAW
	* THIS
	* DESTROY
	* DIE
	* PLAYERCHARACTERISTIC
	* REVEALED
	* TURNED
	* TAP
	* TAPPEDSTATUSMODIFIER
	* TIMES
	* __ANON_17
	* PLAYED
	* OBJECTCHARACTERISTIC
	* SCRY
	* ATTACH
	* THESE
	* ASSIGN
	* WIN
	* SHUFFLE
	* ONTO
	* NAMEREFSYMBOL
	* EXCHANGE
	* NON
	* PREVENT
	* THEIR
	* SWITCH
	* INVESTIGATE
	* THAT
	* CONTROL
	* WITH
	* ORDINAL
	* AN
	* LSQB
	* DAMAGETYPE
	* UNATTACHED
	* BOLSTER
	* COUNTER
	* DETAIN
	* EFFECTSTATUSMODIFIER
	* SUBTYPESPELL
	* SUPERTYPE
	* __ANON_15
	* MANIFEST
	* ABANDON
	* ADDITIONAL
	* ABILITYMODIFIER
	* CHOSE
	* FORAGE
	* STAR
	* TARGET
	* SEARCH
	* __ANON_19
	* SUBTYPELAND
	* LBRACE
	* ATTACK
	* BLOCK
	* EXERT
	* PLAYERTERM
	* SAME
	* HERSELF
	* KEYWORDSTATUSMODIFIER
	* MELD
	* CLASH
	* SHUFFLED
	* GOAD
	* MORE
	* __ANON_21
	* UP
	* SUBTYPEARTIFACT
	* SUBTYPEENCHANTMENT
	* SUBTYPECREATUREA
	* INCUBATE
	* PUT
	* FROM
	* REMOVE
	* CHOOSE
	* LEARN
	* ANY
	* QUALIFIER
	* AMASS
	* ZONE
	* EXILE
	* ADD
	* DOUBLE
	* YOUR
	* SACRIFICED
	* FATESEAL
	* CONVERT
	* COMBATSTATUSMODIFIER
	* THEM
	* DEAL
	* RETURN
	* SKIP
	* HIMSELF
	* WITHOUT
	* UNTAP
	* POPULATE
	* SEARCHED
	* LOSE
	* ABLE
	* FLIP
	* SACRIFICE
	* LEVEL
	* DISCOVER
	* ONLY
	* EACH
	* UNATTACH
	* X
	* ITS
	* TYPE
	* MILL
	* CLOAK
	* SPEND
	* ALL
	* FREQUENCY
	* NUMBER
	* BLOCKED
	* NO
	* PAY
	* CREATE
	* PLAY
","~ deals 2 damage to any target.
{2}{U}, Exile ~ from your graveyard: Copy target instant or sorcery spell you control. You may choose new targets for the copy."
222,Krallenhorde Howler,23.09931868700005,False,"No terminal matches '{' in the current parser context, at line 1 col 31

Creature spells you cast cost {1} less to cast.
                              ^
Expected one of: 
	* WORD
	* DASH
","Creature spells you cast cost {1} less to cast.
At the beginning of each upkeep, if a player cast two or more spells last turn, transform ~."
223,Fork in the Road,24.70382608900036,False,"No terminal matches '.' in the current parser context, at line 1 col 67

 to two basic land cards and reveal them. Put one into your hand and the other i
                                        ^
Expected one of: 
	* WORD
	* DASH
",Search your library for up to two basic land cards and reveal them. Put one into your hand and the other into your graveyard. Then shuffle.
224,Equestrian Skill,25.709910497000237,False,"No terminal matches '+' in the current parser context, at line 2 col 25

Enchanted creature gets +3/+3.
                        ^
Expected one of: 
	* WORD
	* DASH
","Enchant creature
Enchanted creature gets +3/+3.
As long as enchanted creature is a Human, it has trample."
225,Gloomwidow,26.02041207200091,False,"No terminal matches '~' in the current parser context, at line 2 col 1

~ can block only creatures with flying.
^
Expected one of: 
	* WORD
	* DASH
","Reach
~ can block only creatures with flying."
226,Graf Mole,23.64272285200059,False,"No terminal matches ',' in the current parser context, at line 1 col 30

Whenever you sacrifice a Clue, you gain 3 life.
                             ^
Expected one of: 
	* WORD
	* DASH
","Whenever you sacrifice a Clue, you gain 3 life."
227,Scourge Wolf,232.44797575600023,False,"No terminal matches '.' in the current parser context, at line 2 col 106

card types among cards in your graveyard.
                                        ^
Expected one of: 
	* WORD
	* DASH
","First strike
Delirium — ~ has double strike as long as there are four or more card types among cards in your graveyard."
228,Deathcap Cultivator,47.52258840399918,False,"No terminal matches 'A' in the current parser context, at line 1 col 6

{T}: Add {B} or {G}.
     ^
Expected one of: 
	* GAIN
	* A
	* DISCARDED
	* IT
	* BEEN
	* CAST
	* DREW
	* CYCLE
	* TRANSFORM
	* TAPSYMBOL
	* EQUAL
	* ADAPT
	* GET
	* SUBTYPEPLANESWALKER
	* THEN
	* INTO
	* CONTROLLED
	* ATTACHED
	* FOR
	* CARDINAL
	* CYCLED
	* THE
	* THOSE
	* DISCARD
	* __ANON_20
	* FIGHT
	* ATTACKED
	* LOOKED
	* SUSPECT
	* HAD
	* __ANON_14
	* ITSELF
	* COLORTERM
	* CONNIVE
	* ACTIVATE
	* __ANON_18
	* WHO
	* WHENEVER
	* REGENERATE
	* SUBTYPECREATUREB
	* GAINED
	* SUBTYPEPLANAR
	* LESS
	* MONSTROSITY
	* SUPPORT
	* TAKE
	* AFTER
	* TURN
	* SURVEIL
	* REMAIN
	* OTHER
	* ON
	* IN
	* GREATER
	* LOOK
	* REVEAL
	* IF
	* UNDER
	* UNTAPSYMBOL
	* EXPLORES
	* PROLIFERATE
	* DRAW
	* THIS
	* MAY
	* DESTROY
	* DIE
	* PLAYERCHARACTERISTIC
	* REVEALED
	* TURNED
	* TAP
	* TAPPEDSTATUSMODIFIER
	* TIMES
	* __ANON_17
	* PLAYED
	* OBJECTCHARACTERISTIC
	* SCRY
	* DASH
	* ATTACH
	* THESE
	* ASSIGN
	* WIN
	* SHUFFLE
	* ONTO
	* NAMEREFSYMBOL
	* UNTIL
	* EXCHANGE
	* OTHERWISE
	* NON
	* PREVENT
	* THEIR
	* SWITCH
	* WHEN
	* INVESTIGATE
	* THAT
	* IS
	* CONTROL
	* WITH
	* ORDINAL
	* AN
	* LSQB
	* DAMAGETYPE
	* UNATTACHED
	* AT
	* AS
	* DOES
	* BOLSTER
	* COUNTER
	* DO
	* DETAIN
	* EFFECTSTATUSMODIFIER
	* BECOME
	* SUBTYPESPELL
	* SUPERTYPE
	* __ANON_15
	* HAS
	* MANIFEST
	* ABANDON
	* ADDITIONAL
	* ABILITYMODIFIER
	* CHOSE
	* FORAGE
	* STAR
	* TARGET
	* SEARCH
	* __ANON_19
	* LBRACE
	* SUBTYPELAND
	* ATTACK
	* BLOCK
	* EXERT
	* PLAYERTERM
	* PLAY
	* HERSELF
	* SAME
	* KEYWORDSTATUSMODIFIER
	* MELD
	* CLASH
	* SHUFFLED
	* GOAD
	* MORE
	* __ANON_21
	* UP
	* SUBTYPEARTIFACT
	* SUBTYPEENCHANTMENT
	* SUBTYPECREATUREA
	* INCUBATE
	* PUT
	* FROM
	* CHOOSE
	* REMOVE
	* LEARN
	* ANY
	* QUALIFIER
	* AMASS
	* ZONE
	* EXILE
	* ADD
	* BE
	* DOUBLE
	* WHILE
	* SACRIFICED
	* FATESEAL
	* CONVERT
	* YOUR
	* THEM
	* COMBATSTATUSMODIFIER
	* DEAL
	* RETURN
	* SKIP
	* HIMSELF
	* WITHOUT
	* UNTAP
	* POPULATE
	* CAN
	* SEARCHED
	* LOSE
	* ABLE
	* FLIP
	* SACRIFICE
	* LEVEL
	* DISCOVER
	* ONLY
	* EACH
	* UNATTACH
	* X
	* ITS
	* TYPE
	* MILL
	* CLOAK
	* SPEND
	* ALL
	* FREQUENCY
	* NUMBER
	* BLOCKED
	* NO
	* PAY
	* CREATE
	* WOULD
	* HAVE
","{T}: Add {B} or {G}.
Delirium — ~ has deathtouch as long as there are four or more card types among cards in your graveyard."
229,Hermit of the Natterknolls,23.402879384999324,False,"No terminal matches ',' in the current parser context, at line 1 col 52

 opponent casts a spell during your turn, draw a card.
                                        ^
Expected one of: 
	* WORD
	* DASH
","Whenever an opponent casts a spell during your turn, draw a card.
At the beginning of each upkeep, if no spells were cast last turn, transform ~."
230,Lone Wolf of the Natterknolls,23.221055718999196,False,"No terminal matches ',' in the current parser context, at line 1 col 52

 opponent casts a spell during your turn, draw two cards.
                                        ^
Expected one of: 
	* WORD
	* DASH
","Whenever an opponent casts a spell during your turn, draw two cards.
At the beginning of each upkeep, if a player cast two or more spells last turn, transform ~."
231,Hinterland Logger,25.48045760400055,False,"No terminal matches ',' in the current parser context, at line 1 col 32

At the beginning of each upkeep, if no spells were cast last turn, tran
                               ^
Expected one of: 
	* WORD
	* DASH
","At the beginning of each upkeep, if no spells were cast last turn, transform ~."
232,Timber Shredder,25.397895862999576,False,"No terminal matches ',' in the current parser context, at line 2 col 32

At the beginning of each upkeep, if a player cast two or more spells la
                               ^
Expected one of: 
	* WORD
	* DASH
","Trample
At the beginning of each upkeep, if a player cast two or more spells last turn, transform ~."
233,Howlpack Resurgence,25.509796043999813,False,"No terminal matches '(' in the current parser context, at line 1 col 7

Flash (You may cast this spell any time you co
      ^
Expected one of: 
	* WORD
	* DASH
","Flash (You may cast this spell any time you could cast an instant.)
Each creature you control that is a Wolf or a Werewolf gets +1/+1 and has trample."
234,Intrepid Provisioner,22.938381728999957,False,"No terminal matches '~' in the current parser context, at line 2 col 6

When ~ enters, another target Human you contr
     ^
Expected one of: 
	* WORD
	* DASH
","Trample
When ~ enters, another target Human you control gets +2/+2 until end of turn."
235,Duskwatch Recruiter,88.0741130890001,False,"No terminal matches 'L' in the current parser context, at line 1 col 9

{2}{G}: Look at the top three cards of your libr
        ^
Expected one of: 
	* GAIN
	* A
	* DISCARDED
	* IT
	* BEEN
	* CAST
	* DREW
	* CYCLE
	* TRANSFORM
	* TAPSYMBOL
	* EQUAL
	* ADAPT
	* GET
	* SUBTYPEPLANESWALKER
	* THEN
	* INTO
	* CONTROLLED
	* ATTACHED
	* FOR
	* CARDINAL
	* CYCLED
	* THE
	* THOSE
	* DISCARD
	* __ANON_20
	* FIGHT
	* ATTACKED
	* LOOKED
	* SUSPECT
	* HAD
	* __ANON_14
	* ITSELF
	* COLORTERM
	* CONNIVE
	* ACTIVATE
	* __ANON_18
	* WHO
	* WHENEVER
	* REGENERATE
	* SUBTYPECREATUREB
	* GAINED
	* SUBTYPEPLANAR
	* LESS
	* MONSTROSITY
	* SUPPORT
	* TAKE
	* AFTER
	* TURN
	* SURVEIL
	* REMAIN
	* OTHER
	* ON
	* IN
	* GREATER
	* LOOK
	* REVEAL
	* IF
	* UNDER
	* UNTAPSYMBOL
	* EXPLORES
	* PROLIFERATE
	* DRAW
	* THIS
	* MAY
	* DESTROY
	* DIE
	* PLAYERCHARACTERISTIC
	* REVEALED
	* TURNED
	* TAP
	* TAPPEDSTATUSMODIFIER
	* TIMES
	* __ANON_17
	* PLAYED
	* OBJECTCHARACTERISTIC
	* SCRY
	* DASH
	* ATTACH
	* THESE
	* ASSIGN
	* WIN
	* SHUFFLE
	* ONTO
	* NAMEREFSYMBOL
	* UNTIL
	* EXCHANGE
	* OTHERWISE
	* NON
	* PREVENT
	* THEIR
	* SWITCH
	* WHEN
	* INVESTIGATE
	* THAT
	* IS
	* CONTROL
	* WITH
	* ORDINAL
	* AN
	* LSQB
	* DAMAGETYPE
	* UNATTACHED
	* AT
	* AS
	* DOES
	* BOLSTER
	* COUNTER
	* DO
	* DETAIN
	* EFFECTSTATUSMODIFIER
	* BECOME
	* SUBTYPESPELL
	* SUPERTYPE
	* __ANON_15
	* HAS
	* MANIFEST
	* ABANDON
	* ADDITIONAL
	* ABILITYMODIFIER
	* CHOSE
	* FORAGE
	* STAR
	* TARGET
	* SEARCH
	* __ANON_19
	* LBRACE
	* SUBTYPELAND
	* ATTACK
	* BLOCK
	* EXERT
	* PLAYERTERM
	* PLAY
	* HERSELF
	* SAME
	* KEYWORDSTATUSMODIFIER
	* MELD
	* CLASH
	* SHUFFLED
	* GOAD
	* MORE
	* __ANON_21
	* UP
	* SUBTYPEARTIFACT
	* SUBTYPEENCHANTMENT
	* SUBTYPECREATUREA
	* INCUBATE
	* PUT
	* FROM
	* CHOOSE
	* REMOVE
	* LEARN
	* ANY
	* QUALIFIER
	* AMASS
	* ZONE
	* EXILE
	* ADD
	* BE
	* DOUBLE
	* WHILE
	* SACRIFICED
	* FATESEAL
	* CONVERT
	* YOUR
	* THEM
	* COMBATSTATUSMODIFIER
	* DEAL
	* RETURN
	* SKIP
	* HIMSELF
	* WITHOUT
	* UNTAP
	* POPULATE
	* CAN
	* SEARCHED
	* LOSE
	* ABLE
	* FLIP
	* SACRIFICE
	* LEVEL
	* DISCOVER
	* ONLY
	* EACH
	* UNATTACH
	* X
	* ITS
	* TYPE
	* MILL
	* CLOAK
	* SPEND
	* ALL
	* FREQUENCY
	* NUMBER
	* BLOCKED
	* NO
	* PAY
	* CREATE
	* WOULD
	* HAVE
","{2}{G}: Look at the top three cards of your library. You may reveal a creature card from among them and put it into your hand. Put the rest on the bottom of your library in any order.
At the beginning of each upkeep, if no spells were cast last turn, transform ~."
236,Lambholt Butcher,25.07382526999936,False,"No terminal matches ',' in the current parser context, at line 1 col 32

At the beginning of each upkeep, if a player cast two or more spells la
                               ^
Expected one of: 
	* WORD
	* DASH
","At the beginning of each upkeep, if a player cast two or more spells last turn, transform ~."
237,Inexorable Blob,47.02116058200045,False,"No terminal matches 'W' in the current parser context, at line 1 col 12

Delirium — Whenever ~ attacks, if there are four or
           ^
Expected one of: 
	* GAIN
	* A
	* DISCARDED
	* IT
	* BEEN
	* CAST
	* DREW
	* CYCLE
	* TRANSFORM
	* TAPSYMBOL
	* EQUAL
	* ADAPT
	* GET
	* SUBTYPEPLANESWALKER
	* THEN
	* INTO
	* CONTROLLED
	* ATTACHED
	* FOR
	* CARDINAL
	* CYCLED
	* THE
	* THOSE
	* DISCARD
	* __ANON_20
	* FIGHT
	* ATTACKED
	* LOOKED
	* SUSPECT
	* HAD
	* __ANON_14
	* ITSELF
	* COLORTERM
	* CONNIVE
	* ACTIVATE
	* __ANON_18
	* WHO
	* WHENEVER
	* REGENERATE
	* SUBTYPECREATUREB
	* GAINED
	* SUBTYPEPLANAR
	* LESS
	* MONSTROSITY
	* SUPPORT
	* TAKE
	* AFTER
	* TURN
	* SURVEIL
	* REMAIN
	* OTHER
	* ON
	* IN
	* GREATER
	* LOOK
	* REVEAL
	* IF
	* UNDER
	* UNTAPSYMBOL
	* EXPLORES
	* PROLIFERATE
	* DRAW
	* THIS
	* MAY
	* DESTROY
	* DIE
	* PLAYERCHARACTERISTIC
	* REVEALED
	* TURNED
	* TAP
	* TAPPEDSTATUSMODIFIER
	* TIMES
	* __ANON_17
	* PLAYED
	* OBJECTCHARACTERISTIC
	* SCRY
	* DASH
	* ATTACH
	* THESE
	* ASSIGN
	* WIN
	* SHUFFLE
	* ONTO
	* NAMEREFSYMBOL
	* UNTIL
	* EXCHANGE
	* OTHERWISE
	* NON
	* PREVENT
	* THEIR
	* SWITCH
	* WHEN
	* INVESTIGATE
	* THAT
	* IS
	* CONTROL
	* WITH
	* ORDINAL
	* AN
	* LSQB
	* DAMAGETYPE
	* UNATTACHED
	* AT
	* AS
	* DOES
	* BOLSTER
	* COUNTER
	* DO
	* DETAIN
	* EFFECTSTATUSMODIFIER
	* BECOME
	* SUBTYPESPELL
	* SUPERTYPE
	* __ANON_15
	* HAS
	* MANIFEST
	* ABANDON
	* ADDITIONAL
	* ABILITYMODIFIER
	* CHOSE
	* FORAGE
	* STAR
	* TARGET
	* SEARCH
	* __ANON_19
	* LBRACE
	* SUBTYPELAND
	* ATTACK
	* BLOCK
	* EXERT
	* PLAYERTERM
	* PLAY
	* HERSELF
	* SAME
	* KEYWORDSTATUSMODIFIER
	* MELD
	* CLASH
	* SHUFFLED
	* GOAD
	* MORE
	* __ANON_21
	* UP
	* SUBTYPEARTIFACT
	* SUBTYPEENCHANTMENT
	* SUBTYPECREATUREA
	* INCUBATE
	* PUT
	* FROM
	* CHOOSE
	* REMOVE
	* LEARN
	* ANY
	* QUALIFIER
	* AMASS
	* ZONE
	* EXILE
	* ADD
	* BE
	* DOUBLE
	* WHILE
	* SACRIFICED
	* FATESEAL
	* CONVERT
	* YOUR
	* THEM
	* COMBATSTATUSMODIFIER
	* DEAL
	* RETURN
	* SKIP
	* HIMSELF
	* WITHOUT
	* UNTAP
	* POPULATE
	* CAN
	* SEARCHED
	* LOSE
	* ABLE
	* FLIP
	* SACRIFICE
	* LEVEL
	* DISCOVER
	* ONLY
	* EACH
	* UNATTACH
	* X
	* ITS
	* TYPE
	* MILL
	* CLOAK
	* SPEND
	* ALL
	* FREQUENCY
	* NUMBER
	* BLOCKED
	* NO
	* PAY
	* CREATE
	* WOULD
	* HAVE
","Delirium — Whenever ~ attacks, if there are four or more card types among cards in your graveyard, create a 3/3 green Ooze creature token that is tapped and attacking."
238,Might Beyond Reason,25.257185942000433,False,"No terminal matches '+' in the current parser context, at line 1 col 9

Put two +1/+1 counters on target creature.
        ^
Expected one of: 
	* WORD
	* DASH
","Put two +1/+1 counters on target creature.
Delirium — Put three +1/+1 counters on that creature instead if there are four or more card types among cards in your graveyard."
239,Groundskeeper,87.20704276700053,False,"No terminal matches 'R' in the current parser context, at line 1 col 9

{1}{G}: Return target basic land card from your 
        ^
Expected one of: 
	* GAIN
	* A
	* DISCARDED
	* IT
	* BEEN
	* CAST
	* DREW
	* CYCLE
	* TRANSFORM
	* TAPSYMBOL
	* EQUAL
	* ADAPT
	* GET
	* SUBTYPEPLANESWALKER
	* THEN
	* INTO
	* CONTROLLED
	* ATTACHED
	* FOR
	* CARDINAL
	* CYCLED
	* THE
	* THOSE
	* DISCARD
	* __ANON_20
	* FIGHT
	* ATTACKED
	* LOOKED
	* SUSPECT
	* HAD
	* __ANON_14
	* ITSELF
	* COLORTERM
	* CONNIVE
	* ACTIVATE
	* __ANON_18
	* WHO
	* WHENEVER
	* REGENERATE
	* SUBTYPECREATUREB
	* GAINED
	* SUBTYPEPLANAR
	* LESS
	* MONSTROSITY
	* SUPPORT
	* TAKE
	* AFTER
	* TURN
	* SURVEIL
	* REMAIN
	* OTHER
	* ON
	* IN
	* GREATER
	* LOOK
	* REVEAL
	* IF
	* UNDER
	* UNTAPSYMBOL
	* EXPLORES
	* PROLIFERATE
	* DRAW
	* THIS
	* MAY
	* DESTROY
	* DIE
	* PLAYERCHARACTERISTIC
	* REVEALED
	* TURNED
	* TAP
	* TAPPEDSTATUSMODIFIER
	* TIMES
	* __ANON_17
	* PLAYED
	* OBJECTCHARACTERISTIC
	* SCRY
	* DASH
	* ATTACH
	* THESE
	* ASSIGN
	* WIN
	* SHUFFLE
	* ONTO
	* NAMEREFSYMBOL
	* UNTIL
	* EXCHANGE
	* OTHERWISE
	* NON
	* PREVENT
	* THEIR
	* SWITCH
	* WHEN
	* INVESTIGATE
	* THAT
	* IS
	* CONTROL
	* WITH
	* ORDINAL
	* AN
	* LSQB
	* DAMAGETYPE
	* UNATTACHED
	* AT
	* AS
	* DOES
	* BOLSTER
	* COUNTER
	* DO
	* DETAIN
	* EFFECTSTATUSMODIFIER
	* BECOME
	* SUBTYPESPELL
	* SUPERTYPE
	* __ANON_15
	* HAS
	* MANIFEST
	* ABANDON
	* ADDITIONAL
	* ABILITYMODIFIER
	* CHOSE
	* FORAGE
	* STAR
	* TARGET
	* SEARCH
	* __ANON_19
	* LBRACE
	* SUBTYPELAND
	* ATTACK
	* BLOCK
	* EXERT
	* PLAYERTERM
	* PLAY
	* HERSELF
	* SAME
	* KEYWORDSTATUSMODIFIER
	* MELD
	* CLASH
	* SHUFFLED
	* GOAD
	* MORE
	* __ANON_21
	* UP
	* SUBTYPEARTIFACT
	* SUBTYPEENCHANTMENT
	* SUBTYPECREATUREA
	* INCUBATE
	* PUT
	* FROM
	* CHOOSE
	* REMOVE
	* LEARN
	* ANY
	* QUALIFIER
	* AMASS
	* ZONE
	* EXILE
	* ADD
	* BE
	* DOUBLE
	* WHILE
	* SACRIFICED
	* FATESEAL
	* CONVERT
	* YOUR
	* THEM
	* COMBATSTATUSMODIFIER
	* DEAL
	* RETURN
	* SKIP
	* HIMSELF
	* WITHOUT
	* UNTAP
	* POPULATE
	* CAN
	* SEARCHED
	* LOSE
	* ABLE
	* FLIP
	* SACRIFICE
	* LEVEL
	* DISCOVER
	* ONLY
	* EACH
	* UNATTACH
	* X
	* ITS
	* TYPE
	* MILL
	* CLOAK
	* SPEND
	* ALL
	* FREQUENCY
	* NUMBER
	* BLOCKED
	* NO
	* PAY
	* CREATE
	* WOULD
	* HAVE
",{1}{G}: Return target basic land card from your graveyard to your hand.
240,Loam Dryad,42.427044399000806,False,"No terminal matches 'T' in the current parser context, at line 1 col 6

{T}, Tap an untapped creature you control: Ad
     ^
Expected one of: 
	* GAIN
	* A
	* DISCARDED
	* IT
	* CAST
	* DREW
	* CYCLE
	* TRANSFORM
	* TAPSYMBOL
	* EQUAL
	* ADAPT
	* GET
	* SUBTYPEPLANESWALKER
	* INTO
	* CONTROLLED
	* ATTACHED
	* CARDINAL
	* CYCLED
	* THE
	* THOSE
	* DISCARD
	* __ANON_20
	* FIGHT
	* ATTACKED
	* LOOKED
	* SUSPECT
	* __ANON_14
	* ITSELF
	* COLORTERM
	* CONNIVE
	* ACTIVATE
	* __ANON_18
	* WHO
	* REGENERATE
	* SUBTYPECREATUREB
	* GAINED
	* SUBTYPEPLANAR
	* LESS
	* MONSTROSITY
	* SUPPORT
	* TAKE
	* TURN
	* SURVEIL
	* REMAIN
	* OTHER
	* ON
	* IN
	* GREATER
	* LOOK
	* REVEAL
	* UNDER
	* EXPLORES
	* UNTAPSYMBOL
	* PROLIFERATE
	* DRAW
	* THIS
	* DESTROY
	* DIE
	* PLAYERCHARACTERISTIC
	* REVEALED
	* TURNED
	* TAP
	* TAPPEDSTATUSMODIFIER
	* TIMES
	* __ANON_17
	* PLAYED
	* OBJECTCHARACTERISTIC
	* SCRY
	* ATTACH
	* THESE
	* ASSIGN
	* WIN
	* SHUFFLE
	* ONTO
	* NAMEREFSYMBOL
	* EXCHANGE
	* NON
	* PREVENT
	* THEIR
	* SWITCH
	* INVESTIGATE
	* THAT
	* CONTROL
	* WITH
	* ORDINAL
	* AN
	* LSQB
	* DAMAGETYPE
	* UNATTACHED
	* BOLSTER
	* COUNTER
	* DETAIN
	* EFFECTSTATUSMODIFIER
	* SUBTYPESPELL
	* SUPERTYPE
	* __ANON_15
	* MANIFEST
	* ABANDON
	* ADDITIONAL
	* ABILITYMODIFIER
	* CHOSE
	* FORAGE
	* STAR
	* TARGET
	* SEARCH
	* __ANON_19
	* SUBTYPELAND
	* LBRACE
	* ATTACK
	* BLOCK
	* EXERT
	* PLAYERTERM
	* SAME
	* HERSELF
	* KEYWORDSTATUSMODIFIER
	* MELD
	* CLASH
	* SHUFFLED
	* GOAD
	* MORE
	* __ANON_21
	* UP
	* SUBTYPEARTIFACT
	* SUBTYPEENCHANTMENT
	* SUBTYPECREATUREA
	* INCUBATE
	* PUT
	* FROM
	* REMOVE
	* CHOOSE
	* LEARN
	* ANY
	* QUALIFIER
	* AMASS
	* ZONE
	* EXILE
	* ADD
	* DOUBLE
	* YOUR
	* SACRIFICED
	* FATESEAL
	* CONVERT
	* COMBATSTATUSMODIFIER
	* THEM
	* DEAL
	* RETURN
	* SKIP
	* HIMSELF
	* WITHOUT
	* UNTAP
	* POPULATE
	* SEARCHED
	* LOSE
	* ABLE
	* FLIP
	* SACRIFICE
	* LEVEL
	* DISCOVER
	* ONLY
	* EACH
	* UNATTACH
	* X
	* ITS
	* TYPE
	* MILL
	* CLOAK
	* SPEND
	* ALL
	* FREQUENCY
	* NUMBER
	* BLOCKED
	* NO
	* PAY
	* CREATE
	* PLAY
","{T}, Tap an untapped creature you control: Add one mana of any color."
241,Moonlight Hunt,25.336381543000243,False,"No terminal matches '.' in the current parser context, at line 1 col 42

hoose target creature you do not control. Each creature you control that is a Wo
                                        ^
Expected one of: 
	* WORD
	* DASH
",Choose target creature you do not control. Each creature you control that is a Wolf or a Werewolf deals damage equal to its power to that creature.
242,Obsessive Skinner,25.083758404000037,False,"No terminal matches '~' in the current parser context, at line 1 col 6

When ~ enters, put a +1/+1 counter on target 
     ^
Expected one of: 
	* WORD
	* DASH
","When ~ enters, put a +1/+1 counter on target creature.
Delirium — At the beginning of each opponent's upkeep, if there are four or more card types among cards in your graveyard, put a +1/+1 counter on target creature."
243,Pack Guardian,24.988366154000687,False,"No terminal matches '(' in the current parser context, at line 1 col 7

Flash (You may cast this spell any time you co
      ^
Expected one of: 
	* WORD
	* DASH
","Flash (You may cast this spell any time you could cast an instant.)
When ~ enters, you may discard a land card. If you do, create a 2/2 green Wolf creature token."
244,Rabid Bite,25.438617527001043,False,"No terminal matches '.' in the current parser context, at line 1 col 98

er to target creature you do not control.
                                        ^
Expected one of: 
	* WORD
	* DASH
",Target creature you control deals damage equal to its power to target creature you do not control.
245,Root Out,22.879013863999717,False,"No terminal matches '.' in the current parser context, at line 1 col 39

Destroy target artifact or enchantment.
                                      ^
Expected one of: 
	* WORD
	* DASH
","Destroy target artifact or enchantment.
Investigate. (Create a Clue token. it is an artifact with ""{2}, Sacrifice this artifact: Draw a card."".)"
246,Werewolf of Ancient Hunger,23.177925714000594,False,"No terminal matches ',' in the current parser context, at line 1 col 10

Vigilance, trample
         ^
Expected one of: 
	* WORD
	* DASH
","Vigilance, trample
~'s power and toughness are each equal to the total number of cards in all players' hands.
At the beginning of each upkeep, if a player cast two or more spells last turn, transform ~."
247,Seasons Past,22.545603562000906,False,"No terminal matches '.' in the current parser context, at line 1 col 87

 values from your graveyard to your hand. Put ~ on the bottom of its owner's lib
                                        ^
Expected one of: 
	* WORD
	* DASH
",Return any number of cards with different mana values from your graveyard to your hand. Put ~ on the bottom of its owner's library.
248,Second Harvest,25.319932678999976,False,"No terminal matches ',' in the current parser context, at line 1 col 27

For each token you control, create a token that is a copy of that 
                          ^
Expected one of: 
	* WORD
	* DASH
","For each token you control, create a token that is a copy of that permanent."
249,Silverfur Partisan,24.804387443999076,False,"No terminal matches ',' in the current parser context, at line 2 col 90

he target of an instant or sorcery spell, create a 2/2 green Wolf creature token
                                        ^
Expected one of: 
	* WORD
	* DASH
","Trample
Whenever a Wolf or Werewolf you control becomes the target of an instant or sorcery spell, create a 2/2 green Wolf creature token."
250,Solitary Hunter,25.61588282699995,False,"No terminal matches ',' in the current parser context, at line 1 col 32

At the beginning of each upkeep, if no spells were cast last turn, tran
                               ^
Expected one of: 
	* WORD
	* DASH
","At the beginning of each upkeep, if no spells were cast last turn, transform ~."
251,One of the Pack,25.446426014999815,False,"No terminal matches ',' in the current parser context, at line 1 col 32

At the beginning of each upkeep, if a player cast two or more spells la
                               ^
Expected one of: 
	* WORD
	* DASH
","At the beginning of each upkeep, if a player cast two or more spells last turn, transform ~."
252,Thornhide Wolves,3.4559998312033713e-06,False,'text',
253,Stoic Builder,25.60739258799913,False,"No terminal matches '~' in the current parser context, at line 1 col 6

When ~ enters, you may return target land car
     ^
Expected one of: 
	* WORD
	* DASH
","When ~ enters, you may return target land card from your graveyard to your hand."
254,Soul Swallower,47.719805503000316,False,"No terminal matches 'A' in the current parser context, at line 2 col 12

Delirium — At the beginning of your upkeep, if ther
           ^
Expected one of: 
	* GAIN
	* A
	* DISCARDED
	* IT
	* BEEN
	* CAST
	* DREW
	* CYCLE
	* TRANSFORM
	* TAPSYMBOL
	* EQUAL
	* ADAPT
	* GET
	* SUBTYPEPLANESWALKER
	* THEN
	* INTO
	* CONTROLLED
	* ATTACHED
	* FOR
	* CARDINAL
	* CYCLED
	* THE
	* THOSE
	* DISCARD
	* __ANON_20
	* FIGHT
	* ATTACKED
	* LOOKED
	* SUSPECT
	* HAD
	* __ANON_14
	* ITSELF
	* COLORTERM
	* CONNIVE
	* ACTIVATE
	* __ANON_18
	* WHO
	* WHENEVER
	* REGENERATE
	* SUBTYPECREATUREB
	* GAINED
	* SUBTYPEPLANAR
	* LESS
	* MONSTROSITY
	* SUPPORT
	* TAKE
	* AFTER
	* TURN
	* SURVEIL
	* REMAIN
	* OTHER
	* ON
	* IN
	* GREATER
	* LOOK
	* REVEAL
	* IF
	* UNDER
	* UNTAPSYMBOL
	* EXPLORES
	* PROLIFERATE
	* DRAW
	* THIS
	* MAY
	* DESTROY
	* DIE
	* PLAYERCHARACTERISTIC
	* REVEALED
	* TURNED
	* TAP
	* TAPPEDSTATUSMODIFIER
	* TIMES
	* __ANON_17
	* PLAYED
	* OBJECTCHARACTERISTIC
	* SCRY
	* DASH
	* ATTACH
	* THESE
	* ASSIGN
	* WIN
	* SHUFFLE
	* ONTO
	* NAMEREFSYMBOL
	* UNTIL
	* EXCHANGE
	* OTHERWISE
	* NON
	* PREVENT
	* THEIR
	* SWITCH
	* WHEN
	* INVESTIGATE
	* THAT
	* IS
	* CONTROL
	* WITH
	* ORDINAL
	* AN
	* LSQB
	* DAMAGETYPE
	* UNATTACHED
	* AT
	* AS
	* DOES
	* BOLSTER
	* COUNTER
	* DO
	* DETAIN
	* EFFECTSTATUSMODIFIER
	* BECOME
	* SUBTYPESPELL
	* SUPERTYPE
	* __ANON_15
	* HAS
	* MANIFEST
	* ABANDON
	* ADDITIONAL
	* ABILITYMODIFIER
	* CHOSE
	* FORAGE
	* STAR
	* TARGET
	* SEARCH
	* __ANON_19
	* LBRACE
	* SUBTYPELAND
	* ATTACK
	* BLOCK
	* EXERT
	* PLAYERTERM
	* PLAY
	* HERSELF
	* SAME
	* KEYWORDSTATUSMODIFIER
	* MELD
	* CLASH
	* SHUFFLED
	* GOAD
	* MORE
	* __ANON_21
	* UP
	* SUBTYPEARTIFACT
	* SUBTYPEENCHANTMENT
	* SUBTYPECREATUREA
	* INCUBATE
	* PUT
	* FROM
	* CHOOSE
	* REMOVE
	* LEARN
	* ANY
	* QUALIFIER
	* AMASS
	* ZONE
	* EXILE
	* ADD
	* BE
	* DOUBLE
	* WHILE
	* SACRIFICED
	* FATESEAL
	* CONVERT
	* YOUR
	* THEM
	* COMBATSTATUSMODIFIER
	* DEAL
	* RETURN
	* SKIP
	* HIMSELF
	* WITHOUT
	* UNTAP
	* POPULATE
	* CAN
	* SEARCHED
	* LOSE
	* ABLE
	* FLIP
	* SACRIFICE
	* LEVEL
	* DISCOVER
	* ONLY
	* EACH
	* UNATTACH
	* X
	* ITS
	* TYPE
	* MILL
	* CLOAK
	* SPEND
	* ALL
	* FREQUENCY
	* NUMBER
	* BLOCKED
	* NO
	* PAY
	* CREATE
	* WOULD
	* HAVE
","Trample
Delirium — At the beginning of your upkeep, if there are four or more card types among cards in your graveyard, put three +1/+1 counters on ~."
255,Kessig Dire Swine,181.88743738199992,False,"No terminal matches '.' in the current parser context, at line 1 col 100

card types among cards in your graveyard.
                                        ^
Expected one of: 
	* WORD
	* DASH
",Delirium — ~ has trample as long as there are four or more card types among cards in your graveyard.
256,Traverse the Ulvenwald,24.91730499299956,False,"No terminal matches ',' in the current parser context, at line 1 col 42

earch your library for a basic land card, reveal it, put it into your hand, then
                                        ^
Expected one of: 
	* WORD
	* DASH
","Search your library for a basic land card, reveal it, put it into your hand, then shuffle.
Delirium — If there are four or more card types among cards in your graveyard, instead search your library for a creature or land card, reveal it, put it into your hand, then shuffle."
257,Tireless Tracker,47.603709463000996,False,"No terminal matches 'W' in the current parser context, at line 1 col 12

Landfall — Whenever a land you control enters, inve
           ^
Expected one of: 
	* GAIN
	* A
	* DISCARDED
	* IT
	* BEEN
	* CAST
	* DREW
	* CYCLE
	* TRANSFORM
	* TAPSYMBOL
	* EQUAL
	* ADAPT
	* GET
	* SUBTYPEPLANESWALKER
	* THEN
	* INTO
	* CONTROLLED
	* ATTACHED
	* FOR
	* CARDINAL
	* CYCLED
	* THE
	* THOSE
	* DISCARD
	* __ANON_20
	* FIGHT
	* ATTACKED
	* LOOKED
	* SUSPECT
	* HAD
	* __ANON_14
	* ITSELF
	* COLORTERM
	* CONNIVE
	* ACTIVATE
	* __ANON_18
	* WHO
	* WHENEVER
	* REGENERATE
	* SUBTYPECREATUREB
	* GAINED
	* SUBTYPEPLANAR
	* LESS
	* MONSTROSITY
	* SUPPORT
	* TAKE
	* AFTER
	* TURN
	* SURVEIL
	* REMAIN
	* OTHER
	* ON
	* IN
	* GREATER
	* LOOK
	* REVEAL
	* IF
	* UNDER
	* UNTAPSYMBOL
	* EXPLORES
	* PROLIFERATE
	* DRAW
	* THIS
	* MAY
	* DESTROY
	* DIE
	* PLAYERCHARACTERISTIC
	* REVEALED
	* TURNED
	* TAP
	* TAPPEDSTATUSMODIFIER
	* TIMES
	* __ANON_17
	* PLAYED
	* OBJECTCHARACTERISTIC
	* SCRY
	* DASH
	* ATTACH
	* THESE
	* ASSIGN
	* WIN
	* SHUFFLE
	* ONTO
	* NAMEREFSYMBOL
	* UNTIL
	* EXCHANGE
	* OTHERWISE
	* NON
	* PREVENT
	* THEIR
	* SWITCH
	* WHEN
	* INVESTIGATE
	* THAT
	* IS
	* CONTROL
	* WITH
	* ORDINAL
	* AN
	* LSQB
	* DAMAGETYPE
	* UNATTACHED
	* AT
	* AS
	* DOES
	* BOLSTER
	* COUNTER
	* DO
	* DETAIN
	* EFFECTSTATUSMODIFIER
	* BECOME
	* SUBTYPESPELL
	* SUPERTYPE
	* __ANON_15
	* HAS
	* MANIFEST
	* ABANDON
	* ADDITIONAL
	* ABILITYMODIFIER
	* CHOSE
	* FORAGE
	* STAR
	* TARGET
	* SEARCH
	* __ANON_19
	* LBRACE
	* SUBTYPELAND
	* ATTACK
	* BLOCK
	* EXERT
	* PLAYERTERM
	* PLAY
	* HERSELF
	* SAME
	* KEYWORDSTATUSMODIFIER
	* MELD
	* CLASH
	* SHUFFLED
	* GOAD
	* MORE
	* __ANON_21
	* UP
	* SUBTYPEARTIFACT
	* SUBTYPEENCHANTMENT
	* SUBTYPECREATUREA
	* INCUBATE
	* PUT
	* FROM
	* CHOOSE
	* REMOVE
	* LEARN
	* ANY
	* QUALIFIER
	* AMASS
	* ZONE
	* EXILE
	* ADD
	* BE
	* DOUBLE
	* WHILE
	* SACRIFICED
	* FATESEAL
	* CONVERT
	* YOUR
	* THEM
	* COMBATSTATUSMODIFIER
	* DEAL
	* RETURN
	* SKIP
	* HIMSELF
	* WITHOUT
	* UNTAP
	* POPULATE
	* CAN
	* SEARCHED
	* LOSE
	* ABLE
	* FLIP
	* SACRIFICE
	* LEVEL
	* DISCOVER
	* ONLY
	* EACH
	* UNATTACH
	* X
	* ITS
	* TYPE
	* MILL
	* CLOAK
	* SPEND
	* ALL
	* FREQUENCY
	* NUMBER
	* BLOCKED
	* NO
	* PAY
	* CREATE
	* WOULD
	* HAVE
","Landfall — Whenever a land you control enters, investigate. (Create a Clue token. it is an artifact with ""{2}, Sacrifice this artifact: Draw a card."".)
Whenever you sacrifice a Clue, put a +1/+1 counter on ~."
258,Ulvenwald Hydra,24.56817455199962,False,"No terminal matches '~' in the current parser context, at line 2 col 1

~'s power and toughness are each equal t
^
Expected one of: 
	* WORD
	* DASH
","Reach
~'s power and toughness are each equal to the number of lands you control.
When ~ enters, you may search your library for a land card, put it onto the battlefield tapped, then shuffle."
259,Moldgraf Scavenger,161.3673676899998,False,"No terminal matches '.' in the current parser context, at line 1 col 99

card types among cards in your graveyard.
                                        ^
Expected one of: 
	* WORD
	* DASH
",Delirium — ~ gets +3/+0 as long as there are four or more card types among cards in your graveyard.
260,Ulvenwald Mysteries,24.16297099700023,False,"No terminal matches ',' in the current parser context, at line 1 col 46

ver a nontoken creature you control dies, investigate. (Create a Clue token. it 
                                        ^
Expected one of: 
	* WORD
	* DASH
","Whenever a nontoken creature you control dies, investigate. (Create a Clue token. it is an artifact with ""{2}, Sacrifice this artifact: Draw a card."".)
Whenever you sacrifice a Clue, create a 1/1 white Human Soldier creature token."
261,Watcher in the Web,23.89919356899918,False,"No terminal matches '(' in the current parser context, at line 1 col 7

Reach (This creature can block creatures with 
      ^
Expected one of: 
	* WORD
	* DASH
","Reach (This creature can block creatures with flying.)
~ can block an additional seven creatures each combat."
262,Weirding Wood,24.346773661000043,False,"No terminal matches '~' in the current parser context, at line 2 col 6

When ~ enters, investigate. (Create a Clue to
     ^
Expected one of: 
	* WORD
	* DASH
","Enchant land
When ~ enters, investigate. (Create a Clue token. it is an artifact with ""{2}, Sacrifice this artifact: Draw a card."".)
Enchanted land has ""{T}: Add two mana of any one color.""."
263,Altered Ego,22.294827643001554,False,"No terminal matches '.' in the current parser context, at line 1 col 32

This spell can not be countered.
                               ^
Expected one of: 
	* WORD
	* DASH
","This spell can not be countered.
You may have ~ enter as a copy of any creature on the battlefield, except it enters with X additional +1/+1 counters on it."
264,Anguished Unmaking,22.233664326000508,False,"No terminal matches '.' in the current parser context, at line 1 col 31

Exile target nonland permanent. You lose 3 life.
                              ^
Expected one of: 
	* WORD
	* DASH
",Exile target nonland permanent. You lose 3 life.
265,Quilled Wolf,201.87195979900025,True,,{5}{G}: ~ gets +4/+4 until end of turn.
266,Fevered Visions,23.90046402200096,False,"No terminal matches ''' in the current parser context, at line 1 col 32

At the beginning of each player's end step, that player draws a card. I
                               ^
Expected one of: 
	* WORD
	* DASH
","At the beginning of each player's end step, that player draws a card. If the player is your opponent and has four or more cards in hand, ~ deals 2 damage to that player."
267,Vessel of Nascency,79.70404075299848,False,"No terminal matches 'S' in the current parser context, at line 1 col 9

{1}{G}, Sacrifice ~: Reveal the top four cards o
        ^
Expected one of: 
	* GAIN
	* A
	* DISCARDED
	* IT
	* CAST
	* DREW
	* CYCLE
	* TRANSFORM
	* TAPSYMBOL
	* EQUAL
	* ADAPT
	* GET
	* SUBTYPEPLANESWALKER
	* INTO
	* CONTROLLED
	* ATTACHED
	* CARDINAL
	* CYCLED
	* THE
	* THOSE
	* DISCARD
	* __ANON_20
	* FIGHT
	* ATTACKED
	* LOOKED
	* SUSPECT
	* __ANON_14
	* ITSELF
	* COLORTERM
	* CONNIVE
	* ACTIVATE
	* __ANON_18
	* WHO
	* REGENERATE
	* SUBTYPECREATUREB
	* GAINED
	* SUBTYPEPLANAR
	* LESS
	* MONSTROSITY
	* SUPPORT
	* TAKE
	* TURN
	* SURVEIL
	* REMAIN
	* OTHER
	* ON
	* IN
	* GREATER
	* LOOK
	* REVEAL
	* UNDER
	* EXPLORES
	* UNTAPSYMBOL
	* PROLIFERATE
	* DRAW
	* THIS
	* DESTROY
	* DIE
	* PLAYERCHARACTERISTIC
	* REVEALED
	* TURNED
	* TAP
	* TAPPEDSTATUSMODIFIER
	* TIMES
	* __ANON_17
	* PLAYED
	* OBJECTCHARACTERISTIC
	* SCRY
	* ATTACH
	* THESE
	* ASSIGN
	* WIN
	* SHUFFLE
	* ONTO
	* NAMEREFSYMBOL
	* EXCHANGE
	* NON
	* PREVENT
	* THEIR
	* SWITCH
	* INVESTIGATE
	* THAT
	* CONTROL
	* WITH
	* ORDINAL
	* AN
	* LSQB
	* DAMAGETYPE
	* UNATTACHED
	* BOLSTER
	* COUNTER
	* DETAIN
	* EFFECTSTATUSMODIFIER
	* SUBTYPESPELL
	* SUPERTYPE
	* __ANON_15
	* MANIFEST
	* ABANDON
	* ADDITIONAL
	* ABILITYMODIFIER
	* CHOSE
	* FORAGE
	* STAR
	* TARGET
	* SEARCH
	* __ANON_19
	* SUBTYPELAND
	* LBRACE
	* ATTACK
	* BLOCK
	* EXERT
	* PLAYERTERM
	* SAME
	* HERSELF
	* KEYWORDSTATUSMODIFIER
	* MELD
	* CLASH
	* SHUFFLED
	* GOAD
	* MORE
	* __ANON_21
	* UP
	* SUBTYPEARTIFACT
	* SUBTYPEENCHANTMENT
	* SUBTYPECREATUREA
	* INCUBATE
	* PUT
	* FROM
	* REMOVE
	* CHOOSE
	* LEARN
	* ANY
	* QUALIFIER
	* AMASS
	* ZONE
	* EXILE
	* ADD
	* DOUBLE
	* YOUR
	* SACRIFICED
	* FATESEAL
	* CONVERT
	* COMBATSTATUSMODIFIER
	* THEM
	* DEAL
	* RETURN
	* SKIP
	* HIMSELF
	* WITHOUT
	* UNTAP
	* POPULATE
	* SEARCHED
	* LOSE
	* ABLE
	* FLIP
	* SACRIFICE
	* LEVEL
	* DISCOVER
	* ONLY
	* EACH
	* UNATTACH
	* X
	* ITS
	* TYPE
	* MILL
	* CLOAK
	* SPEND
	* ALL
	* FREQUENCY
	* NUMBER
	* BLOCKED
	* NO
	* PAY
	* CREATE
	* PLAY
","{1}{G}, Sacrifice ~: Reveal the top four cards of your library. You may put an artifact, creature, enchantment, land, or planeswalker card from among them into your hand. Put the rest into your graveyard."
268,Arlinn Kord,45.73127998000018,False,"No terminal matches 'U' in the current parser context, at line 1 col 7

[+1]: Until end of turn, up to one target crea
      ^
Expected one of: 
	* GAIN
	* A
	* DISCARDED
	* IT
	* BEEN
	* CAST
	* DREW
	* CYCLE
	* TRANSFORM
	* TAPSYMBOL
	* EQUAL
	* ADAPT
	* GET
	* SUBTYPEPLANESWALKER
	* THEN
	* INTO
	* CONTROLLED
	* ATTACHED
	* FOR
	* CARDINAL
	* CYCLED
	* THE
	* THOSE
	* DISCARD
	* __ANON_20
	* FIGHT
	* ATTACKED
	* LOOKED
	* SUSPECT
	* HAD
	* __ANON_14
	* ITSELF
	* COLORTERM
	* CONNIVE
	* ACTIVATE
	* __ANON_18
	* WHO
	* WHENEVER
	* REGENERATE
	* SUBTYPECREATUREB
	* GAINED
	* SUBTYPEPLANAR
	* LESS
	* MONSTROSITY
	* SUPPORT
	* TAKE
	* AFTER
	* TURN
	* SURVEIL
	* REMAIN
	* OTHER
	* ON
	* IN
	* GREATER
	* LOOK
	* REVEAL
	* IF
	* UNDER
	* UNTAPSYMBOL
	* EXPLORES
	* PROLIFERATE
	* DRAW
	* THIS
	* MAY
	* DESTROY
	* DIE
	* PLAYERCHARACTERISTIC
	* REVEALED
	* TURNED
	* TAP
	* TAPPEDSTATUSMODIFIER
	* TIMES
	* __ANON_17
	* PLAYED
	* OBJECTCHARACTERISTIC
	* SCRY
	* DASH
	* ATTACH
	* THESE
	* ASSIGN
	* WIN
	* SHUFFLE
	* ONTO
	* NAMEREFSYMBOL
	* UNTIL
	* EXCHANGE
	* OTHERWISE
	* NON
	* PREVENT
	* THEIR
	* SWITCH
	* WHEN
	* INVESTIGATE
	* THAT
	* IS
	* CONTROL
	* WITH
	* ORDINAL
	* AN
	* LSQB
	* DAMAGETYPE
	* UNATTACHED
	* AT
	* AS
	* DOES
	* BOLSTER
	* COUNTER
	* DO
	* DETAIN
	* EFFECTSTATUSMODIFIER
	* BECOME
	* SUBTYPESPELL
	* SUPERTYPE
	* __ANON_15
	* HAS
	* MANIFEST
	* ABANDON
	* ADDITIONAL
	* ABILITYMODIFIER
	* CHOSE
	* FORAGE
	* STAR
	* TARGET
	* SEARCH
	* __ANON_19
	* LBRACE
	* SUBTYPELAND
	* ATTACK
	* BLOCK
	* EXERT
	* PLAYERTERM
	* PLAY
	* HERSELF
	* SAME
	* KEYWORDSTATUSMODIFIER
	* MELD
	* CLASH
	* SHUFFLED
	* GOAD
	* MORE
	* __ANON_21
	* UP
	* SUBTYPEARTIFACT
	* SUBTYPEENCHANTMENT
	* SUBTYPECREATUREA
	* INCUBATE
	* PUT
	* FROM
	* CHOOSE
	* REMOVE
	* LEARN
	* ANY
	* QUALIFIER
	* AMASS
	* ZONE
	* EXILE
	* ADD
	* BE
	* DOUBLE
	* WHILE
	* SACRIFICED
	* FATESEAL
	* CONVERT
	* YOUR
	* THEM
	* COMBATSTATUSMODIFIER
	* DEAL
	* RETURN
	* SKIP
	* HIMSELF
	* WITHOUT
	* UNTAP
	* POPULATE
	* CAN
	* SEARCHED
	* LOSE
	* ABLE
	* FLIP
	* SACRIFICE
	* LEVEL
	* DISCOVER
	* ONLY
	* EACH
	* UNATTACH
	* X
	* ITS
	* TYPE
	* MILL
	* CLOAK
	* SPEND
	* ALL
	* FREQUENCY
	* NUMBER
	* BLOCKED
	* NO
	* PAY
	* CREATE
	* WOULD
	* HAVE
","[+1]: Until end of turn, up to one target creature gets +2/+2 and gains vigilance and haste.
[0]: Create a 2/2 green Wolf creature token. Transform ~."
269,Veteran Cathar,84.23017783700016,False,"No terminal matches 'T' in the current parser context, at line 1 col 9

{3}{W}: Target Human gains double strike until e
        ^
Expected one of: 
	* GAIN
	* A
	* DISCARDED
	* IT
	* BEEN
	* CAST
	* DREW
	* CYCLE
	* TRANSFORM
	* TAPSYMBOL
	* EQUAL
	* ADAPT
	* GET
	* SUBTYPEPLANESWALKER
	* THEN
	* INTO
	* CONTROLLED
	* ATTACHED
	* FOR
	* CARDINAL
	* CYCLED
	* THE
	* THOSE
	* DISCARD
	* __ANON_20
	* FIGHT
	* ATTACKED
	* LOOKED
	* SUSPECT
	* HAD
	* __ANON_14
	* ITSELF
	* COLORTERM
	* CONNIVE
	* ACTIVATE
	* __ANON_18
	* WHO
	* WHENEVER
	* REGENERATE
	* SUBTYPECREATUREB
	* GAINED
	* SUBTYPEPLANAR
	* LESS
	* MONSTROSITY
	* SUPPORT
	* TAKE
	* AFTER
	* TURN
	* SURVEIL
	* REMAIN
	* OTHER
	* ON
	* IN
	* GREATER
	* LOOK
	* REVEAL
	* IF
	* UNDER
	* UNTAPSYMBOL
	* EXPLORES
	* PROLIFERATE
	* DRAW
	* THIS
	* MAY
	* DESTROY
	* DIE
	* PLAYERCHARACTERISTIC
	* REVEALED
	* TURNED
	* TAP
	* TAPPEDSTATUSMODIFIER
	* TIMES
	* __ANON_17
	* PLAYED
	* OBJECTCHARACTERISTIC
	* SCRY
	* DASH
	* ATTACH
	* THESE
	* ASSIGN
	* WIN
	* SHUFFLE
	* ONTO
	* NAMEREFSYMBOL
	* UNTIL
	* EXCHANGE
	* OTHERWISE
	* NON
	* PREVENT
	* THEIR
	* SWITCH
	* WHEN
	* INVESTIGATE
	* THAT
	* IS
	* CONTROL
	* WITH
	* ORDINAL
	* AN
	* LSQB
	* DAMAGETYPE
	* UNATTACHED
	* AT
	* AS
	* DOES
	* BOLSTER
	* COUNTER
	* DO
	* DETAIN
	* EFFECTSTATUSMODIFIER
	* BECOME
	* SUBTYPESPELL
	* SUPERTYPE
	* __ANON_15
	* HAS
	* MANIFEST
	* ABANDON
	* ADDITIONAL
	* ABILITYMODIFIER
	* CHOSE
	* FORAGE
	* STAR
	* TARGET
	* SEARCH
	* __ANON_19
	* LBRACE
	* SUBTYPELAND
	* ATTACK
	* BLOCK
	* EXERT
	* PLAYERTERM
	* PLAY
	* HERSELF
	* SAME
	* KEYWORDSTATUSMODIFIER
	* MELD
	* CLASH
	* SHUFFLED
	* GOAD
	* MORE
	* __ANON_21
	* UP
	* SUBTYPEARTIFACT
	* SUBTYPEENCHANTMENT
	* SUBTYPECREATUREA
	* INCUBATE
	* PUT
	* FROM
	* CHOOSE
	* REMOVE
	* LEARN
	* ANY
	* QUALIFIER
	* AMASS
	* ZONE
	* EXILE
	* ADD
	* BE
	* DOUBLE
	* WHILE
	* SACRIFICED
	* FATESEAL
	* CONVERT
	* YOUR
	* THEM
	* COMBATSTATUSMODIFIER
	* DEAL
	* RETURN
	* SKIP
	* HIMSELF
	* WITHOUT
	* UNTAP
	* POPULATE
	* CAN
	* SEARCHED
	* LOSE
	* ABLE
	* FLIP
	* SACRIFICE
	* LEVEL
	* DISCOVER
	* ONLY
	* EACH
	* UNATTACH
	* X
	* ITS
	* TYPE
	* MILL
	* CLOAK
	* SPEND
	* ALL
	* FREQUENCY
	* NUMBER
	* BLOCKED
	* NO
	* PAY
	* CREATE
	* WOULD
	* HAVE
",{3}{W}: Target Human gains double strike until end of turn.
270,"Arlinn, Embraced by the Moon",45.522746923999875,False,"No terminal matches 'C' in the current parser context, at line 1 col 7

[+1]: Creatures you control get +1/+1 and gain
      ^
Expected one of: 
	* GAIN
	* A
	* DISCARDED
	* IT
	* BEEN
	* CAST
	* DREW
	* CYCLE
	* TRANSFORM
	* TAPSYMBOL
	* EQUAL
	* ADAPT
	* GET
	* SUBTYPEPLANESWALKER
	* THEN
	* INTO
	* CONTROLLED
	* ATTACHED
	* FOR
	* CARDINAL
	* CYCLED
	* THE
	* THOSE
	* DISCARD
	* __ANON_20
	* FIGHT
	* ATTACKED
	* LOOKED
	* SUSPECT
	* HAD
	* __ANON_14
	* ITSELF
	* COLORTERM
	* CONNIVE
	* ACTIVATE
	* __ANON_18
	* WHO
	* WHENEVER
	* REGENERATE
	* SUBTYPECREATUREB
	* GAINED
	* SUBTYPEPLANAR
	* LESS
	* MONSTROSITY
	* SUPPORT
	* TAKE
	* AFTER
	* TURN
	* SURVEIL
	* REMAIN
	* OTHER
	* ON
	* IN
	* GREATER
	* LOOK
	* REVEAL
	* IF
	* UNDER
	* UNTAPSYMBOL
	* EXPLORES
	* PROLIFERATE
	* DRAW
	* THIS
	* MAY
	* DESTROY
	* DIE
	* PLAYERCHARACTERISTIC
	* REVEALED
	* TURNED
	* TAP
	* TAPPEDSTATUSMODIFIER
	* TIMES
	* __ANON_17
	* PLAYED
	* OBJECTCHARACTERISTIC
	* SCRY
	* DASH
	* ATTACH
	* THESE
	* ASSIGN
	* WIN
	* SHUFFLE
	* ONTO
	* NAMEREFSYMBOL
	* UNTIL
	* EXCHANGE
	* OTHERWISE
	* NON
	* PREVENT
	* THEIR
	* SWITCH
	* WHEN
	* INVESTIGATE
	* THAT
	* IS
	* CONTROL
	* WITH
	* ORDINAL
	* AN
	* LSQB
	* DAMAGETYPE
	* UNATTACHED
	* AT
	* AS
	* DOES
	* BOLSTER
	* COUNTER
	* DO
	* DETAIN
	* EFFECTSTATUSMODIFIER
	* BECOME
	* SUBTYPESPELL
	* SUPERTYPE
	* __ANON_15
	* HAS
	* MANIFEST
	* ABANDON
	* ADDITIONAL
	* ABILITYMODIFIER
	* CHOSE
	* FORAGE
	* STAR
	* TARGET
	* SEARCH
	* __ANON_19
	* LBRACE
	* SUBTYPELAND
	* ATTACK
	* BLOCK
	* EXERT
	* PLAYERTERM
	* PLAY
	* HERSELF
	* SAME
	* KEYWORDSTATUSMODIFIER
	* MELD
	* CLASH
	* SHUFFLED
	* GOAD
	* MORE
	* __ANON_21
	* UP
	* SUBTYPEARTIFACT
	* SUBTYPEENCHANTMENT
	* SUBTYPECREATUREA
	* INCUBATE
	* PUT
	* FROM
	* CHOOSE
	* REMOVE
	* LEARN
	* ANY
	* QUALIFIER
	* AMASS
	* ZONE
	* EXILE
	* ADD
	* BE
	* DOUBLE
	* WHILE
	* SACRIFICED
	* FATESEAL
	* CONVERT
	* YOUR
	* THEM
	* COMBATSTATUSMODIFIER
	* DEAL
	* RETURN
	* SKIP
	* HIMSELF
	* WITHOUT
	* UNTAP
	* POPULATE
	* CAN
	* SEARCHED
	* LOSE
	* ABLE
	* FLIP
	* SACRIFICE
	* LEVEL
	* DISCOVER
	* ONLY
	* EACH
	* UNATTACH
	* X
	* ITS
	* TYPE
	* MILL
	* CLOAK
	* SPEND
	* ALL
	* FREQUENCY
	* NUMBER
	* BLOCKED
	* NO
	* PAY
	* CREATE
	* WOULD
	* HAVE
","[+1]: Creatures you control get +1/+1 and gain trample until end of turn.
[−1]: ~f deals 3 damage to any target. Transform ~f.
[−6]: You get an emblem with ""Creatures you control have haste and '{T}: This creature deals damage equal to its power to any target.'"""
271,The Gitrog Monster,24.440186609999728,False,"No terminal matches ',' in the current parser context, at line 2 col 32

At the beginning of your upkeep, sacrifice ~ unless you sacrifice a lan
                               ^
Expected one of: 
	* WORD
	* DASH
","Deathtouch
At the beginning of your upkeep, sacrifice ~ unless you sacrifice a land.
You may play an additional land on each of your turns.
Whenever one or more land cards are put into your graveyard from anywhere, draw a card."
272,Invocation of Saint Traft,23.878558909000276,False,"No terminal matches '""' in the current parser context, at line 2 col 24

Enchanted creature has ""Whenever this creature attacks, create 
                       ^
Expected one of: 
	* WORD
	* DASH
","Enchant creature
Enchanted creature has ""Whenever this creature attacks, create a 4/4 white Angel creature token with flying that is tapped and attacking. Exile that token at end of combat.""."
273,"Olivia, Mobilized for War",23.894103041000562,False,"No terminal matches ',' in the current parser context, at line 2 col 45

ever another creature you control enters, you may discard a card. If you do, put
                                        ^
Expected one of: 
	* WORD
	* DASH
","Flying
Whenever another creature you control enters, you may discard a card. If you do, put a +1/+1 counter on that creature, it gains haste until end of turn, and it becomes a Vampire in addition to its other types."
274,Prized Amalgam,24.404312192998987,False,"No terminal matches ',' in the current parser context, at line 1 col 27

Whenever a creature enters, if it entered from your graveyard or y
                          ^
Expected one of: 
	* WORD
	* DASH
","Whenever a creature enters, if it entered from your graveyard or you cast it from your graveyard, return ~ from your graveyard to the battlefield tapped at the beginning of the next end step."
275,"Sigarda, Heron's Grace",24.371069242000885,False,"No terminal matches '.' in the current parser context, at line 2 col 41

You and Humans you control have hexproof.
                                        ^
Expected one of: 
	* WORD
	* DASH
","Flying
You and Humans you control have hexproof.
{2}, Exile a card from your graveyard: Create a 1/1 white Human Soldier creature token."
276,"Nahiri, the Harbinger",45.50819096300074,False,"No terminal matches 'Y' in the current parser context, at line 1 col 7

[+2]: You may discard a card. If you do, draw 
      ^
Expected one of: 
	* GAIN
	* A
	* DISCARDED
	* IT
	* BEEN
	* CAST
	* DREW
	* CYCLE
	* TRANSFORM
	* TAPSYMBOL
	* EQUAL
	* ADAPT
	* GET
	* SUBTYPEPLANESWALKER
	* THEN
	* INTO
	* CONTROLLED
	* ATTACHED
	* FOR
	* CARDINAL
	* CYCLED
	* THE
	* THOSE
	* DISCARD
	* __ANON_20
	* FIGHT
	* ATTACKED
	* LOOKED
	* SUSPECT
	* HAD
	* __ANON_14
	* ITSELF
	* COLORTERM
	* CONNIVE
	* ACTIVATE
	* __ANON_18
	* WHO
	* WHENEVER
	* REGENERATE
	* SUBTYPECREATUREB
	* GAINED
	* SUBTYPEPLANAR
	* LESS
	* MONSTROSITY
	* SUPPORT
	* TAKE
	* AFTER
	* TURN
	* SURVEIL
	* REMAIN
	* OTHER
	* ON
	* IN
	* GREATER
	* LOOK
	* REVEAL
	* IF
	* UNDER
	* UNTAPSYMBOL
	* EXPLORES
	* PROLIFERATE
	* DRAW
	* THIS
	* MAY
	* DESTROY
	* DIE
	* PLAYERCHARACTERISTIC
	* REVEALED
	* TURNED
	* TAP
	* TAPPEDSTATUSMODIFIER
	* TIMES
	* __ANON_17
	* PLAYED
	* OBJECTCHARACTERISTIC
	* SCRY
	* DASH
	* ATTACH
	* THESE
	* ASSIGN
	* WIN
	* SHUFFLE
	* ONTO
	* NAMEREFSYMBOL
	* UNTIL
	* EXCHANGE
	* OTHERWISE
	* NON
	* PREVENT
	* THEIR
	* SWITCH
	* WHEN
	* INVESTIGATE
	* THAT
	* IS
	* CONTROL
	* WITH
	* ORDINAL
	* AN
	* LSQB
	* DAMAGETYPE
	* UNATTACHED
	* AT
	* AS
	* DOES
	* BOLSTER
	* COUNTER
	* DO
	* DETAIN
	* EFFECTSTATUSMODIFIER
	* BECOME
	* SUBTYPESPELL
	* SUPERTYPE
	* __ANON_15
	* HAS
	* MANIFEST
	* ABANDON
	* ADDITIONAL
	* ABILITYMODIFIER
	* CHOSE
	* FORAGE
	* STAR
	* TARGET
	* SEARCH
	* __ANON_19
	* LBRACE
	* SUBTYPELAND
	* ATTACK
	* BLOCK
	* EXERT
	* PLAYERTERM
	* PLAY
	* HERSELF
	* SAME
	* KEYWORDSTATUSMODIFIER
	* MELD
	* CLASH
	* SHUFFLED
	* GOAD
	* MORE
	* __ANON_21
	* UP
	* SUBTYPEARTIFACT
	* SUBTYPEENCHANTMENT
	* SUBTYPECREATUREA
	* INCUBATE
	* PUT
	* FROM
	* CHOOSE
	* REMOVE
	* LEARN
	* ANY
	* QUALIFIER
	* AMASS
	* ZONE
	* EXILE
	* ADD
	* BE
	* DOUBLE
	* WHILE
	* SACRIFICED
	* FATESEAL
	* CONVERT
	* YOUR
	* THEM
	* COMBATSTATUSMODIFIER
	* DEAL
	* RETURN
	* SKIP
	* HIMSELF
	* WITHOUT
	* UNTAP
	* POPULATE
	* CAN
	* SEARCHED
	* LOSE
	* ABLE
	* FLIP
	* SACRIFICE
	* LEVEL
	* DISCOVER
	* ONLY
	* EACH
	* UNATTACH
	* X
	* ITS
	* TYPE
	* MILL
	* CLOAK
	* SPEND
	* ALL
	* FREQUENCY
	* NUMBER
	* BLOCKED
	* NO
	* PAY
	* CREATE
	* WOULD
	* HAVE
","[+2]: You may discard a card. If you do, draw a card.
[−2]: Exile target enchantment, tapped artifact, or tapped creature.
[−8]: Search your library for an artifact or creature card, put it onto the battlefield, then shuffle. It gains haste. Return it to your hand at the beginning of the next end step."
277,"Sorin, Grim Nemesis",46.17737134100025,False,"No terminal matches 'R' in the current parser context, at line 1 col 7

[+1]: Reveal the top card of your library and 
      ^
Expected one of: 
	* GAIN
	* A
	* DISCARDED
	* IT
	* BEEN
	* CAST
	* DREW
	* CYCLE
	* TRANSFORM
	* TAPSYMBOL
	* EQUAL
	* ADAPT
	* GET
	* SUBTYPEPLANESWALKER
	* THEN
	* INTO
	* CONTROLLED
	* ATTACHED
	* FOR
	* CARDINAL
	* CYCLED
	* THE
	* THOSE
	* DISCARD
	* __ANON_20
	* FIGHT
	* ATTACKED
	* LOOKED
	* SUSPECT
	* HAD
	* __ANON_14
	* ITSELF
	* COLORTERM
	* CONNIVE
	* ACTIVATE
	* __ANON_18
	* WHO
	* WHENEVER
	* REGENERATE
	* SUBTYPECREATUREB
	* GAINED
	* SUBTYPEPLANAR
	* LESS
	* MONSTROSITY
	* SUPPORT
	* TAKE
	* AFTER
	* TURN
	* SURVEIL
	* REMAIN
	* OTHER
	* ON
	* IN
	* GREATER
	* LOOK
	* REVEAL
	* IF
	* UNDER
	* UNTAPSYMBOL
	* EXPLORES
	* PROLIFERATE
	* DRAW
	* THIS
	* MAY
	* DESTROY
	* DIE
	* PLAYERCHARACTERISTIC
	* REVEALED
	* TURNED
	* TAP
	* TAPPEDSTATUSMODIFIER
	* TIMES
	* __ANON_17
	* PLAYED
	* OBJECTCHARACTERISTIC
	* SCRY
	* DASH
	* ATTACH
	* THESE
	* ASSIGN
	* WIN
	* SHUFFLE
	* ONTO
	* NAMEREFSYMBOL
	* UNTIL
	* EXCHANGE
	* OTHERWISE
	* NON
	* PREVENT
	* THEIR
	* SWITCH
	* WHEN
	* INVESTIGATE
	* THAT
	* IS
	* CONTROL
	* WITH
	* ORDINAL
	* AN
	* LSQB
	* DAMAGETYPE
	* UNATTACHED
	* AT
	* AS
	* DOES
	* BOLSTER
	* COUNTER
	* DO
	* DETAIN
	* EFFECTSTATUSMODIFIER
	* BECOME
	* SUBTYPESPELL
	* SUPERTYPE
	* __ANON_15
	* HAS
	* MANIFEST
	* ABANDON
	* ADDITIONAL
	* ABILITYMODIFIER
	* CHOSE
	* FORAGE
	* STAR
	* TARGET
	* SEARCH
	* __ANON_19
	* LBRACE
	* SUBTYPELAND
	* ATTACK
	* BLOCK
	* EXERT
	* PLAYERTERM
	* PLAY
	* HERSELF
	* SAME
	* KEYWORDSTATUSMODIFIER
	* MELD
	* CLASH
	* SHUFFLED
	* GOAD
	* MORE
	* __ANON_21
	* UP
	* SUBTYPEARTIFACT
	* SUBTYPEENCHANTMENT
	* SUBTYPECREATUREA
	* INCUBATE
	* PUT
	* FROM
	* CHOOSE
	* REMOVE
	* LEARN
	* ANY
	* QUALIFIER
	* AMASS
	* ZONE
	* EXILE
	* ADD
	* BE
	* DOUBLE
	* WHILE
	* SACRIFICED
	* FATESEAL
	* CONVERT
	* YOUR
	* THEM
	* COMBATSTATUSMODIFIER
	* DEAL
	* RETURN
	* SKIP
	* HIMSELF
	* WITHOUT
	* UNTAP
	* POPULATE
	* CAN
	* SEARCHED
	* LOSE
	* ABLE
	* FLIP
	* SACRIFICE
	* LEVEL
	* DISCOVER
	* ONLY
	* EACH
	* UNATTACH
	* X
	* ITS
	* TYPE
	* MILL
	* CLOAK
	* SPEND
	* ALL
	* FREQUENCY
	* NUMBER
	* BLOCKED
	* NO
	* PAY
	* CREATE
	* WOULD
	* HAVE
","[+1]: Reveal the top card of your library and put that card into your hand. Each opponent loses life equal to its mana value.
[−X]: ~f deals X damage to target creature or planeswalker and you gain X life.
[−9]: Create a number of 1/1 black Vampire Knight creature tokens with lifelink equal to the highest life total among all players."
278,Harvest Hand,22.04783153400058,False,"No terminal matches '~' in the current parser context, at line 1 col 6

When ~ dies, return it to the battlefield tra
     ^
Expected one of: 
	* WORD
	* DASH
","When ~ dies, return it to the battlefield transformed under your control."
279,Scrounged Scythe,22.026202752000245,False,"No terminal matches '+' in the current parser context, at line 1 col 24

Equipped creature gets +1/+1.
                       ^
Expected one of: 
	* WORD
	* DASH
","Equipped creature gets +1/+1.
As long as equipped creature is a Human, it has menace. (It can not be blocked except by two or more creatures.)
Equip {2}"
280,Haunted Cloak,23.537079341000208,False,"No terminal matches ',' in the current parser context, at line 1 col 32

Equipped creature has vigilance, trample, and haste.
                               ^
Expected one of: 
	* WORD
	* DASH
","Equipped creature has vigilance, trample, and haste.
Equip {1} ({1}: Attach to target creature you control. Equip only as a sorcery.)"
281,Epitaph Golem,63.55876184599947,False,"No terminal matches 'P' in the current parser context, at line 1 col 6

{2}: Put target card from your graveyard on t
     ^
Expected one of: 
	* GAIN
	* A
	* DISCARDED
	* IT
	* BEEN
	* CAST
	* DREW
	* CYCLE
	* TRANSFORM
	* TAPSYMBOL
	* EQUAL
	* ADAPT
	* GET
	* SUBTYPEPLANESWALKER
	* THEN
	* INTO
	* CONTROLLED
	* ATTACHED
	* FOR
	* CARDINAL
	* CYCLED
	* THE
	* THOSE
	* DISCARD
	* __ANON_20
	* FIGHT
	* ATTACKED
	* LOOKED
	* SUSPECT
	* HAD
	* __ANON_14
	* ITSELF
	* COLORTERM
	* CONNIVE
	* ACTIVATE
	* __ANON_18
	* WHO
	* WHENEVER
	* REGENERATE
	* SUBTYPECREATUREB
	* GAINED
	* SUBTYPEPLANAR
	* LESS
	* MONSTROSITY
	* SUPPORT
	* TAKE
	* AFTER
	* TURN
	* SURVEIL
	* REMAIN
	* OTHER
	* ON
	* IN
	* GREATER
	* LOOK
	* REVEAL
	* IF
	* UNDER
	* UNTAPSYMBOL
	* EXPLORES
	* PROLIFERATE
	* DRAW
	* THIS
	* MAY
	* DESTROY
	* DIE
	* PLAYERCHARACTERISTIC
	* REVEALED
	* TURNED
	* TAP
	* TAPPEDSTATUSMODIFIER
	* TIMES
	* __ANON_17
	* PLAYED
	* OBJECTCHARACTERISTIC
	* SCRY
	* DASH
	* ATTACH
	* THESE
	* ASSIGN
	* WIN
	* SHUFFLE
	* ONTO
	* NAMEREFSYMBOL
	* UNTIL
	* EXCHANGE
	* OTHERWISE
	* NON
	* PREVENT
	* THEIR
	* SWITCH
	* WHEN
	* INVESTIGATE
	* THAT
	* IS
	* CONTROL
	* WITH
	* ORDINAL
	* AN
	* LSQB
	* DAMAGETYPE
	* UNATTACHED
	* AT
	* AS
	* DOES
	* BOLSTER
	* COUNTER
	* DO
	* DETAIN
	* EFFECTSTATUSMODIFIER
	* BECOME
	* SUBTYPESPELL
	* SUPERTYPE
	* __ANON_15
	* HAS
	* MANIFEST
	* ABANDON
	* ADDITIONAL
	* ABILITYMODIFIER
	* CHOSE
	* FORAGE
	* STAR
	* TARGET
	* SEARCH
	* __ANON_19
	* LBRACE
	* SUBTYPELAND
	* ATTACK
	* BLOCK
	* EXERT
	* PLAYERTERM
	* PLAY
	* HERSELF
	* SAME
	* KEYWORDSTATUSMODIFIER
	* MELD
	* CLASH
	* SHUFFLED
	* GOAD
	* MORE
	* __ANON_21
	* UP
	* SUBTYPEARTIFACT
	* SUBTYPEENCHANTMENT
	* SUBTYPECREATUREA
	* INCUBATE
	* PUT
	* FROM
	* CHOOSE
	* REMOVE
	* LEARN
	* ANY
	* QUALIFIER
	* AMASS
	* ZONE
	* EXILE
	* ADD
	* BE
	* DOUBLE
	* WHILE
	* SACRIFICED
	* FATESEAL
	* CONVERT
	* YOUR
	* THEM
	* COMBATSTATUSMODIFIER
	* DEAL
	* RETURN
	* SKIP
	* HIMSELF
	* WITHOUT
	* UNTAP
	* POPULATE
	* CAN
	* SEARCHED
	* LOSE
	* ABLE
	* FLIP
	* SACRIFICE
	* LEVEL
	* DISCOVER
	* ONLY
	* EACH
	* UNATTACH
	* X
	* ITS
	* TYPE
	* MILL
	* CLOAK
	* SPEND
	* ALL
	* FREQUENCY
	* NUMBER
	* BLOCKED
	* NO
	* PAY
	* CREATE
	* WOULD
	* HAVE
",{2}: Put target card from your graveyard on the bottom of your library.
282,Brain in a Jar,82.39804386099968,False,"No terminal matches 'P' in the current parser context, at line 1 col 11

{1}, {T}: Put a charge counter on ~, then you may 
          ^
Expected one of: 
	* GAIN
	* A
	* DISCARDED
	* IT
	* BEEN
	* CAST
	* DREW
	* CYCLE
	* TRANSFORM
	* TAPSYMBOL
	* EQUAL
	* ADAPT
	* GET
	* SUBTYPEPLANESWALKER
	* THEN
	* INTO
	* CONTROLLED
	* ATTACHED
	* FOR
	* CARDINAL
	* CYCLED
	* THE
	* THOSE
	* DISCARD
	* __ANON_20
	* FIGHT
	* ATTACKED
	* LOOKED
	* SUSPECT
	* HAD
	* __ANON_14
	* ITSELF
	* COLORTERM
	* CONNIVE
	* ACTIVATE
	* __ANON_18
	* WHO
	* WHENEVER
	* REGENERATE
	* SUBTYPECREATUREB
	* GAINED
	* SUBTYPEPLANAR
	* LESS
	* MONSTROSITY
	* SUPPORT
	* TAKE
	* AFTER
	* TURN
	* SURVEIL
	* REMAIN
	* OTHER
	* ON
	* IN
	* GREATER
	* LOOK
	* REVEAL
	* IF
	* UNDER
	* UNTAPSYMBOL
	* EXPLORES
	* PROLIFERATE
	* DRAW
	* THIS
	* MAY
	* DESTROY
	* DIE
	* PLAYERCHARACTERISTIC
	* REVEALED
	* TURNED
	* TAP
	* TAPPEDSTATUSMODIFIER
	* TIMES
	* __ANON_17
	* PLAYED
	* OBJECTCHARACTERISTIC
	* SCRY
	* DASH
	* ATTACH
	* THESE
	* ASSIGN
	* WIN
	* SHUFFLE
	* ONTO
	* NAMEREFSYMBOL
	* UNTIL
	* EXCHANGE
	* OTHERWISE
	* NON
	* PREVENT
	* THEIR
	* SWITCH
	* WHEN
	* INVESTIGATE
	* THAT
	* IS
	* CONTROL
	* WITH
	* ORDINAL
	* AN
	* LSQB
	* DAMAGETYPE
	* UNATTACHED
	* AT
	* AS
	* DOES
	* BOLSTER
	* COUNTER
	* DO
	* DETAIN
	* EFFECTSTATUSMODIFIER
	* BECOME
	* SUBTYPESPELL
	* SUPERTYPE
	* __ANON_15
	* HAS
	* MANIFEST
	* ABANDON
	* ADDITIONAL
	* ABILITYMODIFIER
	* CHOSE
	* FORAGE
	* STAR
	* TARGET
	* SEARCH
	* __ANON_19
	* LBRACE
	* SUBTYPELAND
	* ATTACK
	* BLOCK
	* EXERT
	* PLAYERTERM
	* PLAY
	* HERSELF
	* SAME
	* KEYWORDSTATUSMODIFIER
	* MELD
	* CLASH
	* SHUFFLED
	* GOAD
	* MORE
	* __ANON_21
	* UP
	* SUBTYPEARTIFACT
	* SUBTYPEENCHANTMENT
	* SUBTYPECREATUREA
	* INCUBATE
	* PUT
	* FROM
	* CHOOSE
	* REMOVE
	* LEARN
	* ANY
	* QUALIFIER
	* AMASS
	* ZONE
	* EXILE
	* ADD
	* BE
	* DOUBLE
	* WHILE
	* SACRIFICED
	* FATESEAL
	* CONVERT
	* YOUR
	* THEM
	* COMBATSTATUSMODIFIER
	* DEAL
	* RETURN
	* SKIP
	* HIMSELF
	* WITHOUT
	* UNTAP
	* POPULATE
	* CAN
	* SEARCHED
	* LOSE
	* ABLE
	* FLIP
	* SACRIFICE
	* LEVEL
	* DISCOVER
	* ONLY
	* EACH
	* UNATTACH
	* X
	* ITS
	* TYPE
	* MILL
	* CLOAK
	* SPEND
	* ALL
	* FREQUENCY
	* NUMBER
	* BLOCKED
	* NO
	* PAY
	* CREATE
	* WOULD
	* HAVE
","{1}, {T}: Put a charge counter on ~, then you may cast an instant or sorcery spell with mana value equal to the number of charge counters on ~ from your hand without paying its mana cost.
{3}, {T}, Remove X charge counters from ~: Scry X."
283,Explosive Apparatus,80.02088254400041,False,"No terminal matches 'S' in the current parser context, at line 1 col 11

{3}, {T}, Sacrifice ~: It deals 2 damage to any ta
          ^
Expected one of: 
	* GAIN
	* A
	* DISCARDED
	* IT
	* CAST
	* DREW
	* CYCLE
	* TRANSFORM
	* TAPSYMBOL
	* EQUAL
	* ADAPT
	* GET
	* SUBTYPEPLANESWALKER
	* INTO
	* CONTROLLED
	* ATTACHED
	* CARDINAL
	* CYCLED
	* THE
	* THOSE
	* DISCARD
	* __ANON_20
	* FIGHT
	* ATTACKED
	* LOOKED
	* SUSPECT
	* __ANON_14
	* ITSELF
	* COLORTERM
	* CONNIVE
	* ACTIVATE
	* __ANON_18
	* WHO
	* REGENERATE
	* SUBTYPECREATUREB
	* GAINED
	* SUBTYPEPLANAR
	* LESS
	* MONSTROSITY
	* SUPPORT
	* TAKE
	* TURN
	* SURVEIL
	* REMAIN
	* OTHER
	* ON
	* IN
	* GREATER
	* LOOK
	* REVEAL
	* UNDER
	* EXPLORES
	* UNTAPSYMBOL
	* PROLIFERATE
	* DRAW
	* THIS
	* DESTROY
	* DIE
	* PLAYERCHARACTERISTIC
	* REVEALED
	* TURNED
	* TAP
	* TAPPEDSTATUSMODIFIER
	* TIMES
	* __ANON_17
	* PLAYED
	* OBJECTCHARACTERISTIC
	* SCRY
	* ATTACH
	* THESE
	* ASSIGN
	* WIN
	* SHUFFLE
	* ONTO
	* NAMEREFSYMBOL
	* EXCHANGE
	* NON
	* PREVENT
	* THEIR
	* SWITCH
	* INVESTIGATE
	* THAT
	* CONTROL
	* WITH
	* ORDINAL
	* AN
	* LSQB
	* DAMAGETYPE
	* UNATTACHED
	* BOLSTER
	* COUNTER
	* DETAIN
	* EFFECTSTATUSMODIFIER
	* SUBTYPESPELL
	* SUPERTYPE
	* __ANON_15
	* MANIFEST
	* ABANDON
	* ADDITIONAL
	* ABILITYMODIFIER
	* CHOSE
	* FORAGE
	* STAR
	* TARGET
	* SEARCH
	* __ANON_19
	* SUBTYPELAND
	* LBRACE
	* ATTACK
	* BLOCK
	* EXERT
	* PLAYERTERM
	* SAME
	* HERSELF
	* KEYWORDSTATUSMODIFIER
	* MELD
	* CLASH
	* SHUFFLED
	* GOAD
	* MORE
	* __ANON_21
	* UP
	* SUBTYPEARTIFACT
	* SUBTYPEENCHANTMENT
	* SUBTYPECREATUREA
	* INCUBATE
	* PUT
	* FROM
	* REMOVE
	* CHOOSE
	* LEARN
	* ANY
	* QUALIFIER
	* AMASS
	* ZONE
	* EXILE
	* ADD
	* DOUBLE
	* YOUR
	* SACRIFICED
	* FATESEAL
	* CONVERT
	* COMBATSTATUSMODIFIER
	* THEM
	* DEAL
	* RETURN
	* SKIP
	* HIMSELF
	* WITHOUT
	* UNTAP
	* POPULATE
	* SEARCHED
	* LOSE
	* ABLE
	* FLIP
	* SACRIFICE
	* LEVEL
	* DISCOVER
	* ONLY
	* EACH
	* UNATTACH
	* X
	* ITS
	* TYPE
	* MILL
	* CLOAK
	* SPEND
	* ALL
	* FREQUENCY
	* NUMBER
	* BLOCKED
	* NO
	* PAY
	* CREATE
	* PLAY
","{3}, {T}, Sacrifice ~: It deals 2 damage to any target."
284,Murderer's Axe,23.78073843799939,False,"No terminal matches '+' in the current parser context, at line 1 col 24

Equipped creature gets +2/+2.
                       ^
Expected one of: 
	* WORD
	* DASH
","Equipped creature gets +2/+2.
Equip—Discard a card."
285,Neglected Heirloom,24.126404610000463,False,"No terminal matches '+' in the current parser context, at line 1 col 24

Equipped creature gets +1/+1.
                       ^
Expected one of: 
	* WORD
	* DASH
","Equipped creature gets +1/+1.
When equipped creature transforms, transform ~.
Equip {1}"
286,Ashmouth Blade,24.27844071399886,False,"No terminal matches '+' in the current parser context, at line 1 col 24

Equipped creature gets +3/+3 and has first strike.
                       ^
Expected one of: 
	* WORD
	* DASH
","Equipped creature gets +3/+3 and has first strike.
Equip {3}"
287,Runaway Carriage,21.9305134490005,False,"No terminal matches '~' in the current parser context, at line 2 col 6

When ~ attacks or blocks, sacrifice it at end
     ^
Expected one of: 
	* WORD
	* DASH
","Trample
When ~ attacks or blocks, sacrifice it at end of combat."
288,Magnifying Glass,47.69844985199961,False,"No terminal matches 'A' in the current parser context, at line 1 col 6

{T}: Add {C}.
     ^
Expected one of: 
	* GAIN
	* A
	* DISCARDED
	* IT
	* BEEN
	* CAST
	* DREW
	* CYCLE
	* TRANSFORM
	* TAPSYMBOL
	* EQUAL
	* ADAPT
	* GET
	* SUBTYPEPLANESWALKER
	* THEN
	* INTO
	* CONTROLLED
	* ATTACHED
	* FOR
	* CARDINAL
	* CYCLED
	* THE
	* THOSE
	* DISCARD
	* __ANON_20
	* FIGHT
	* ATTACKED
	* LOOKED
	* SUSPECT
	* HAD
	* __ANON_14
	* ITSELF
	* COLORTERM
	* CONNIVE
	* ACTIVATE
	* __ANON_18
	* WHO
	* WHENEVER
	* REGENERATE
	* SUBTYPECREATUREB
	* GAINED
	* SUBTYPEPLANAR
	* LESS
	* MONSTROSITY
	* SUPPORT
	* TAKE
	* AFTER
	* TURN
	* SURVEIL
	* REMAIN
	* OTHER
	* ON
	* IN
	* GREATER
	* LOOK
	* REVEAL
	* IF
	* UNDER
	* UNTAPSYMBOL
	* EXPLORES
	* PROLIFERATE
	* DRAW
	* THIS
	* MAY
	* DESTROY
	* DIE
	* PLAYERCHARACTERISTIC
	* REVEALED
	* TURNED
	* TAP
	* TAPPEDSTATUSMODIFIER
	* TIMES
	* __ANON_17
	* PLAYED
	* OBJECTCHARACTERISTIC
	* SCRY
	* DASH
	* ATTACH
	* THESE
	* ASSIGN
	* WIN
	* SHUFFLE
	* ONTO
	* NAMEREFSYMBOL
	* UNTIL
	* EXCHANGE
	* OTHERWISE
	* NON
	* PREVENT
	* THEIR
	* SWITCH
	* WHEN
	* INVESTIGATE
	* THAT
	* IS
	* CONTROL
	* WITH
	* ORDINAL
	* AN
	* LSQB
	* DAMAGETYPE
	* UNATTACHED
	* AT
	* AS
	* DOES
	* BOLSTER
	* COUNTER
	* DO
	* DETAIN
	* EFFECTSTATUSMODIFIER
	* BECOME
	* SUBTYPESPELL
	* SUPERTYPE
	* __ANON_15
	* HAS
	* MANIFEST
	* ABANDON
	* ADDITIONAL
	* ABILITYMODIFIER
	* CHOSE
	* FORAGE
	* STAR
	* TARGET
	* SEARCH
	* __ANON_19
	* LBRACE
	* SUBTYPELAND
	* ATTACK
	* BLOCK
	* EXERT
	* PLAYERTERM
	* PLAY
	* HERSELF
	* SAME
	* KEYWORDSTATUSMODIFIER
	* MELD
	* CLASH
	* SHUFFLED
	* GOAD
	* MORE
	* __ANON_21
	* UP
	* SUBTYPEARTIFACT
	* SUBTYPEENCHANTMENT
	* SUBTYPECREATUREA
	* INCUBATE
	* PUT
	* FROM
	* CHOOSE
	* REMOVE
	* LEARN
	* ANY
	* QUALIFIER
	* AMASS
	* ZONE
	* EXILE
	* ADD
	* BE
	* DOUBLE
	* WHILE
	* SACRIFICED
	* FATESEAL
	* CONVERT
	* YOUR
	* THEM
	* COMBATSTATUSMODIFIER
	* DEAL
	* RETURN
	* SKIP
	* HIMSELF
	* WITHOUT
	* UNTAP
	* POPULATE
	* CAN
	* SEARCHED
	* LOSE
	* ABLE
	* FLIP
	* SACRIFICE
	* LEVEL
	* DISCOVER
	* ONLY
	* EACH
	* UNATTACH
	* X
	* ITS
	* TYPE
	* MILL
	* CLOAK
	* SPEND
	* ALL
	* FREQUENCY
	* NUMBER
	* BLOCKED
	* NO
	* PAY
	* CREATE
	* WOULD
	* HAVE
","{T}: Add {C}.
{4}, {T}: Investigate. (Create a Clue token. it is an artifact with ""{2}, Sacrifice this artifact: Draw a card."".)"
289,Lambholt Pacifist,392.36698189600065,False,"No terminal matches ',' in the current parser context, at line 2 col 32

At the beginning of each upkeep, if no spells were cast last turn, tran
                               ^
Expected one of: 
	* WORD
	* DASH
","~ can not attack unless you control a creature with power 4 or greater.
At the beginning of each upkeep, if no spells were cast last turn, transform ~."
290,Shard of Broken Glass,23.74824062300104,False,"No terminal matches '+' in the current parser context, at line 1 col 24

Equipped creature gets +1/+0.
                       ^
Expected one of: 
	* WORD
	* DASH
","Equipped creature gets +1/+0.
Whenever equipped creature attacks, you may mill two cards.
Equip {1} ({1}: Attach to target creature you control. Equip only as a sorcery.)"
291,Skeleton Key,24.088171364999653,False,"No terminal matches '.' in the current parser context, at line 1 col 28

Equipped creature has skulk. (It can not be blocked by creatures wi
                           ^
Expected one of: 
	* WORD
	* DASH
","Equipped creature has skulk. (It can not be blocked by creatures with greater power.)
Whenever equipped creature deals combat damage to a player, you may draw a card. If you do, discard a card.
Equip {2}"
292,Wicker Witch,3.5159991966793314e-06,False,'text',
293,Slayer's Plate,24.475607954000225,False,"No terminal matches '+' in the current parser context, at line 1 col 24

Equipped creature gets +4/+2.
                       ^
Expected one of: 
	* WORD
	* DASH
","Equipped creature gets +4/+2.
Whenever equipped creature dies, if it was a Human, create a 1/1 white Spirit creature token with flying.
Equip {3}"
294,Thraben Gargoyle,22.831973655000183,False,"No terminal matches '{' in the current parser context, at line 2 col 1

{6}: Transform ~.
^
Expected one of: 
	* WORD
	* DASH
","Defender
{6}: Transform ~."
295,Tamiyo's Journal,23.437275364000016,False,"No terminal matches ',' in the current parser context, at line 1 col 32

At the beginning of your upkeep, investigate. (Create a Clue token. it 
                               ^
Expected one of: 
	* WORD
	* DASH
","At the beginning of your upkeep, investigate. (Create a Clue token. it is an artifact with ""{2}, Sacrifice this artifact: Draw a card."".)
{T}, Sacrifice three Clues: Search your library for a card, put that card into your hand, then shuffle."
296,True-Faith Censer,22.254736075999972,False,"No terminal matches '+' in the current parser context, at line 1 col 24

Equipped creature gets +1/+1 and has vigilance.
                       ^
Expected one of: 
	* WORD
	* DASH
","Equipped creature gets +1/+1 and has vigilance.
As long as equipped creature is a Human, it gets an additional +1/+0.
Equip {2} ({2}: Attach to target creature you control. Equip only as a sorcery.)"
297,Stonewing Antagonizer,24.419190090000484,False,"Unexpected end-of-input. Expected one of: 
	* DASH
	* WORD
",Flying
298,Wild-Field Scarecrow,24.0511014599997,False,"No terminal matches '{' in the current parser context, at line 2 col 1

{2}, Sacrifice ~: Search your library fo
^
Expected one of: 
	* WORD
	* DASH
","Defender
{2}, Sacrifice ~: Search your library for up to two basic land cards, reveal them, put them into your hand, then shuffle."
299,Choked Estuary,21.784577643999,False,"No terminal matches '~' in the current parser context, at line 1 col 4

As ~ enters, you may reveal an Island or Sw
   ^
Expected one of: 
	* WORD
	* DASH
","As ~ enters, you may reveal an Island or Swamp card from your hand. If you do not, ~ enters tapped.
{T}: Add {U} or {B}."
300,Foreboding Ruins,23.949011298000187,False,"No terminal matches '~' in the current parser context, at line 1 col 4

As ~ enters, you may reveal a Swamp or Moun
   ^
Expected one of: 
	* WORD
	* DASH
","As ~ enters, you may reveal a Swamp or Mountain card from your hand. If you do not, ~ enters tapped.
{T}: Add {B} or {R}."
301,Fortified Village,24.192647617999683,False,"No terminal matches '~' in the current parser context, at line 1 col 4

As ~ enters, you may reveal a Forest or Pla
   ^
Expected one of: 
	* WORD
	* DASH
","As ~ enters, you may reveal a Forest or Plains card from your hand. If you do not, ~ enters tapped.
{T}: Add {G} or {W}."
302,Game Trail,23.91709663199981,False,"No terminal matches '~' in the current parser context, at line 1 col 4

As ~ enters, you may reveal a Mountain or F
   ^
Expected one of: 
	* WORD
	* DASH
","As ~ enters, you may reveal a Mountain or Forest card from your hand. If you do not, ~ enters tapped.
{T}: Add {R} or {G}."
303,Drownyard Temple,48.10750868000105,False,"No terminal matches 'A' in the current parser context, at line 1 col 6

{T}: Add {C}.
     ^
Expected one of: 
	* GAIN
	* A
	* DISCARDED
	* IT
	* BEEN
	* CAST
	* DREW
	* CYCLE
	* TRANSFORM
	* TAPSYMBOL
	* EQUAL
	* ADAPT
	* GET
	* SUBTYPEPLANESWALKER
	* THEN
	* INTO
	* CONTROLLED
	* ATTACHED
	* FOR
	* CARDINAL
	* CYCLED
	* THE
	* THOSE
	* DISCARD
	* __ANON_20
	* FIGHT
	* ATTACKED
	* LOOKED
	* SUSPECT
	* HAD
	* __ANON_14
	* ITSELF
	* COLORTERM
	* CONNIVE
	* ACTIVATE
	* __ANON_18
	* WHO
	* WHENEVER
	* REGENERATE
	* SUBTYPECREATUREB
	* GAINED
	* SUBTYPEPLANAR
	* LESS
	* MONSTROSITY
	* SUPPORT
	* TAKE
	* AFTER
	* TURN
	* SURVEIL
	* REMAIN
	* OTHER
	* ON
	* IN
	* GREATER
	* LOOK
	* REVEAL
	* IF
	* UNDER
	* UNTAPSYMBOL
	* EXPLORES
	* PROLIFERATE
	* DRAW
	* THIS
	* MAY
	* DESTROY
	* DIE
	* PLAYERCHARACTERISTIC
	* REVEALED
	* TURNED
	* TAP
	* TAPPEDSTATUSMODIFIER
	* TIMES
	* __ANON_17
	* PLAYED
	* OBJECTCHARACTERISTIC
	* SCRY
	* DASH
	* ATTACH
	* THESE
	* ASSIGN
	* WIN
	* SHUFFLE
	* ONTO
	* NAMEREFSYMBOL
	* UNTIL
	* EXCHANGE
	* OTHERWISE
	* NON
	* PREVENT
	* THEIR
	* SWITCH
	* WHEN
	* INVESTIGATE
	* THAT
	* IS
	* CONTROL
	* WITH
	* ORDINAL
	* AN
	* LSQB
	* DAMAGETYPE
	* UNATTACHED
	* AT
	* AS
	* DOES
	* BOLSTER
	* COUNTER
	* DO
	* DETAIN
	* EFFECTSTATUSMODIFIER
	* BECOME
	* SUBTYPESPELL
	* SUPERTYPE
	* __ANON_15
	* HAS
	* MANIFEST
	* ABANDON
	* ADDITIONAL
	* ABILITYMODIFIER
	* CHOSE
	* FORAGE
	* STAR
	* TARGET
	* SEARCH
	* __ANON_19
	* LBRACE
	* SUBTYPELAND
	* ATTACK
	* BLOCK
	* EXERT
	* PLAYERTERM
	* PLAY
	* HERSELF
	* SAME
	* KEYWORDSTATUSMODIFIER
	* MELD
	* CLASH
	* SHUFFLED
	* GOAD
	* MORE
	* __ANON_21
	* UP
	* SUBTYPEARTIFACT
	* SUBTYPEENCHANTMENT
	* SUBTYPECREATUREA
	* INCUBATE
	* PUT
	* FROM
	* CHOOSE
	* REMOVE
	* LEARN
	* ANY
	* QUALIFIER
	* AMASS
	* ZONE
	* EXILE
	* ADD
	* BE
	* DOUBLE
	* WHILE
	* SACRIFICED
	* FATESEAL
	* CONVERT
	* YOUR
	* THEM
	* COMBATSTATUSMODIFIER
	* DEAL
	* RETURN
	* SKIP
	* HIMSELF
	* WITHOUT
	* UNTAP
	* POPULATE
	* CAN
	* SEARCHED
	* LOSE
	* ABLE
	* FLIP
	* SACRIFICE
	* LEVEL
	* DISCOVER
	* ONLY
	* EACH
	* UNATTACH
	* X
	* ITS
	* TYPE
	* MILL
	* CLOAK
	* SPEND
	* ALL
	* FREQUENCY
	* NUMBER
	* BLOCKED
	* NO
	* PAY
	* CREATE
	* WOULD
	* HAVE
","{T}: Add {C}.
{3}: Return ~ from your graveyard to the battlefield tapped."
304,Port Town,24.281549768000332,False,"No terminal matches '~' in the current parser context, at line 1 col 4

As ~ enters, you may reveal a Plains or Isl
   ^
Expected one of: 
	* WORD
	* DASH
","As ~ enters, you may reveal a Plains or Island card from your hand. If you do not, ~ enters tapped.
{T}: Add {W} or {U}."
305,Corrupted Grafstone,193.3768466720012,False,"No terminal matches 'C' in the current parser context, at line 2 col 6

{T}: Choose a color of a card in your graveya
     ^
Expected one of: 
	* GAIN
	* A
	* DISCARDED
	* IT
	* BEEN
	* CAST
	* DREW
	* CYCLE
	* TRANSFORM
	* TAPSYMBOL
	* EQUAL
	* ADAPT
	* GET
	* SUBTYPEPLANESWALKER
	* THEN
	* INTO
	* CONTROLLED
	* ATTACHED
	* FOR
	* CARDINAL
	* CYCLED
	* THE
	* THOSE
	* DISCARD
	* __ANON_20
	* FIGHT
	* ATTACKED
	* LOOKED
	* SUSPECT
	* HAD
	* __ANON_14
	* ITSELF
	* COLORTERM
	* CONNIVE
	* ACTIVATE
	* __ANON_18
	* WHO
	* WHENEVER
	* REGENERATE
	* SUBTYPECREATUREB
	* GAINED
	* SUBTYPEPLANAR
	* LESS
	* MONSTROSITY
	* SUPPORT
	* TAKE
	* AFTER
	* TURN
	* SURVEIL
	* REMAIN
	* OTHER
	* ON
	* IN
	* GREATER
	* LOOK
	* REVEAL
	* IF
	* UNDER
	* UNTAPSYMBOL
	* EXPLORES
	* PROLIFERATE
	* DRAW
	* THIS
	* MAY
	* DESTROY
	* DIE
	* PLAYERCHARACTERISTIC
	* REVEALED
	* TURNED
	* TAP
	* TAPPEDSTATUSMODIFIER
	* TIMES
	* __ANON_17
	* PLAYED
	* OBJECTCHARACTERISTIC
	* SCRY
	* DASH
	* ATTACH
	* THESE
	* ASSIGN
	* WIN
	* SHUFFLE
	* ONTO
	* NAMEREFSYMBOL
	* UNTIL
	* EXCHANGE
	* OTHERWISE
	* NON
	* PREVENT
	* THEIR
	* SWITCH
	* WHEN
	* INVESTIGATE
	* THAT
	* IS
	* CONTROL
	* WITH
	* ORDINAL
	* AN
	* LSQB
	* DAMAGETYPE
	* UNATTACHED
	* AT
	* AS
	* DOES
	* BOLSTER
	* COUNTER
	* DO
	* DETAIN
	* EFFECTSTATUSMODIFIER
	* BECOME
	* SUBTYPESPELL
	* SUPERTYPE
	* __ANON_15
	* HAS
	* MANIFEST
	* ABANDON
	* ADDITIONAL
	* ABILITYMODIFIER
	* CHOSE
	* FORAGE
	* STAR
	* TARGET
	* SEARCH
	* __ANON_19
	* LBRACE
	* SUBTYPELAND
	* ATTACK
	* BLOCK
	* EXERT
	* PLAYERTERM
	* PLAY
	* HERSELF
	* SAME
	* KEYWORDSTATUSMODIFIER
	* MELD
	* CLASH
	* SHUFFLED
	* GOAD
	* MORE
	* __ANON_21
	* UP
	* SUBTYPEARTIFACT
	* SUBTYPEENCHANTMENT
	* SUBTYPECREATUREA
	* INCUBATE
	* PUT
	* FROM
	* CHOOSE
	* REMOVE
	* LEARN
	* ANY
	* QUALIFIER
	* AMASS
	* ZONE
	* EXILE
	* ADD
	* BE
	* DOUBLE
	* WHILE
	* SACRIFICED
	* FATESEAL
	* CONVERT
	* YOUR
	* THEM
	* COMBATSTATUSMODIFIER
	* DEAL
	* RETURN
	* SKIP
	* HIMSELF
	* WITHOUT
	* UNTAP
	* POPULATE
	* CAN
	* SEARCHED
	* LOSE
	* ABLE
	* FLIP
	* SACRIFICE
	* LEVEL
	* DISCOVER
	* ONLY
	* EACH
	* UNATTACH
	* X
	* ITS
	* TYPE
	* MILL
	* CLOAK
	* SPEND
	* ALL
	* FREQUENCY
	* NUMBER
	* BLOCKED
	* NO
	* PAY
	* CREATE
	* WOULD
	* HAVE
","~ enters tapped.
{T}: Choose a color of a card in your graveyard. Add one mana of that color."
306,Sage of Ancient Lore,433.64469938299953,False,"No terminal matches '~' in the current parser context, at line 2 col 6

When ~ enters, draw a card.
     ^
Expected one of: 
	* WORD
	* DASH
","~'s power and toughness are each equal to the number of cards in your hand.
When ~ enters, draw a card.
At the beginning of each upkeep, if no spells were cast last turn, transform ~."
307,"Ormendahl, Profane Prince",21.496644299000764,False,"No terminal matches ',' in the current parser context, at line 1 col 7

Flying, lifelink, indestructible, haste
      ^
Expected one of: 
	* WORD
	* DASH
","Flying, lifelink, indestructible, haste"
308,Warped Landscape,45.97412773799988,False,"No terminal matches 'A' in the current parser context, at line 1 col 6

{T}: Add {C}.
     ^
Expected one of: 
	* GAIN
	* A
	* DISCARDED
	* IT
	* BEEN
	* CAST
	* DREW
	* CYCLE
	* TRANSFORM
	* TAPSYMBOL
	* EQUAL
	* ADAPT
	* GET
	* SUBTYPEPLANESWALKER
	* THEN
	* INTO
	* CONTROLLED
	* ATTACHED
	* FOR
	* CARDINAL
	* CYCLED
	* THE
	* THOSE
	* DISCARD
	* __ANON_20
	* FIGHT
	* ATTACKED
	* LOOKED
	* SUSPECT
	* HAD
	* __ANON_14
	* ITSELF
	* COLORTERM
	* CONNIVE
	* ACTIVATE
	* __ANON_18
	* WHO
	* WHENEVER
	* REGENERATE
	* SUBTYPECREATUREB
	* GAINED
	* SUBTYPEPLANAR
	* LESS
	* MONSTROSITY
	* SUPPORT
	* TAKE
	* AFTER
	* TURN
	* SURVEIL
	* REMAIN
	* OTHER
	* ON
	* IN
	* GREATER
	* LOOK
	* REVEAL
	* IF
	* UNDER
	* UNTAPSYMBOL
	* EXPLORES
	* PROLIFERATE
	* DRAW
	* THIS
	* MAY
	* DESTROY
	* DIE
	* PLAYERCHARACTERISTIC
	* REVEALED
	* TURNED
	* TAP
	* TAPPEDSTATUSMODIFIER
	* TIMES
	* __ANON_17
	* PLAYED
	* OBJECTCHARACTERISTIC
	* SCRY
	* DASH
	* ATTACH
	* THESE
	* ASSIGN
	* WIN
	* SHUFFLE
	* ONTO
	* NAMEREFSYMBOL
	* UNTIL
	* EXCHANGE
	* OTHERWISE
	* NON
	* PREVENT
	* THEIR
	* SWITCH
	* WHEN
	* INVESTIGATE
	* THAT
	* IS
	* CONTROL
	* WITH
	* ORDINAL
	* AN
	* LSQB
	* DAMAGETYPE
	* UNATTACHED
	* AT
	* AS
	* DOES
	* BOLSTER
	* COUNTER
	* DO
	* DETAIN
	* EFFECTSTATUSMODIFIER
	* BECOME
	* SUBTYPESPELL
	* SUPERTYPE
	* __ANON_15
	* HAS
	* MANIFEST
	* ABANDON
	* ADDITIONAL
	* ABILITYMODIFIER
	* CHOSE
	* FORAGE
	* STAR
	* TARGET
	* SEARCH
	* __ANON_19
	* LBRACE
	* SUBTYPELAND
	* ATTACK
	* BLOCK
	* EXERT
	* PLAYERTERM
	* PLAY
	* HERSELF
	* SAME
	* KEYWORDSTATUSMODIFIER
	* MELD
	* CLASH
	* SHUFFLED
	* GOAD
	* MORE
	* __ANON_21
	* UP
	* SUBTYPEARTIFACT
	* SUBTYPEENCHANTMENT
	* SUBTYPECREATUREA
	* INCUBATE
	* PUT
	* FROM
	* CHOOSE
	* REMOVE
	* LEARN
	* ANY
	* QUALIFIER
	* AMASS
	* ZONE
	* EXILE
	* ADD
	* BE
	* DOUBLE
	* WHILE
	* SACRIFICED
	* FATESEAL
	* CONVERT
	* YOUR
	* THEM
	* COMBATSTATUSMODIFIER
	* DEAL
	* RETURN
	* SKIP
	* HIMSELF
	* WITHOUT
	* UNTAP
	* POPULATE
	* CAN
	* SEARCHED
	* LOSE
	* ABLE
	* FLIP
	* SACRIFICE
	* LEVEL
	* DISCOVER
	* ONLY
	* EACH
	* UNATTACH
	* X
	* ITS
	* TYPE
	* MILL
	* CLOAK
	* SPEND
	* ALL
	* FREQUENCY
	* NUMBER
	* BLOCKED
	* NO
	* PAY
	* CREATE
	* WOULD
	* HAVE
","{T}: Add {C}.
{2}, {T}, Sacrifice ~: Search your library for a basic land card, put it onto the battlefield tapped, then shuffle."
309,Westvale Abbey,45.699306025000624,False,"No terminal matches 'A' in the current parser context, at line 1 col 6

{T}: Add {C}.
     ^
Expected one of: 
	* GAIN
	* A
	* DISCARDED
	* IT
	* BEEN
	* CAST
	* DREW
	* CYCLE
	* TRANSFORM
	* TAPSYMBOL
	* EQUAL
	* ADAPT
	* GET
	* SUBTYPEPLANESWALKER
	* THEN
	* INTO
	* CONTROLLED
	* ATTACHED
	* FOR
	* CARDINAL
	* CYCLED
	* THE
	* THOSE
	* DISCARD
	* __ANON_20
	* FIGHT
	* ATTACKED
	* LOOKED
	* SUSPECT
	* HAD
	* __ANON_14
	* ITSELF
	* COLORTERM
	* CONNIVE
	* ACTIVATE
	* __ANON_18
	* WHO
	* WHENEVER
	* REGENERATE
	* SUBTYPECREATUREB
	* GAINED
	* SUBTYPEPLANAR
	* LESS
	* MONSTROSITY
	* SUPPORT
	* TAKE
	* AFTER
	* TURN
	* SURVEIL
	* REMAIN
	* OTHER
	* ON
	* IN
	* GREATER
	* LOOK
	* REVEAL
	* IF
	* UNDER
	* UNTAPSYMBOL
	* EXPLORES
	* PROLIFERATE
	* DRAW
	* THIS
	* MAY
	* DESTROY
	* DIE
	* PLAYERCHARACTERISTIC
	* REVEALED
	* TURNED
	* TAP
	* TAPPEDSTATUSMODIFIER
	* TIMES
	* __ANON_17
	* PLAYED
	* OBJECTCHARACTERISTIC
	* SCRY
	* DASH
	* ATTACH
	* THESE
	* ASSIGN
	* WIN
	* SHUFFLE
	* ONTO
	* NAMEREFSYMBOL
	* UNTIL
	* EXCHANGE
	* OTHERWISE
	* NON
	* PREVENT
	* THEIR
	* SWITCH
	* WHEN
	* INVESTIGATE
	* THAT
	* IS
	* CONTROL
	* WITH
	* ORDINAL
	* AN
	* LSQB
	* DAMAGETYPE
	* UNATTACHED
	* AT
	* AS
	* DOES
	* BOLSTER
	* COUNTER
	* DO
	* DETAIN
	* EFFECTSTATUSMODIFIER
	* BECOME
	* SUBTYPESPELL
	* SUPERTYPE
	* __ANON_15
	* HAS
	* MANIFEST
	* ABANDON
	* ADDITIONAL
	* ABILITYMODIFIER
	* CHOSE
	* FORAGE
	* STAR
	* TARGET
	* SEARCH
	* __ANON_19
	* LBRACE
	* SUBTYPELAND
	* ATTACK
	* BLOCK
	* EXERT
	* PLAYERTERM
	* PLAY
	* HERSELF
	* SAME
	* KEYWORDSTATUSMODIFIER
	* MELD
	* CLASH
	* SHUFFLED
	* GOAD
	* MORE
	* __ANON_21
	* UP
	* SUBTYPEARTIFACT
	* SUBTYPEENCHANTMENT
	* SUBTYPECREATUREA
	* INCUBATE
	* PUT
	* FROM
	* CHOOSE
	* REMOVE
	* LEARN
	* ANY
	* QUALIFIER
	* AMASS
	* ZONE
	* EXILE
	* ADD
	* BE
	* DOUBLE
	* WHILE
	* SACRIFICED
	* FATESEAL
	* CONVERT
	* YOUR
	* THEM
	* COMBATSTATUSMODIFIER
	* DEAL
	* RETURN
	* SKIP
	* HIMSELF
	* WITHOUT
	* UNTAP
	* POPULATE
	* CAN
	* SEARCHED
	* LOSE
	* ABLE
	* FLIP
	* SACRIFICE
	* LEVEL
	* DISCOVER
	* ONLY
	* EACH
	* UNATTACH
	* X
	* ITS
	* TYPE
	* MILL
	* CLOAK
	* SPEND
	* ALL
	* FREQUENCY
	* NUMBER
	* BLOCKED
	* NO
	* PAY
	* CREATE
	* WOULD
	* HAVE
","{T}: Add {C}.
{5}, {T}, Pay 1 life: Create a 1/1 white and black Human Cleric creature token.
{5}, {T}, Sacrifice five creatures: Transform ~, then untap it."
310,Plains,48.02427739599989,True,,({T}: Add {W}.)
311,Island,45.90848058300071,True,,({T}: Add {U}.)
312,Swamp,46.43540914000005,True,,({T}: Add {B}.)
313,Mountain,44.810771739999836,True,,({T}: Add {R}.)
314,Forest,43.24044741700163,True,,({T}: Add {G}.)
315,Forsaken Sanctuary,181.12971719600137,False,"No terminal matches 'A' in the current parser context, at line 2 col 6

{T}: Add {W} or {B}.
     ^
Expected one of: 
	* GAIN
	* A
	* DISCARDED
	* IT
	* BEEN
	* CAST
	* DREW
	* CYCLE
	* TRANSFORM
	* TAPSYMBOL
	* EQUAL
	* ADAPT
	* GET
	* SUBTYPEPLANESWALKER
	* THEN
	* INTO
	* CONTROLLED
	* ATTACHED
	* FOR
	* CARDINAL
	* CYCLED
	* THE
	* THOSE
	* DISCARD
	* __ANON_20
	* FIGHT
	* ATTACKED
	* LOOKED
	* SUSPECT
	* HAD
	* __ANON_14
	* ITSELF
	* COLORTERM
	* CONNIVE
	* ACTIVATE
	* __ANON_18
	* WHO
	* WHENEVER
	* REGENERATE
	* SUBTYPECREATUREB
	* GAINED
	* SUBTYPEPLANAR
	* LESS
	* MONSTROSITY
	* SUPPORT
	* TAKE
	* AFTER
	* TURN
	* SURVEIL
	* REMAIN
	* OTHER
	* ON
	* IN
	* GREATER
	* LOOK
	* REVEAL
	* IF
	* UNDER
	* UNTAPSYMBOL
	* EXPLORES
	* PROLIFERATE
	* DRAW
	* THIS
	* MAY
	* DESTROY
	* DIE
	* PLAYERCHARACTERISTIC
	* REVEALED
	* TURNED
	* TAP
	* TAPPEDSTATUSMODIFIER
	* TIMES
	* __ANON_17
	* PLAYED
	* OBJECTCHARACTERISTIC
	* SCRY
	* DASH
	* ATTACH
	* THESE
	* ASSIGN
	* WIN
	* SHUFFLE
	* ONTO
	* NAMEREFSYMBOL
	* UNTIL
	* EXCHANGE
	* OTHERWISE
	* NON
	* PREVENT
	* THEIR
	* SWITCH
	* WHEN
	* INVESTIGATE
	* THAT
	* IS
	* CONTROL
	* WITH
	* ORDINAL
	* AN
	* LSQB
	* DAMAGETYPE
	* UNATTACHED
	* AT
	* AS
	* DOES
	* BOLSTER
	* COUNTER
	* DO
	* DETAIN
	* EFFECTSTATUSMODIFIER
	* BECOME
	* SUBTYPESPELL
	* SUPERTYPE
	* __ANON_15
	* HAS
	* MANIFEST
	* ABANDON
	* ADDITIONAL
	* ABILITYMODIFIER
	* CHOSE
	* FORAGE
	* STAR
	* TARGET
	* SEARCH
	* __ANON_19
	* LBRACE
	* SUBTYPELAND
	* ATTACK
	* BLOCK
	* EXERT
	* PLAYERTERM
	* PLAY
	* HERSELF
	* SAME
	* KEYWORDSTATUSMODIFIER
	* MELD
	* CLASH
	* SHUFFLED
	* GOAD
	* MORE
	* __ANON_21
	* UP
	* SUBTYPEARTIFACT
	* SUBTYPEENCHANTMENT
	* SUBTYPECREATUREA
	* INCUBATE
	* PUT
	* FROM
	* CHOOSE
	* REMOVE
	* LEARN
	* ANY
	* QUALIFIER
	* AMASS
	* ZONE
	* EXILE
	* ADD
	* BE
	* DOUBLE
	* WHILE
	* SACRIFICED
	* FATESEAL
	* CONVERT
	* YOUR
	* THEM
	* COMBATSTATUSMODIFIER
	* DEAL
	* RETURN
	* SKIP
	* HIMSELF
	* WITHOUT
	* UNTAP
	* POPULATE
	* CAN
	* SEARCHED
	* LOSE
	* ABLE
	* FLIP
	* SACRIFICE
	* LEVEL
	* DISCOVER
	* ONLY
	* EACH
	* UNATTACH
	* X
	* ITS
	* TYPE
	* MILL
	* CLOAK
	* SPEND
	* ALL
	* FREQUENCY
	* NUMBER
	* BLOCKED
	* NO
	* PAY
	* CREATE
	* WOULD
	* HAVE
","~ enters tapped.
{T}: Add {W} or {B}."
316,Foul Orchard,179.55547041499995,False,"No terminal matches 'A' in the current parser context, at line 2 col 6

{T}: Add {B} or {G}.
     ^
Expected one of: 
	* GAIN
	* A
	* DISCARDED
	* IT
	* BEEN
	* CAST
	* DREW
	* CYCLE
	* TRANSFORM
	* TAPSYMBOL
	* EQUAL
	* ADAPT
	* GET
	* SUBTYPEPLANESWALKER
	* THEN
	* INTO
	* CONTROLLED
	* ATTACHED
	* FOR
	* CARDINAL
	* CYCLED
	* THE
	* THOSE
	* DISCARD
	* __ANON_20
	* FIGHT
	* ATTACKED
	* LOOKED
	* SUSPECT
	* HAD
	* __ANON_14
	* ITSELF
	* COLORTERM
	* CONNIVE
	* ACTIVATE
	* __ANON_18
	* WHO
	* WHENEVER
	* REGENERATE
	* SUBTYPECREATUREB
	* GAINED
	* SUBTYPEPLANAR
	* LESS
	* MONSTROSITY
	* SUPPORT
	* TAKE
	* AFTER
	* TURN
	* SURVEIL
	* REMAIN
	* OTHER
	* ON
	* IN
	* GREATER
	* LOOK
	* REVEAL
	* IF
	* UNDER
	* UNTAPSYMBOL
	* EXPLORES
	* PROLIFERATE
	* DRAW
	* THIS
	* MAY
	* DESTROY
	* DIE
	* PLAYERCHARACTERISTIC
	* REVEALED
	* TURNED
	* TAP
	* TAPPEDSTATUSMODIFIER
	* TIMES
	* __ANON_17
	* PLAYED
	* OBJECTCHARACTERISTIC
	* SCRY
	* DASH
	* ATTACH
	* THESE
	* ASSIGN
	* WIN
	* SHUFFLE
	* ONTO
	* NAMEREFSYMBOL
	* UNTIL
	* EXCHANGE
	* OTHERWISE
	* NON
	* PREVENT
	* THEIR
	* SWITCH
	* WHEN
	* INVESTIGATE
	* THAT
	* IS
	* CONTROL
	* WITH
	* ORDINAL
	* AN
	* LSQB
	* DAMAGETYPE
	* UNATTACHED
	* AT
	* AS
	* DOES
	* BOLSTER
	* COUNTER
	* DO
	* DETAIN
	* EFFECTSTATUSMODIFIER
	* BECOME
	* SUBTYPESPELL
	* SUPERTYPE
	* __ANON_15
	* HAS
	* MANIFEST
	* ABANDON
	* ADDITIONAL
	* ABILITYMODIFIER
	* CHOSE
	* FORAGE
	* STAR
	* TARGET
	* SEARCH
	* __ANON_19
	* LBRACE
	* SUBTYPELAND
	* ATTACK
	* BLOCK
	* EXERT
	* PLAYERTERM
	* PLAY
	* HERSELF
	* SAME
	* KEYWORDSTATUSMODIFIER
	* MELD
	* CLASH
	* SHUFFLED
	* GOAD
	* MORE
	* __ANON_21
	* UP
	* SUBTYPEARTIFACT
	* SUBTYPEENCHANTMENT
	* SUBTYPECREATUREA
	* INCUBATE
	* PUT
	* FROM
	* CHOOSE
	* REMOVE
	* LEARN
	* ANY
	* QUALIFIER
	* AMASS
	* ZONE
	* EXILE
	* ADD
	* BE
	* DOUBLE
	* WHILE
	* SACRIFICED
	* FATESEAL
	* CONVERT
	* YOUR
	* THEM
	* COMBATSTATUSMODIFIER
	* DEAL
	* RETURN
	* SKIP
	* HIMSELF
	* WITHOUT
	* UNTAP
	* POPULATE
	* CAN
	* SEARCHED
	* LOSE
	* ABLE
	* FLIP
	* SACRIFICE
	* LEVEL
	* DISCOVER
	* ONLY
	* EACH
	* UNATTACH
	* X
	* ITS
	* TYPE
	* MILL
	* CLOAK
	* SPEND
	* ALL
	* FREQUENCY
	* NUMBER
	* BLOCKED
	* NO
	* PAY
	* CREATE
	* WOULD
	* HAVE
","~ enters tapped.
{T}: Add {B} or {G}."
317,Highland Lake,172.31734657699963,False,"No terminal matches 'A' in the current parser context, at line 2 col 6

{T}: Add {U} or {R}.
     ^
Expected one of: 
	* GAIN
	* A
	* DISCARDED
	* IT
	* BEEN
	* CAST
	* DREW
	* CYCLE
	* TRANSFORM
	* TAPSYMBOL
	* EQUAL
	* ADAPT
	* GET
	* SUBTYPEPLANESWALKER
	* THEN
	* INTO
	* CONTROLLED
	* ATTACHED
	* FOR
	* CARDINAL
	* CYCLED
	* THE
	* THOSE
	* DISCARD
	* __ANON_20
	* FIGHT
	* ATTACKED
	* LOOKED
	* SUSPECT
	* HAD
	* __ANON_14
	* ITSELF
	* COLORTERM
	* CONNIVE
	* ACTIVATE
	* __ANON_18
	* WHO
	* WHENEVER
	* REGENERATE
	* SUBTYPECREATUREB
	* GAINED
	* SUBTYPEPLANAR
	* LESS
	* MONSTROSITY
	* SUPPORT
	* TAKE
	* AFTER
	* TURN
	* SURVEIL
	* REMAIN
	* OTHER
	* ON
	* IN
	* GREATER
	* LOOK
	* REVEAL
	* IF
	* UNDER
	* UNTAPSYMBOL
	* EXPLORES
	* PROLIFERATE
	* DRAW
	* THIS
	* MAY
	* DESTROY
	* DIE
	* PLAYERCHARACTERISTIC
	* REVEALED
	* TURNED
	* TAP
	* TAPPEDSTATUSMODIFIER
	* TIMES
	* __ANON_17
	* PLAYED
	* OBJECTCHARACTERISTIC
	* SCRY
	* DASH
	* ATTACH
	* THESE
	* ASSIGN
	* WIN
	* SHUFFLE
	* ONTO
	* NAMEREFSYMBOL
	* UNTIL
	* EXCHANGE
	* OTHERWISE
	* NON
	* PREVENT
	* THEIR
	* SWITCH
	* WHEN
	* INVESTIGATE
	* THAT
	* IS
	* CONTROL
	* WITH
	* ORDINAL
	* AN
	* LSQB
	* DAMAGETYPE
	* UNATTACHED
	* AT
	* AS
	* DOES
	* BOLSTER
	* COUNTER
	* DO
	* DETAIN
	* EFFECTSTATUSMODIFIER
	* BECOME
	* SUBTYPESPELL
	* SUPERTYPE
	* __ANON_15
	* HAS
	* MANIFEST
	* ABANDON
	* ADDITIONAL
	* ABILITYMODIFIER
	* CHOSE
	* FORAGE
	* STAR
	* TARGET
	* SEARCH
	* __ANON_19
	* LBRACE
	* SUBTYPELAND
	* ATTACK
	* BLOCK
	* EXERT
	* PLAYERTERM
	* PLAY
	* HERSELF
	* SAME
	* KEYWORDSTATUSMODIFIER
	* MELD
	* CLASH
	* SHUFFLED
	* GOAD
	* MORE
	* __ANON_21
	* UP
	* SUBTYPEARTIFACT
	* SUBTYPEENCHANTMENT
	* SUBTYPECREATUREA
	* INCUBATE
	* PUT
	* FROM
	* CHOOSE
	* REMOVE
	* LEARN
	* ANY
	* QUALIFIER
	* AMASS
	* ZONE
	* EXILE
	* ADD
	* BE
	* DOUBLE
	* WHILE
	* SACRIFICED
	* FATESEAL
	* CONVERT
	* YOUR
	* THEM
	* COMBATSTATUSMODIFIER
	* DEAL
	* RETURN
	* SKIP
	* HIMSELF
	* WITHOUT
	* UNTAP
	* POPULATE
	* CAN
	* SEARCHED
	* LOSE
	* ABLE
	* FLIP
	* SACRIFICE
	* LEVEL
	* DISCOVER
	* ONLY
	* EACH
	* UNATTACH
	* X
	* ITS
	* TYPE
	* MILL
	* CLOAK
	* SPEND
	* ALL
	* FREQUENCY
	* NUMBER
	* BLOCKED
	* NO
	* PAY
	* CREATE
	* WOULD
	* HAVE
","~ enters tapped.
{T}: Add {U} or {R}."
318,Stone Quarry,158.23862190599903,False,"No terminal matches 'A' in the current parser context, at line 2 col 6

{T}: Add {R} or {W}.
     ^
Expected one of: 
	* GAIN
	* A
	* DISCARDED
	* IT
	* BEEN
	* CAST
	* DREW
	* CYCLE
	* TRANSFORM
	* TAPSYMBOL
	* EQUAL
	* ADAPT
	* GET
	* SUBTYPEPLANESWALKER
	* THEN
	* INTO
	* CONTROLLED
	* ATTACHED
	* FOR
	* CARDINAL
	* CYCLED
	* THE
	* THOSE
	* DISCARD
	* __ANON_20
	* FIGHT
	* ATTACKED
	* LOOKED
	* SUSPECT
	* HAD
	* __ANON_14
	* ITSELF
	* COLORTERM
	* CONNIVE
	* ACTIVATE
	* __ANON_18
	* WHO
	* WHENEVER
	* REGENERATE
	* SUBTYPECREATUREB
	* GAINED
	* SUBTYPEPLANAR
	* LESS
	* MONSTROSITY
	* SUPPORT
	* TAKE
	* AFTER
	* TURN
	* SURVEIL
	* REMAIN
	* OTHER
	* ON
	* IN
	* GREATER
	* LOOK
	* REVEAL
	* IF
	* UNDER
	* UNTAPSYMBOL
	* EXPLORES
	* PROLIFERATE
	* DRAW
	* THIS
	* MAY
	* DESTROY
	* DIE
	* PLAYERCHARACTERISTIC
	* REVEALED
	* TURNED
	* TAP
	* TAPPEDSTATUSMODIFIER
	* TIMES
	* __ANON_17
	* PLAYED
	* OBJECTCHARACTERISTIC
	* SCRY
	* DASH
	* ATTACH
	* THESE
	* ASSIGN
	* WIN
	* SHUFFLE
	* ONTO
	* NAMEREFSYMBOL
	* UNTIL
	* EXCHANGE
	* OTHERWISE
	* NON
	* PREVENT
	* THEIR
	* SWITCH
	* WHEN
	* INVESTIGATE
	* THAT
	* IS
	* CONTROL
	* WITH
	* ORDINAL
	* AN
	* LSQB
	* DAMAGETYPE
	* UNATTACHED
	* AT
	* AS
	* DOES
	* BOLSTER
	* COUNTER
	* DO
	* DETAIN
	* EFFECTSTATUSMODIFIER
	* BECOME
	* SUBTYPESPELL
	* SUPERTYPE
	* __ANON_15
	* HAS
	* MANIFEST
	* ABANDON
	* ADDITIONAL
	* ABILITYMODIFIER
	* CHOSE
	* FORAGE
	* STAR
	* TARGET
	* SEARCH
	* __ANON_19
	* LBRACE
	* SUBTYPELAND
	* ATTACK
	* BLOCK
	* EXERT
	* PLAYERTERM
	* PLAY
	* HERSELF
	* SAME
	* KEYWORDSTATUSMODIFIER
	* MELD
	* CLASH
	* SHUFFLED
	* GOAD
	* MORE
	* __ANON_21
	* UP
	* SUBTYPEARTIFACT
	* SUBTYPEENCHANTMENT
	* SUBTYPECREATUREA
	* INCUBATE
	* PUT
	* FROM
	* CHOOSE
	* REMOVE
	* LEARN
	* ANY
	* QUALIFIER
	* AMASS
	* ZONE
	* EXILE
	* ADD
	* BE
	* DOUBLE
	* WHILE
	* SACRIFICED
	* FATESEAL
	* CONVERT
	* YOUR
	* THEM
	* COMBATSTATUSMODIFIER
	* DEAL
	* RETURN
	* SKIP
	* HIMSELF
	* WITHOUT
	* UNTAP
	* POPULATE
	* CAN
	* SEARCHED
	* LOSE
	* ABLE
	* FLIP
	* SACRIFICE
	* LEVEL
	* DISCOVER
	* ONLY
	* EACH
	* UNATTACH
	* X
	* ITS
	* TYPE
	* MILL
	* CLOAK
	* SPEND
	* ALL
	* FREQUENCY
	* NUMBER
	* BLOCKED
	* NO
	* PAY
	* CREATE
	* WOULD
	* HAVE
","~ enters tapped.
{T}: Add {R} or {W}."
319,Woodland Stream,131.14958910300084,False,"No terminal matches 'A' in the current parser context, at line 2 col 6

{T}: Add {G} or {U}.
     ^
Expected one of: 
	* GAIN
	* A
	* DISCARDED
	* IT
	* BEEN
	* CAST
	* DREW
	* CYCLE
	* TRANSFORM
	* TAPSYMBOL
	* EQUAL
	* ADAPT
	* GET
	* SUBTYPEPLANESWALKER
	* THEN
	* INTO
	* CONTROLLED
	* ATTACHED
	* FOR
	* CARDINAL
	* CYCLED
	* THE
	* THOSE
	* DISCARD
	* __ANON_20
	* FIGHT
	* ATTACKED
	* LOOKED
	* SUSPECT
	* HAD
	* __ANON_14
	* ITSELF
	* COLORTERM
	* CONNIVE
	* ACTIVATE
	* __ANON_18
	* WHO
	* WHENEVER
	* REGENERATE
	* SUBTYPECREATUREB
	* GAINED
	* SUBTYPEPLANAR
	* LESS
	* MONSTROSITY
	* SUPPORT
	* TAKE
	* AFTER
	* TURN
	* SURVEIL
	* REMAIN
	* OTHER
	* ON
	* IN
	* GREATER
	* LOOK
	* REVEAL
	* IF
	* UNDER
	* UNTAPSYMBOL
	* EXPLORES
	* PROLIFERATE
	* DRAW
	* THIS
	* MAY
	* DESTROY
	* DIE
	* PLAYERCHARACTERISTIC
	* REVEALED
	* TURNED
	* TAP
	* TAPPEDSTATUSMODIFIER
	* TIMES
	* __ANON_17
	* PLAYED
	* OBJECTCHARACTERISTIC
	* SCRY
	* DASH
	* ATTACH
	* THESE
	* ASSIGN
	* WIN
	* SHUFFLE
	* ONTO
	* NAMEREFSYMBOL
	* UNTIL
	* EXCHANGE
	* OTHERWISE
	* NON
	* PREVENT
	* THEIR
	* SWITCH
	* WHEN
	* INVESTIGATE
	* THAT
	* IS
	* CONTROL
	* WITH
	* ORDINAL
	* AN
	* LSQB
	* DAMAGETYPE
	* UNATTACHED
	* AT
	* AS
	* DOES
	* BOLSTER
	* COUNTER
	* DO
	* DETAIN
	* EFFECTSTATUSMODIFIER
	* BECOME
	* SUBTYPESPELL
	* SUPERTYPE
	* __ANON_15
	* HAS
	* MANIFEST
	* ABANDON
	* ADDITIONAL
	* ABILITYMODIFIER
	* CHOSE
	* FORAGE
	* STAR
	* TARGET
	* SEARCH
	* __ANON_19
	* LBRACE
	* SUBTYPELAND
	* ATTACK
	* BLOCK
	* EXERT
	* PLAYERTERM
	* PLAY
	* HERSELF
	* SAME
	* KEYWORDSTATUSMODIFIER
	* MELD
	* CLASH
	* SHUFFLED
	* GOAD
	* MORE
	* __ANON_21
	* UP
	* SUBTYPEARTIFACT
	* SUBTYPEENCHANTMENT
	* SUBTYPECREATUREA
	* INCUBATE
	* PUT
	* FROM
	* CHOOSE
	* REMOVE
	* LEARN
	* ANY
	* QUALIFIER
	* AMASS
	* ZONE
	* EXILE
	* ADD
	* BE
	* DOUBLE
	* WHILE
	* SACRIFICED
	* FATESEAL
	* CONVERT
	* YOUR
	* THEM
	* COMBATSTATUSMODIFIER
	* DEAL
	* RETURN
	* SKIP
	* HIMSELF
	* WITHOUT
	* UNTAP
	* POPULATE
	* CAN
	* SEARCHED
	* LOSE
	* ABLE
	* FLIP
	* SACRIFICE
	* LEVEL
	* DISCOVER
	* ONLY
	* EACH
	* UNATTACH
	* X
	* ITS
	* TYPE
	* MILL
	* CLOAK
	* SPEND
	* ALL
	* FREQUENCY
	* NUMBER
	* BLOCKED
	* NO
	* PAY
	* CREATE
	* WOULD
	* HAVE
","~ enters tapped.
{T}: Add {G} or {U}."
