,name,duration,parsed,error,text
0,Adanto Vanguard,26.951905119000003,False,"No terminal matches '~' in the current parser context, at line 1 col 12

As long as ~ is attacking, it gets +2/+0.
           ^
Expected one of: 
	* DASH
	* WORD
","As long as ~ is attacking, it gets +2/+0.
Pay 4 life: ~ gains indestructible until end of turn. (Damage and effects that say ""destroy"" do not destroy it.)"
1,Axis of Mortality,27.041225890000078,False,"No terminal matches ',' in the current parser context, at line 1 col 32

At the beginning of your upkeep, you may have two target players exchan
                               ^
Expected one of: 
	* DASH
	* WORD
","At the beginning of your upkeep, you may have two target players exchange life totals."
2,Demystify,26.940081061,False,"No terminal matches '.' in the current parser context, at line 1 col 27

Destroy target enchantment.
                          ^
Expected one of: 
	* DASH
	* WORD
",Destroy target enchantment.
3,Ashes of the Abhorrent,26.961255220999647,False,"No terminal matches '.' in the current parser context, at line 1 col 89

ctivate abilities of cards in graveyards.
                                        ^
Expected one of: 
	* DASH
	* WORD
","Players can not cast spells from graveyards or activate abilities of cards in graveyards.
Whenever a creature dies, you gain 1 life."
4,Bright Reprisal,26.98185342800025,False,"No terminal matches '.' in the current parser context, at line 1 col 34

Destroy target attacking creature.
                                 ^
Expected one of: 
	* DASH
	* WORD
","Destroy target attacking creature.
Draw a card."
5,Bishop's Soldier,26.884838771999966,False,"Unexpected end-of-input. Expected one of: 
	* DASH
	* WORD
",Lifelink
6,Bishop of Rebirth,26.902033572000164,False,"No terminal matches '~' in the current parser context, at line 2 col 10

Whenever ~ attacks, you may return target creatur
         ^
Expected one of: 
	* DASH
	* WORD
","Vigilance
Whenever ~ attacks, you may return target creature card with mana value 3 or less from your graveyard to the battlefield."
7,Duskborne Skymarcher,24.209042298999975,False,"No terminal matches '{' in the current parser context, at line 2 col 1

{W}, {T}: Target attacking Vampire gets 
^
Expected one of: 
	* DASH
	* WORD
","Flying
{W}, {T}: Target attacking Vampire gets +1/+1 until end of turn."
8,Bellowing Aegisaur,50.96056766999982,False,"No terminal matches 'W' in the current parser context, at line 1 col 10

Enrage — Whenever ~ is dealt damage, put a +1/+1 
         ^
Expected one of: 
	* UNDER
	* TAPPEDSTATUSMODIFIER
	* STAR
	* FROM
	* OBJECTCHARACTERISTIC
	* PROLIFERATE
	* SUSPECT
	* TAKE
	* NON
	* CYCLED
	* WIN
	* REMOVE
	* BLOCK
	* SAME
	* DISCARD
	* HAD
	* CHOSE
	* GOAD
	* SEARCH
	* DRAW
	* DIE
	* LBRACE
	* EQUAL
	* GAINED
	* EXPLORES
	* COLORTERM
	* LOOK
	* SUBTYPESPELL
	* __ANON_18
	* PAY
	* LEARN
	* SHUFFLED
	* HIMSELF
	* CYCLE
	* GET
	* DEAL
	* SPEND
	* HAVE
	* CAST
	* SACRIFICE
	* A
	* DREW
	* EXERT
	* ONLY
	* ATTACHED
	* ITSELF
	* ITS
	* TAPSYMBOL
	* WITH
	* LESS
	* ADDITIONAL
	* ORDINAL
	* __ANON_17
	* __ANON_21
	* FLIP
	* AFTER
	* FATESEAL
	* PUT
	* INVESTIGATE
	* OTHER
	* ALL
	* SUBTYPECREATUREB
	* THEN
	* CONTROLLED
	* SCRY
	* HERSELF
	* MANIFEST
	* SURVEIL
	* ONTO
	* WITHOUT
	* QUALIFIER
	* PLAY
	* ZONE
	* GAIN
	* SHUFFLE
	* SACRIFICED
	* WHEN
	* PLAYERCHARACTERISTIC
	* DO
	* MILL
	* REVEALED
	* TURNED
	* SUPERTYPE
	* REGENERATE
	* UNTAPSYMBOL
	* SUBTYPEARTIFACT
	* TIMES
	* SKIP
	* WOULD
	* AN
	* CONTROL
	* TAP
	* PLAYERTERM
	* AMASS
	* DAMAGETYPE
	* WHILE
	* SUBTYPEPLANAR
	* PLAYED
	* DESTROY
	* INTO
	* UNATTACH
	* EXILE
	* ABILITYMODIFIER
	* IS
	* WHENEVER
	* SWITCH
	* THEIR
	* FOR
	* BE
	* UNATTACHED
	* PREVENT
	* CONVERT
	* ACTIVATE
	* BLOCKED
	* COUNTER
	* BEEN
	* ANY
	* GREATER
	* SUPPORT
	* ATTACK
	* CLOAK
	* SUBTYPEENCHANTMENT
	* CARDINAL
	* IT
	* THOSE
	* CHOOSE
	* THEM
	* YOUR
	* __ANON_15
	* DASH
	* INCUBATE
	* MAY
	* REMAIN
	* LOOKED
	* THE
	* NO
	* NAMEREFSYMBOL
	* __ANON_20
	* SUBTYPEPLANESWALKER
	* ASSIGN
	* FREQUENCY
	* SUBTYPECREATUREA
	* TARGET
	* NUMBER
	* CLASH
	* POPULATE
	* ABANDON
	* IN
	* ADD
	* ON
	* SEARCHED
	* REVEAL
	* MONSTROSITY
	* MELD
	* ABLE
	* WHO
	* MORE
	* RETURN
	* COMBATSTATUSMODIFIER
	* KEYWORDSTATUSMODIFIER
	* IF
	* TRANSFORM
	* ATTACKED
	* DISCOVER
	* __ANON_14
	* LEVEL
	* DOES
	* EXCHANGE
	* THAT
	* X
	* CONNIVE
	* DETAIN
	* UNTAP
	* AS
	* CREATE
	* CAN
	* DOUBLE
	* TYPE
	* ADAPT
	* EFFECTSTATUSMODIFIER
	* SUBTYPELAND
	* BECOME
	* LOSE
	* HAS
	* UP
	* LSQB
	* UNTIL
	* FIGHT
	* TURN
	* __ANON_19
	* FORAGE
	* BOLSTER
	* AT
	* OTHERWISE
	* THESE
	* DISCARDED
	* ATTACH
	* THIS
	* EACH
","Enrage — Whenever ~ is dealt damage, put a +1/+1 counter on each other creature you control."
9,Goring Ceratops,24.218845666000107,False,"No terminal matches '~' in the current parser context, at line 2 col 10

Whenever ~ attacks, other creatures you control g
         ^
Expected one of: 
	* DASH
	* WORD
","Double strike
Whenever ~ attacks, other creatures you control gain double strike until end of turn."
10,Emissary of Sunrise,24.46929075299977,False,"No terminal matches '~' in the current parser context, at line 2 col 6

When ~ enters, it explores. (Reveal the top c
     ^
Expected one of: 
	* DASH
	* WORD
","First strike
When ~ enters, it explores. (Reveal the top card of your library. Put that card into your hand if it is a land. Otherwise, put a +1/+1 counter on this creature, then put the card back or put it into your graveyard.)"
11,Encampment Keeper,24.396943129999727,False,"No terminal matches '{' in the current parser context, at line 2 col 1

{7}{W}, {T}, Sacrifice ~: Creatures you 
^
Expected one of: 
	* DASH
	* WORD
","First strike
{7}{W}, {T}, Sacrifice ~: Creatures you control get +2/+2 until end of turn."
12,Imperial Aerosaur,24.422545818000344,False,"No terminal matches '~' in the current parser context, at line 2 col 6

When ~ enters, another target creature you co
     ^
Expected one of: 
	* DASH
	* WORD
","Flying
When ~ enters, another target creature you control gets +1/+1 and gains flying until end of turn."
13,Glorifier of Dusk,24.53996175200018,False,"No terminal matches '2' in the current parser context, at line 1 col 5

Pay 2 life: ~ gains flying until end of turn
    ^
Expected one of: 
	* DASH
	* WORD
","Pay 2 life: ~ gains flying until end of turn.
Pay 2 life: ~ gains vigilance until end of turn."
14,Ixalan's Binding,24.5187017129997,False,"No terminal matches '~' in the current parser context, at line 1 col 6

When ~ enters, exile target nonland permanent
     ^
Expected one of: 
	* DASH
	* WORD
","When ~ enters, exile target nonland permanent an opponent controls until ~ leaves the battlefield.
Your opponents can not cast spells with the same name as the exiled card."
15,Legion's Landing,24.250742052000078,False,"No terminal matches '~' in the current parser context, at line 1 col 6

When ~ enters, create a 1/1 white Vampire cre
     ^
Expected one of: 
	* DASH
	* WORD
","When ~ enters, create a 1/1 white Vampire creature token with lifelink.
When you attack with three or more creatures, transform ~."
16,Looming Altisaur,3.467000169621315e-06,False,'text',
17,Inspiring Cleric,26.41834217500036,False,"No terminal matches '~' in the current parser context, at line 1 col 6

When ~ enters, you gain 4 life.
     ^
Expected one of: 
	* DASH
	* WORD
","When ~ enters, you gain 4 life."
18,Legion Conquistador,26.11924458300018,False,"No terminal matches '~' in the current parser context, at line 1 col 6

When ~ enters, you may search your library fo
     ^
Expected one of: 
	* DASH
	* WORD
","When ~ enters, you may search your library for any number of cards named ~, reveal them, put them into your hand, then shuffle."
19,Kinjalli's Caller,26.57998623900039,False,"No terminal matches '{' in the current parser context, at line 1 col 31

Dinosaur spells you cast cost {1} less to cast.
                              ^
Expected one of: 
	* DASH
	* WORD
",Dinosaur spells you cast cost {1} less to cast.
20,Legion's Judgment,26.532390873000168,False,"No terminal matches '4' in the current parser context, at line 1 col 36

Destroy target creature with power 4 or greater.
                                   ^
Expected one of: 
	* DASH
	* WORD
",Destroy target creature with power 4 or greater.
21,Kinjalli's Sunwing,26.62325543499992,False,"No terminal matches '.' in the current parser context, at line 2 col 46

ures your opponents control enter tapped.
                                        ^
Expected one of: 
	* DASH
	* WORD
","Flying
Creatures your opponents control enter tapped."
22,"Mavren Fein, Dusk Apostle",26.980235614999856,False,"No terminal matches ',' in the current parser context, at line 1 col 58

ore nontoken Vampires you control attack, create a 1/1 white Vampire creature to
                                        ^
Expected one of: 
	* DASH
	* WORD
","Whenever one or more nontoken Vampires you control attack, create a 1/1 white Vampire creature token with lifelink."
23,Paladin of the Bloodstained,26.137853559000177,False,"No terminal matches '~' in the current parser context, at line 1 col 6

When ~ enters, create a 1/1 white Vampire cre
     ^
Expected one of: 
	* DASH
	* WORD
","When ~ enters, create a 1/1 white Vampire creature token with lifelink."
24,Raptor Companion,3.998000011051772e-06,False,'text',
25,Priest of the Wakening Sun,26.165823289999935,False,"No terminal matches ',' in the current parser context, at line 1 col 32

At the beginning of your upkeep, you may reveal a Dinosaur card from yo
                               ^
Expected one of: 
	* DASH
	* WORD
","At the beginning of your upkeep, you may reveal a Dinosaur card from your hand. If you do, you gain 2 life.
{3}{W}{W}, Sacrifice ~: Search your library for a Dinosaur card, reveal it, put it into your hand, then shuffle."
26,Queen's Commission,26.019018894000055,False,"No terminal matches '1' in the current parser context, at line 1 col 12

Create two 1/1 white Vampire creature tokens with l
           ^
Expected one of: 
	* DASH
	* WORD
",Create two 1/1 white Vampire creature tokens with lifelink.
27,Pious Interdiction,26.87861657400026,False,"No terminal matches '~' in the current parser context, at line 2 col 6

When ~ enters, you gain 2 life.
     ^
Expected one of: 
	* DASH
	* WORD
","Enchant creature
When ~ enters, you gain 2 life.
Enchanted creature can not attack or block."
28,Rallying Roar,27.55166879100034,False,"No terminal matches '+' in the current parser context, at line 1 col 27

Creatures you control get +1/+1 until end of turn. Untap them.
                          ^
Expected one of: 
	* DASH
	* WORD
",Creatures you control get +1/+1 until end of turn. Untap them.
29,Ritual of Rejuvenation,26.931746676999865,False,"No terminal matches '4' in the current parser context, at line 1 col 10

You gain 4 life.
         ^
Expected one of: 
	* DASH
	* WORD
","You gain 4 life.
Draw a card."
30,Sanguine Sacrament,27.186076890000095,False,"No terminal matches '.' in the current parser context, at line 1 col 22

You gain twice X life. Put ~ on the bottom of its owner's lib
                     ^
Expected one of: 
	* DASH
	* WORD
",You gain twice X life. Put ~ on the bottom of its owner's library.
31,Settle the Wreckage,27.247136313000283,False,"No terminal matches '.' in the current parser context, at line 1 col 53

tacking creatures target player controls. That player may search their library f
                                        ^
Expected one of: 
	* DASH
	* WORD
","Exile all attacking creatures target player controls. That player may search their library for that many basic land cards, put those cards onto the battlefield tapped, then shuffle."
32,Sheltering Light,27.418837505999818,False,"No terminal matches '.' in the current parser context, at line 1 col 55

e gains indestructible until end of turn. Scry 1. (Damage and effects that say ""
                                        ^
Expected one of: 
	* DASH
	* WORD
","Target creature gains indestructible until end of turn. Scry 1. (Damage and effects that say ""destroy"" do not destroy the creature.)"
33,"Adanto, the First Fort",78.33915042100034,False,"No terminal matches 'A' in the current parser context, at line 2 col 6

{T}: Add {W}.
     ^
Expected one of: 
	* UNDER
	* TAPPEDSTATUSMODIFIER
	* STAR
	* FROM
	* OBJECTCHARACTERISTIC
	* PROLIFERATE
	* SUSPECT
	* TAKE
	* NON
	* CYCLED
	* WIN
	* REMOVE
	* BLOCK
	* SAME
	* DISCARD
	* HAD
	* CHOSE
	* GOAD
	* SEARCH
	* DRAW
	* DIE
	* LBRACE
	* EQUAL
	* GAINED
	* EXPLORES
	* COLORTERM
	* LOOK
	* SUBTYPESPELL
	* __ANON_18
	* PAY
	* LEARN
	* SHUFFLED
	* HIMSELF
	* CYCLE
	* GET
	* DEAL
	* SPEND
	* HAVE
	* CAST
	* SACRIFICE
	* A
	* DREW
	* EXERT
	* ONLY
	* ATTACHED
	* ITSELF
	* ITS
	* TAPSYMBOL
	* WITH
	* LESS
	* ADDITIONAL
	* ORDINAL
	* __ANON_17
	* __ANON_21
	* FLIP
	* AFTER
	* FATESEAL
	* PUT
	* INVESTIGATE
	* OTHER
	* ALL
	* SUBTYPECREATUREB
	* THEN
	* CONTROLLED
	* SCRY
	* HERSELF
	* MANIFEST
	* SURVEIL
	* ONTO
	* WITHOUT
	* QUALIFIER
	* PLAY
	* ZONE
	* GAIN
	* SHUFFLE
	* SACRIFICED
	* WHEN
	* PLAYERCHARACTERISTIC
	* DO
	* MILL
	* REVEALED
	* TURNED
	* SUPERTYPE
	* REGENERATE
	* UNTAPSYMBOL
	* SUBTYPEARTIFACT
	* TIMES
	* SKIP
	* WOULD
	* AN
	* CONTROL
	* TAP
	* PLAYERTERM
	* AMASS
	* DAMAGETYPE
	* WHILE
	* SUBTYPEPLANAR
	* PLAYED
	* DESTROY
	* INTO
	* UNATTACH
	* EXILE
	* ABILITYMODIFIER
	* IS
	* WHENEVER
	* SWITCH
	* THEIR
	* FOR
	* BE
	* UNATTACHED
	* PREVENT
	* CONVERT
	* ACTIVATE
	* BLOCKED
	* COUNTER
	* BEEN
	* ANY
	* GREATER
	* SUPPORT
	* ATTACK
	* CLOAK
	* SUBTYPEENCHANTMENT
	* CARDINAL
	* IT
	* THOSE
	* CHOOSE
	* THEM
	* YOUR
	* __ANON_15
	* DASH
	* INCUBATE
	* MAY
	* REMAIN
	* LOOKED
	* THE
	* NO
	* NAMEREFSYMBOL
	* __ANON_20
	* SUBTYPEPLANESWALKER
	* ASSIGN
	* FREQUENCY
	* SUBTYPECREATUREA
	* TARGET
	* NUMBER
	* CLASH
	* POPULATE
	* ABANDON
	* IN
	* ADD
	* ON
	* SEARCHED
	* REVEAL
	* MONSTROSITY
	* MELD
	* ABLE
	* WHO
	* MORE
	* RETURN
	* COMBATSTATUSMODIFIER
	* KEYWORDSTATUSMODIFIER
	* IF
	* TRANSFORM
	* ATTACKED
	* DISCOVER
	* __ANON_14
	* LEVEL
	* DOES
	* EXCHANGE
	* THAT
	* X
	* CONNIVE
	* DETAIN
	* UNTAP
	* AS
	* CREATE
	* CAN
	* DOUBLE
	* TYPE
	* ADAPT
	* EFFECTSTATUSMODIFIER
	* SUBTYPELAND
	* BECOME
	* LOSE
	* HAS
	* UP
	* LSQB
	* UNTIL
	* FIGHT
	* TURN
	* __ANON_19
	* FORAGE
	* BOLSTER
	* AT
	* OTHERWISE
	* THESE
	* DISCARDED
	* ATTACH
	* THIS
	* EACH
","(Transforms from Legion's Landing.)
{T}: Add {W}.
{2}{W}, {T}: Create a 1/1 white Vampire creature token with lifelink."
34,Skyblade of the Legion,25.092700487000002,False,"Unexpected end-of-input. Expected one of: 
	* DASH
	* WORD
",Flying
35,Steadfast Armasaur,25.300517863000096,False,"No terminal matches '{' in the current parser context, at line 2 col 1

{1}{W}, {T}: ~ deals damage equal to its
^
Expected one of: 
	* DASH
	* WORD
","Vigilance
{1}{W}, {T}: ~ deals damage equal to its toughness to target creature blocking or blocked by it."
36,Sunrise Seeker,25.54467399799978,False,"No terminal matches '~' in the current parser context, at line 2 col 6

When ~ enters, it explores. (Reveal the top c
     ^
Expected one of: 
	* DASH
	* WORD
","Vigilance
When ~ enters, it explores. (Reveal the top card of your library. Put that card into your hand if it is a land. Otherwise, put a +1/+1 counter on this creature, then put the card back or put it into your graveyard.)"
37,Shining Aerosaur,27.641824709000048,False,"Unexpected end-of-input. Expected one of: 
	* DASH
	* WORD
",Flying
38,Territorial Hammerskull,27.195763157999863,False,"No terminal matches '~' in the current parser context, at line 1 col 10

Whenever ~ attacks, tap target creature an oppone
         ^
Expected one of: 
	* DASH
	* WORD
","Whenever ~ attacks, tap target creature an opponent controls."
39,Tocatli Honor Guard,27.43144823500006,False,"No terminal matches '.' in the current parser context, at line 1 col 53

tering do not cause abilities to trigger.
                                        ^
Expected one of: 
	* DASH
	* WORD
",Creatures entering do not cause abilities to trigger.
40,Air Elemental,25.15528614799996,False,"Unexpected end-of-input. Expected one of: 
	* DASH
	* WORD
",Flying
41,Vampire's Zeal,27.162064334000206,False,"No terminal matches '+' in the current parser context, at line 1 col 22

Target creature gets +2/+2 until end of turn. If it is a Vamp
                     ^
Expected one of: 
	* DASH
	* WORD
","Target creature gets +2/+2 until end of turn. If it is a Vampire, it gains first strike until end of turn."
42,Wakening Sun's Avatar,27.422395406000305,False,"No terminal matches '~' in the current parser context, at line 1 col 6

When ~ enters, if you cast it from your hand,
     ^
Expected one of: 
	* DASH
	* WORD
","When ~ enters, if you cast it from your hand, destroy all non-Dinosaur creatures."
43,Arcane Adaptation,27.20722406899995,False,"No terminal matches '~' in the current parser context, at line 1 col 4

As ~ enters, choose a creature type.
   ^
Expected one of: 
	* DASH
	* WORD
","As ~ enters, choose a creature type.
Creatures you control are the chosen type in addition to their other types. The same is true for creature spells you control and creature cards you own that are not on the battlefield."
44,Chart a Course,27.59639710500005,False,"No terminal matches '.' in the current parser context, at line 1 col 15

Draw two cards. Then discard a card unless you attacke
              ^
Expected one of: 
	* DASH
	* WORD
",Draw two cards. Then discard a card unless you attacked this turn.
45,Cancel,27.871459378000054,False,"No terminal matches '.' in the current parser context, at line 1 col 21

Counter target spell.
                    ^
Expected one of: 
	* DASH
	* WORD
",Counter target spell.
46,Deadeye Quartermaster,27.788900847999685,False,"No terminal matches '~' in the current parser context, at line 1 col 6

When ~ enters, you may search your library fo
     ^
Expected one of: 
	* DASH
	* WORD
","When ~ enters, you may search your library for an Equipment or Vehicle card, reveal it, put it into your hand, then shuffle."
47,Deeproot Waters,24.92191698200031,False,"No terminal matches ',' in the current parser context, at line 1 col 34

Whenever you cast a Merfolk spell, create a 1/1 blue Merfolk creature tok
                                 ^
Expected one of: 
	* DASH
	* WORD
","Whenever you cast a Merfolk spell, create a 1/1 blue Merfolk creature token with hexproof. (A creature with hexproof can not be the target of spells or abilities your opponents control.)"
48,Depths of Desire,26.859982003999903,False,"No terminal matches ''' in the current parser context, at line 1 col 36

Return target creature to its owner's hand. Create a Treasure token. (it is
                                   ^
Expected one of: 
	* DASH
	* WORD
","Return target creature to its owner's hand. Create a Treasure token. (it is an artifact with ""{T}, Sacrifice this artifact: Add one mana of any color."".)"
49,Dive Down,27.27706628599981,False,"No terminal matches '+' in the current parser context, at line 1 col 34

Target creature you control gets +0/+3 and gains hexproof until end of tu
                                 ^
Expected one of: 
	* DASH
	* WORD
",Target creature you control gets +0/+3 and gains hexproof until end of turn. (It can not be the target of spells or abilities your opponents control.)
50,Dreamcaller Siren,27.140818362000118,False,"No terminal matches '~' in the current parser context, at line 3 col 1

~ can block only creatures with flying.
^
Expected one of: 
	* DASH
	* WORD
","Flash
Flying
~ can block only creatures with flying.
When ~ enters, if you control another Pirate, tap up to two target nonland permanents."
51,Headwater Sentries,4.32800015914836e-06,False,'text',
52,Entrancing Melody,26.243448028999865,False,"No terminal matches '.' in the current parser context, at line 1 col 50

rol of target creature with mana value X.
                                        ^
Expected one of: 
	* DASH
	* WORD
",Gain control of target creature with mana value X.
53,Fleet Swallower,24.687642910999784,False,"No terminal matches '~' in the current parser context, at line 1 col 10

Whenever ~ attacks, target player mills half thei
         ^
Expected one of: 
	* DASH
	* WORD
","Whenever ~ attacks, target player mills half their library, rounded up."
54,Favorable Winds,26.684027390999745,False,"No terminal matches '+' in the current parser context, at line 1 col 39

Creatures you control with flying get +1/+1.
                                      ^
Expected one of: 
	* DASH
	* WORD
",Creatures you control with flying get +1/+1.
55,Herald of Secret Streams,24.603131775999827,False,"No terminal matches '+' in the current parser context, at line 1 col 28

Creatures you control with +1/+1 counters on them can not be blocke
                           ^
Expected one of: 
	* DASH
	* WORD
",Creatures you control with +1/+1 counters on them can not be blocked.
56,Imperial Lancer,242.35781028100018,False,"No terminal matches '.' in the current parser context, at line 1 col 54

strike as long as you control a Dinosaur.
                                        ^
Expected one of: 
	* DASH
	* WORD
",~ has double strike as long as you control a Dinosaur.
57,Pterodon Knight,192.20177770199962,False,"No terminal matches '.' in the current parser context, at line 1 col 47

flying as long as you control a Dinosaur.
                                        ^
Expected one of: 
	* DASH
	* WORD
",~ has flying as long as you control a Dinosaur.
58,Lookout's Dispersal,25.03128614599973,False,"No terminal matches '{' in the current parser context, at line 1 col 18

This spell costs {1} less to cast if you control a Pirate
                 ^
Expected one of: 
	* DASH
	* WORD
","This spell costs {1} less to cast if you control a Pirate.
Counter target spell unless its controller pays {4}."
59,"Kopala, Warden of Waves",26.81876663400044,False,"No terminal matches '{' in the current parser context, at line 1 col 67

 that target a Merfolk you control cost {2} more to cast.
                                        ^
Expected one of: 
	* DASH
	* WORD
","Spells your opponents cast that target a Merfolk you control cost {2} more to cast.
Abilities your opponents activate that target a Merfolk you control cost {2} more to activate."
60,One With the Wind,24.347085225000228,False,"No terminal matches '+' in the current parser context, at line 2 col 25

Enchanted creature gets +2/+2 and has flying.
                        ^
Expected one of: 
	* DASH
	* WORD
","Enchant creature
Enchanted creature gets +2/+2 and has flying."
61,Opt,26.86478084600003,False,"No terminal matches '1' in the current parser context, at line 1 col 6

Scry 1.
     ^
Expected one of: 
	* DASH
	* WORD
","Scry 1.
Draw a card."
62,"Jace, Cunning Castaway",50.56571683000038,False,"No terminal matches 'W' in the current parser context, at line 1 col 7

[+1]: Whenever one or more creatures you contr
      ^
Expected one of: 
	* UNDER
	* TAPPEDSTATUSMODIFIER
	* STAR
	* FROM
	* OBJECTCHARACTERISTIC
	* PROLIFERATE
	* SUSPECT
	* TAKE
	* NON
	* CYCLED
	* WIN
	* REMOVE
	* BLOCK
	* SAME
	* DISCARD
	* HAD
	* CHOSE
	* GOAD
	* SEARCH
	* DRAW
	* DIE
	* LBRACE
	* EQUAL
	* GAINED
	* EXPLORES
	* COLORTERM
	* LOOK
	* SUBTYPESPELL
	* __ANON_18
	* PAY
	* LEARN
	* SHUFFLED
	* HIMSELF
	* CYCLE
	* GET
	* DEAL
	* SPEND
	* HAVE
	* CAST
	* SACRIFICE
	* A
	* DREW
	* EXERT
	* ONLY
	* ATTACHED
	* ITSELF
	* ITS
	* TAPSYMBOL
	* WITH
	* LESS
	* ADDITIONAL
	* ORDINAL
	* __ANON_17
	* __ANON_21
	* FLIP
	* AFTER
	* FATESEAL
	* PUT
	* INVESTIGATE
	* OTHER
	* ALL
	* SUBTYPECREATUREB
	* THEN
	* CONTROLLED
	* SCRY
	* HERSELF
	* MANIFEST
	* SURVEIL
	* ONTO
	* WITHOUT
	* QUALIFIER
	* PLAY
	* ZONE
	* GAIN
	* SHUFFLE
	* SACRIFICED
	* WHEN
	* PLAYERCHARACTERISTIC
	* DO
	* MILL
	* REVEALED
	* TURNED
	* SUPERTYPE
	* REGENERATE
	* UNTAPSYMBOL
	* SUBTYPEARTIFACT
	* TIMES
	* SKIP
	* WOULD
	* AN
	* CONTROL
	* TAP
	* PLAYERTERM
	* AMASS
	* DAMAGETYPE
	* WHILE
	* SUBTYPEPLANAR
	* PLAYED
	* DESTROY
	* INTO
	* UNATTACH
	* EXILE
	* ABILITYMODIFIER
	* IS
	* WHENEVER
	* SWITCH
	* THEIR
	* FOR
	* BE
	* UNATTACHED
	* PREVENT
	* CONVERT
	* ACTIVATE
	* BLOCKED
	* COUNTER
	* BEEN
	* ANY
	* GREATER
	* SUPPORT
	* ATTACK
	* CLOAK
	* SUBTYPEENCHANTMENT
	* CARDINAL
	* IT
	* THOSE
	* CHOOSE
	* THEM
	* YOUR
	* __ANON_15
	* DASH
	* INCUBATE
	* MAY
	* REMAIN
	* LOOKED
	* THE
	* NO
	* NAMEREFSYMBOL
	* __ANON_20
	* SUBTYPEPLANESWALKER
	* ASSIGN
	* FREQUENCY
	* SUBTYPECREATUREA
	* TARGET
	* NUMBER
	* CLASH
	* POPULATE
	* ABANDON
	* IN
	* ADD
	* ON
	* SEARCHED
	* REVEAL
	* MONSTROSITY
	* MELD
	* ABLE
	* WHO
	* MORE
	* RETURN
	* COMBATSTATUSMODIFIER
	* KEYWORDSTATUSMODIFIER
	* IF
	* TRANSFORM
	* ATTACKED
	* DISCOVER
	* __ANON_14
	* LEVEL
	* DOES
	* EXCHANGE
	* THAT
	* X
	* CONNIVE
	* DETAIN
	* UNTAP
	* AS
	* CREATE
	* CAN
	* DOUBLE
	* TYPE
	* ADAPT
	* EFFECTSTATUSMODIFIER
	* SUBTYPELAND
	* BECOME
	* LOSE
	* HAS
	* UP
	* LSQB
	* UNTIL
	* FIGHT
	* TURN
	* __ANON_19
	* FORAGE
	* BOLSTER
	* AT
	* OTHERWISE
	* THESE
	* DISCARDED
	* ATTACH
	* THIS
	* EACH
","[+1]: Whenever one or more creatures you control deal combat damage to a player this turn, draw a card, then discard a card.
[−2]: Create a 2/2 blue Illusion creature token with ""When this creature becomes the target of a spell, sacrifice it."".
[−5]: Create two tokens that are copies of ~f, except they are not legendary."
63,Navigator's Ruin,50.902654230999815,False,"No terminal matches 'A' in the current parser context, at line 1 col 8

Raid — At the beginning of your end step, if yo
       ^
Expected one of: 
	* UNDER
	* TAPPEDSTATUSMODIFIER
	* STAR
	* FROM
	* OBJECTCHARACTERISTIC
	* PROLIFERATE
	* SUSPECT
	* TAKE
	* NON
	* CYCLED
	* WIN
	* REMOVE
	* BLOCK
	* SAME
	* DISCARD
	* HAD
	* CHOSE
	* GOAD
	* SEARCH
	* DRAW
	* DIE
	* LBRACE
	* EQUAL
	* GAINED
	* EXPLORES
	* COLORTERM
	* LOOK
	* SUBTYPESPELL
	* __ANON_18
	* PAY
	* LEARN
	* SHUFFLED
	* HIMSELF
	* CYCLE
	* GET
	* DEAL
	* SPEND
	* HAVE
	* CAST
	* SACRIFICE
	* A
	* DREW
	* EXERT
	* ONLY
	* ATTACHED
	* ITSELF
	* ITS
	* TAPSYMBOL
	* WITH
	* LESS
	* ADDITIONAL
	* ORDINAL
	* __ANON_17
	* __ANON_21
	* FLIP
	* AFTER
	* FATESEAL
	* PUT
	* INVESTIGATE
	* OTHER
	* ALL
	* SUBTYPECREATUREB
	* THEN
	* CONTROLLED
	* SCRY
	* HERSELF
	* MANIFEST
	* SURVEIL
	* ONTO
	* WITHOUT
	* QUALIFIER
	* PLAY
	* ZONE
	* GAIN
	* SHUFFLE
	* SACRIFICED
	* WHEN
	* PLAYERCHARACTERISTIC
	* DO
	* MILL
	* REVEALED
	* TURNED
	* SUPERTYPE
	* REGENERATE
	* UNTAPSYMBOL
	* SUBTYPEARTIFACT
	* TIMES
	* SKIP
	* WOULD
	* AN
	* CONTROL
	* TAP
	* PLAYERTERM
	* AMASS
	* DAMAGETYPE
	* WHILE
	* SUBTYPEPLANAR
	* PLAYED
	* DESTROY
	* INTO
	* UNATTACH
	* EXILE
	* ABILITYMODIFIER
	* IS
	* WHENEVER
	* SWITCH
	* THEIR
	* FOR
	* BE
	* UNATTACHED
	* PREVENT
	* CONVERT
	* ACTIVATE
	* BLOCKED
	* COUNTER
	* BEEN
	* ANY
	* GREATER
	* SUPPORT
	* ATTACK
	* CLOAK
	* SUBTYPEENCHANTMENT
	* CARDINAL
	* IT
	* THOSE
	* CHOOSE
	* THEM
	* YOUR
	* __ANON_15
	* DASH
	* INCUBATE
	* MAY
	* REMAIN
	* LOOKED
	* THE
	* NO
	* NAMEREFSYMBOL
	* __ANON_20
	* SUBTYPEPLANESWALKER
	* ASSIGN
	* FREQUENCY
	* SUBTYPECREATUREA
	* TARGET
	* NUMBER
	* CLASH
	* POPULATE
	* ABANDON
	* IN
	* ADD
	* ON
	* SEARCHED
	* REVEAL
	* MONSTROSITY
	* MELD
	* ABLE
	* WHO
	* MORE
	* RETURN
	* COMBATSTATUSMODIFIER
	* KEYWORDSTATUSMODIFIER
	* IF
	* TRANSFORM
	* ATTACKED
	* DISCOVER
	* __ANON_14
	* LEVEL
	* DOES
	* EXCHANGE
	* THAT
	* X
	* CONNIVE
	* DETAIN
	* UNTAP
	* AS
	* CREATE
	* CAN
	* DOUBLE
	* TYPE
	* ADAPT
	* EFFECTSTATUSMODIFIER
	* SUBTYPELAND
	* BECOME
	* LOSE
	* HAS
	* UP
	* LSQB
	* UNTIL
	* FIGHT
	* TURN
	* __ANON_19
	* FORAGE
	* BOLSTER
	* AT
	* OTHERWISE
	* THESE
	* DISCARDED
	* ATTACH
	* THIS
	* EACH
","Raid — At the beginning of your end step, if you attacked this turn, target opponent mills four cards."
64,Perilous Voyage,26.46027320999974,False,"No terminal matches ''' in the current parser context, at line 1 col 64

ermanent you do not control to its owner's hand. If its mana value was 2 or less
                                        ^
Expected one of: 
	* DASH
	* WORD
","Return target nonland permanent you do not control to its owner's hand. If its mana value was 2 or less, scry 2."
65,Overflowing Insight,26.82041703699997,False,"No terminal matches '.' in the current parser context, at line 1 col 32

Target player draws seven cards.
                               ^
Expected one of: 
	* DASH
	* WORD
",Target player draws seven cards.
66,Pirate's Prize,26.539893633000247,False,"No terminal matches '.' in the current parser context, at line 1 col 15

Draw two cards. Create a Treasure token. (it is an art
              ^
Expected one of: 
	* DASH
	* WORD
","Draw two cards. Create a Treasure token. (it is an artifact with ""{T}, Sacrifice this artifact: Add one mana of any color."".)"
67,Prosperous Pirates,26.62791113100002,False,"No terminal matches '~' in the current parser context, at line 1 col 6

When ~ enters, create two Treasure tokens. (t
     ^
Expected one of: 
	* DASH
	* WORD
","When ~ enters, create two Treasure tokens. (they are artifacts with ""{T}, Sacrifice this artifact: Add one mana of any color."".)"
68,River's Rebuke,27.079860091999763,False,"No terminal matches ''' in the current parser context, at line 1 col 68

ts target player controls to their owner's hand.
                                        ^
Expected one of: 
	* DASH
	* WORD
",Return all nonland permanents target player controls to their owner's hand.
69,Run Aground,26.495359654999902,False,"No terminal matches ''' in the current parser context, at line 1 col 52

artifact or creature on top of its owner's library.
                                        ^
Expected one of: 
	* DASH
	* WORD
",Put target artifact or creature on top of its owner's library.
70,Sailor of Means,27.246137516999624,False,"No terminal matches '~' in the current parser context, at line 1 col 6

When ~ enters, create a Treasure token. (it i
     ^
Expected one of: 
	* DASH
	* WORD
","When ~ enters, create a Treasure token. (it is an artifact with ""{T}, Sacrifice this artifact: Add one mana of any color."".)"
71,Search for Azcanta,26.359265160999712,False,"No terminal matches ',' in the current parser context, at line 1 col 32

At the beginning of your upkeep, surveil 1. Then if you have seven or m
                               ^
Expected one of: 
	* DASH
	* WORD
","At the beginning of your upkeep, surveil 1. Then if you have seven or more cards in your graveyard, you may transform ~. (Look at the top card of your library. You may put that card into your graveyard.)"
72,Siren Lookout,26.67267841900002,False,"No terminal matches '~' in the current parser context, at line 2 col 6

When ~ enters, it explores. (Reveal the top c
     ^
Expected one of: 
	* DASH
	* WORD
","Flying
When ~ enters, it explores. (Reveal the top card of your library. Put that card into your hand if it is a land. Otherwise, put a +1/+1 counter on this creature, then put the card back or put it into your graveyard.)"
73,Shipwreck Looter,50.47479028099997,False,"No terminal matches 'W' in the current parser context, at line 1 col 8

Raid — When ~ enters, if you attacked this turn
       ^
Expected one of: 
	* UNDER
	* TAPPEDSTATUSMODIFIER
	* STAR
	* FROM
	* OBJECTCHARACTERISTIC
	* PROLIFERATE
	* SUSPECT
	* TAKE
	* NON
	* CYCLED
	* WIN
	* REMOVE
	* BLOCK
	* SAME
	* DISCARD
	* HAD
	* CHOSE
	* GOAD
	* SEARCH
	* DRAW
	* DIE
	* LBRACE
	* EQUAL
	* GAINED
	* EXPLORES
	* COLORTERM
	* LOOK
	* SUBTYPESPELL
	* __ANON_18
	* PAY
	* LEARN
	* SHUFFLED
	* HIMSELF
	* CYCLE
	* GET
	* DEAL
	* SPEND
	* HAVE
	* CAST
	* SACRIFICE
	* A
	* DREW
	* EXERT
	* ONLY
	* ATTACHED
	* ITSELF
	* ITS
	* TAPSYMBOL
	* WITH
	* LESS
	* ADDITIONAL
	* ORDINAL
	* __ANON_17
	* __ANON_21
	* FLIP
	* AFTER
	* FATESEAL
	* PUT
	* INVESTIGATE
	* OTHER
	* ALL
	* SUBTYPECREATUREB
	* THEN
	* CONTROLLED
	* SCRY
	* HERSELF
	* MANIFEST
	* SURVEIL
	* ONTO
	* WITHOUT
	* QUALIFIER
	* PLAY
	* ZONE
	* GAIN
	* SHUFFLE
	* SACRIFICED
	* WHEN
	* PLAYERCHARACTERISTIC
	* DO
	* MILL
	* REVEALED
	* TURNED
	* SUPERTYPE
	* REGENERATE
	* UNTAPSYMBOL
	* SUBTYPEARTIFACT
	* TIMES
	* SKIP
	* WOULD
	* AN
	* CONTROL
	* TAP
	* PLAYERTERM
	* AMASS
	* DAMAGETYPE
	* WHILE
	* SUBTYPEPLANAR
	* PLAYED
	* DESTROY
	* INTO
	* UNATTACH
	* EXILE
	* ABILITYMODIFIER
	* IS
	* WHENEVER
	* SWITCH
	* THEIR
	* FOR
	* BE
	* UNATTACHED
	* PREVENT
	* CONVERT
	* ACTIVATE
	* BLOCKED
	* COUNTER
	* BEEN
	* ANY
	* GREATER
	* SUPPORT
	* ATTACK
	* CLOAK
	* SUBTYPEENCHANTMENT
	* CARDINAL
	* IT
	* THOSE
	* CHOOSE
	* THEM
	* YOUR
	* __ANON_15
	* DASH
	* INCUBATE
	* MAY
	* REMAIN
	* LOOKED
	* THE
	* NO
	* NAMEREFSYMBOL
	* __ANON_20
	* SUBTYPEPLANESWALKER
	* ASSIGN
	* FREQUENCY
	* SUBTYPECREATUREA
	* TARGET
	* NUMBER
	* CLASH
	* POPULATE
	* ABANDON
	* IN
	* ADD
	* ON
	* SEARCHED
	* REVEAL
	* MONSTROSITY
	* MELD
	* ABLE
	* WHO
	* MORE
	* RETURN
	* COMBATSTATUSMODIFIER
	* KEYWORDSTATUSMODIFIER
	* IF
	* TRANSFORM
	* ATTACKED
	* DISCOVER
	* __ANON_14
	* LEVEL
	* DOES
	* EXCHANGE
	* THAT
	* X
	* CONNIVE
	* DETAIN
	* UNTAP
	* AS
	* CREATE
	* CAN
	* DOUBLE
	* TYPE
	* ADAPT
	* EFFECTSTATUSMODIFIER
	* SUBTYPELAND
	* BECOME
	* LOSE
	* HAS
	* UP
	* LSQB
	* UNTIL
	* FIGHT
	* TURN
	* __ANON_19
	* FORAGE
	* BOLSTER
	* AT
	* OTHERWISE
	* THESE
	* DISCARDED
	* ATTACH
	* THIS
	* EACH
","Raid — When ~ enters, if you attacked this turn, you may draw a card. If you do, discard a card."
74,Siren Stormtamer,24.194761474000188,False,"No terminal matches '{' in the current parser context, at line 2 col 1

{U}, Sacrifice ~: Counter target spell o
^
Expected one of: 
	* DASH
	* WORD
","Flying
{U}, Sacrifice ~: Counter target spell or ability that targets you or a creature you control."
75,"Azcanta, the Sunken Ruin",76.03558098900021,False,"No terminal matches 'A' in the current parser context, at line 2 col 6

{T}: Add {U}.
     ^
Expected one of: 
	* UNDER
	* TAPPEDSTATUSMODIFIER
	* STAR
	* FROM
	* OBJECTCHARACTERISTIC
	* PROLIFERATE
	* SUSPECT
	* TAKE
	* NON
	* CYCLED
	* WIN
	* REMOVE
	* BLOCK
	* SAME
	* DISCARD
	* HAD
	* CHOSE
	* GOAD
	* SEARCH
	* DRAW
	* DIE
	* LBRACE
	* EQUAL
	* GAINED
	* EXPLORES
	* COLORTERM
	* LOOK
	* SUBTYPESPELL
	* __ANON_18
	* PAY
	* LEARN
	* SHUFFLED
	* HIMSELF
	* CYCLE
	* GET
	* DEAL
	* SPEND
	* HAVE
	* CAST
	* SACRIFICE
	* A
	* DREW
	* EXERT
	* ONLY
	* ATTACHED
	* ITSELF
	* ITS
	* TAPSYMBOL
	* WITH
	* LESS
	* ADDITIONAL
	* ORDINAL
	* __ANON_17
	* __ANON_21
	* FLIP
	* AFTER
	* FATESEAL
	* PUT
	* INVESTIGATE
	* OTHER
	* ALL
	* SUBTYPECREATUREB
	* THEN
	* CONTROLLED
	* SCRY
	* HERSELF
	* MANIFEST
	* SURVEIL
	* ONTO
	* WITHOUT
	* QUALIFIER
	* PLAY
	* ZONE
	* GAIN
	* SHUFFLE
	* SACRIFICED
	* WHEN
	* PLAYERCHARACTERISTIC
	* DO
	* MILL
	* REVEALED
	* TURNED
	* SUPERTYPE
	* REGENERATE
	* UNTAPSYMBOL
	* SUBTYPEARTIFACT
	* TIMES
	* SKIP
	* WOULD
	* AN
	* CONTROL
	* TAP
	* PLAYERTERM
	* AMASS
	* DAMAGETYPE
	* WHILE
	* SUBTYPEPLANAR
	* PLAYED
	* DESTROY
	* INTO
	* UNATTACH
	* EXILE
	* ABILITYMODIFIER
	* IS
	* WHENEVER
	* SWITCH
	* THEIR
	* FOR
	* BE
	* UNATTACHED
	* PREVENT
	* CONVERT
	* ACTIVATE
	* BLOCKED
	* COUNTER
	* BEEN
	* ANY
	* GREATER
	* SUPPORT
	* ATTACK
	* CLOAK
	* SUBTYPEENCHANTMENT
	* CARDINAL
	* IT
	* THOSE
	* CHOOSE
	* THEM
	* YOUR
	* __ANON_15
	* DASH
	* INCUBATE
	* MAY
	* REMAIN
	* LOOKED
	* THE
	* NO
	* NAMEREFSYMBOL
	* __ANON_20
	* SUBTYPEPLANESWALKER
	* ASSIGN
	* FREQUENCY
	* SUBTYPECREATUREA
	* TARGET
	* NUMBER
	* CLASH
	* POPULATE
	* ABANDON
	* IN
	* ADD
	* ON
	* SEARCHED
	* REVEAL
	* MONSTROSITY
	* MELD
	* ABLE
	* WHO
	* MORE
	* RETURN
	* COMBATSTATUSMODIFIER
	* KEYWORDSTATUSMODIFIER
	* IF
	* TRANSFORM
	* ATTACKED
	* DISCOVER
	* __ANON_14
	* LEVEL
	* DOES
	* EXCHANGE
	* THAT
	* X
	* CONNIVE
	* DETAIN
	* UNTAP
	* AS
	* CREATE
	* CAN
	* DOUBLE
	* TYPE
	* ADAPT
	* EFFECTSTATUSMODIFIER
	* SUBTYPELAND
	* BECOME
	* LOSE
	* HAS
	* UP
	* LSQB
	* UNTIL
	* FIGHT
	* TURN
	* __ANON_19
	* FORAGE
	* BOLSTER
	* AT
	* OTHERWISE
	* THESE
	* DISCARDED
	* ATTACH
	* THIS
	* EACH
","(Transforms from Search for ~.)
{T}: Add {U}.
{2}{U}, {T}: Look at the top four cards of your library. You may reveal a noncreature, nonland card from among them and put it into your hand. Put the rest on the bottom of your library in any order."
76,Siren's Ruse,26.656431020000127,False,"No terminal matches ',' in the current parser context, at line 1 col 34

Exile target creature you control, then return that card to the battlefie
                                 ^
Expected one of: 
	* DASH
	* WORD
","Exile target creature you control, then return that card to the battlefield under its owner's control. If a Pirate was exiled this way, draw a card."
77,Spell Pierce,26.861306513999807,False,"No terminal matches '{' in the current parser context, at line 1 col 61

eature spell unless its controller pays {2}.
                                        ^
Expected one of: 
	* DASH
	* WORD
",Counter target noncreature spell unless its controller pays {2}.
78,Spell Swindle,26.86389981000002,False,"No terminal matches '.' in the current parser context, at line 1 col 21

Counter target spell. Create X Treasure tokens, where X is t
                    ^
Expected one of: 
	* DASH
	* WORD
","Counter target spell. Create X Treasure tokens, where X is that spell's mana value. (they are artifacts with ""{T}, Sacrifice this artifact: Add one mana of any color."".)"
79,Shore Keeper,109.50280736100012,False,"No terminal matches 'S' in the current parser context, at line 1 col 14

{7}{U}, {T}, Sacrifice ~: Draw three cards.
             ^
Expected one of: 
	* UNDER
	* TAPPEDSTATUSMODIFIER
	* STAR
	* FROM
	* OBJECTCHARACTERISTIC
	* PROLIFERATE
	* SUSPECT
	* TAKE
	* NON
	* CYCLED
	* WIN
	* REMOVE
	* BLOCK
	* SAME
	* DISCARD
	* CHOSE
	* GOAD
	* SEARCH
	* DRAW
	* DIE
	* LBRACE
	* EXPLORES
	* GAINED
	* EQUAL
	* COLORTERM
	* LOOK
	* SUBTYPESPELL
	* __ANON_18
	* PAY
	* LEARN
	* SHUFFLED
	* HIMSELF
	* CYCLE
	* GET
	* DEAL
	* SPEND
	* CAST
	* SACRIFICE
	* DREW
	* A
	* EXERT
	* ONLY
	* ATTACHED
	* ITSELF
	* ITS
	* WITH
	* TAPSYMBOL
	* LESS
	* ADDITIONAL
	* ORDINAL
	* __ANON_17
	* __ANON_21
	* FLIP
	* FATESEAL
	* PUT
	* INVESTIGATE
	* OTHER
	* ALL
	* SUBTYPECREATUREB
	* CONTROLLED
	* SCRY
	* HERSELF
	* MANIFEST
	* SURVEIL
	* ONTO
	* WITHOUT
	* QUALIFIER
	* PLAY
	* ZONE
	* GAIN
	* SHUFFLE
	* SACRIFICED
	* PLAYERCHARACTERISTIC
	* MILL
	* REVEALED
	* TURNED
	* SUPERTYPE
	* REGENERATE
	* UNTAPSYMBOL
	* SUBTYPEARTIFACT
	* TIMES
	* SKIP
	* AN
	* CONTROL
	* TAP
	* PLAYERTERM
	* AMASS
	* DAMAGETYPE
	* SUBTYPEPLANAR
	* PLAYED
	* DESTROY
	* INTO
	* UNATTACH
	* EXILE
	* ABILITYMODIFIER
	* SWITCH
	* THEIR
	* UNATTACHED
	* PREVENT
	* CONVERT
	* ACTIVATE
	* BLOCKED
	* COUNTER
	* CLOAK
	* SUPPORT
	* ANY
	* ATTACK
	* GREATER
	* SUBTYPEENCHANTMENT
	* CARDINAL
	* IT
	* THOSE
	* CHOOSE
	* THEM
	* YOUR
	* __ANON_15
	* INCUBATE
	* REMAIN
	* LOOKED
	* THE
	* NO
	* NAMEREFSYMBOL
	* __ANON_20
	* SUBTYPEPLANESWALKER
	* ASSIGN
	* FREQUENCY
	* SUBTYPECREATUREA
	* TARGET
	* NUMBER
	* CLASH
	* POPULATE
	* ABANDON
	* IN
	* ADD
	* ON
	* SEARCHED
	* REVEAL
	* MONSTROSITY
	* MELD
	* ABLE
	* WHO
	* MORE
	* RETURN
	* COMBATSTATUSMODIFIER
	* KEYWORDSTATUSMODIFIER
	* TRANSFORM
	* ATTACKED
	* DISCOVER
	* __ANON_14
	* LEVEL
	* EXCHANGE
	* THAT
	* X
	* CONNIVE
	* DETAIN
	* UNTAP
	* CREATE
	* DOUBLE
	* TYPE
	* ADAPT
	* EFFECTSTATUSMODIFIER
	* SUBTYPELAND
	* LOSE
	* UP
	* LSQB
	* FIGHT
	* TURN
	* __ANON_19
	* FORAGE
	* BOLSTER
	* THESE
	* DISCARDED
	* ATTACH
	* THIS
	* EACH
","{7}{U}, {T}, Sacrifice ~: Draw three cards."
80,Daring Saboteur,270.04799152099986,False,"No terminal matches '~' in the current parser context, at line 2 col 10

Whenever ~ deals combat damage to a player, you m
         ^
Expected one of: 
	* DASH
	* WORD
","{2}{U}: ~ can not be blocked this turn.
Whenever ~ deals combat damage to a player, you may draw a card. If you do, discard a card."
81,River Sneak,152.84772497799986,False,"No terminal matches ',' in the current parser context, at line 2 col 44

never another Merfolk you control enters, ~ gets +1/+1 until end of turn.
                                        ^
Expected one of: 
	* DASH
	* WORD
","~ can not be blocked.
Whenever another Merfolk you control enters, ~ gets +1/+1 until end of turn."
82,Storm Fleet Spy,50.786906916000135,False,"No terminal matches 'W' in the current parser context, at line 1 col 8

Raid — When ~ enters, if you attacked this turn
       ^
Expected one of: 
	* UNDER
	* TAPPEDSTATUSMODIFIER
	* STAR
	* FROM
	* OBJECTCHARACTERISTIC
	* PROLIFERATE
	* SUSPECT
	* TAKE
	* NON
	* CYCLED
	* WIN
	* REMOVE
	* BLOCK
	* SAME
	* DISCARD
	* HAD
	* CHOSE
	* GOAD
	* SEARCH
	* DRAW
	* DIE
	* LBRACE
	* EQUAL
	* GAINED
	* EXPLORES
	* COLORTERM
	* LOOK
	* SUBTYPESPELL
	* __ANON_18
	* PAY
	* LEARN
	* SHUFFLED
	* HIMSELF
	* CYCLE
	* GET
	* DEAL
	* SPEND
	* HAVE
	* CAST
	* SACRIFICE
	* A
	* DREW
	* EXERT
	* ONLY
	* ATTACHED
	* ITSELF
	* ITS
	* TAPSYMBOL
	* WITH
	* LESS
	* ADDITIONAL
	* ORDINAL
	* __ANON_17
	* __ANON_21
	* FLIP
	* AFTER
	* FATESEAL
	* PUT
	* INVESTIGATE
	* OTHER
	* ALL
	* SUBTYPECREATUREB
	* THEN
	* CONTROLLED
	* SCRY
	* HERSELF
	* MANIFEST
	* SURVEIL
	* ONTO
	* WITHOUT
	* QUALIFIER
	* PLAY
	* ZONE
	* GAIN
	* SHUFFLE
	* SACRIFICED
	* WHEN
	* PLAYERCHARACTERISTIC
	* DO
	* MILL
	* REVEALED
	* TURNED
	* SUPERTYPE
	* REGENERATE
	* UNTAPSYMBOL
	* SUBTYPEARTIFACT
	* TIMES
	* SKIP
	* WOULD
	* AN
	* CONTROL
	* TAP
	* PLAYERTERM
	* AMASS
	* DAMAGETYPE
	* WHILE
	* SUBTYPEPLANAR
	* PLAYED
	* DESTROY
	* INTO
	* UNATTACH
	* EXILE
	* ABILITYMODIFIER
	* IS
	* WHENEVER
	* SWITCH
	* THEIR
	* FOR
	* BE
	* UNATTACHED
	* PREVENT
	* CONVERT
	* ACTIVATE
	* BLOCKED
	* COUNTER
	* BEEN
	* ANY
	* GREATER
	* SUPPORT
	* ATTACK
	* CLOAK
	* SUBTYPEENCHANTMENT
	* CARDINAL
	* IT
	* THOSE
	* CHOOSE
	* THEM
	* YOUR
	* __ANON_15
	* DASH
	* INCUBATE
	* MAY
	* REMAIN
	* LOOKED
	* THE
	* NO
	* NAMEREFSYMBOL
	* __ANON_20
	* SUBTYPEPLANESWALKER
	* ASSIGN
	* FREQUENCY
	* SUBTYPECREATUREA
	* TARGET
	* NUMBER
	* CLASH
	* POPULATE
	* ABANDON
	* IN
	* ADD
	* ON
	* SEARCHED
	* REVEAL
	* MONSTROSITY
	* MELD
	* ABLE
	* WHO
	* MORE
	* RETURN
	* COMBATSTATUSMODIFIER
	* KEYWORDSTATUSMODIFIER
	* IF
	* TRANSFORM
	* ATTACKED
	* DISCOVER
	* __ANON_14
	* LEVEL
	* DOES
	* EXCHANGE
	* THAT
	* X
	* CONNIVE
	* DETAIN
	* UNTAP
	* AS
	* CREATE
	* CAN
	* DOUBLE
	* TYPE
	* ADAPT
	* EFFECTSTATUSMODIFIER
	* SUBTYPELAND
	* BECOME
	* LOSE
	* HAS
	* UP
	* LSQB
	* UNTIL
	* FIGHT
	* TURN
	* __ANON_19
	* FORAGE
	* BOLSTER
	* AT
	* OTHERWISE
	* THESE
	* DISCARDED
	* ATTACH
	* THIS
	* EACH
","Raid — When ~ enters, if you attacked this turn, draw a card."
83,Tempest Caller,26.635485251999853,False,"No terminal matches '~' in the current parser context, at line 1 col 6

When ~ enters, tap all creatures target oppon
     ^
Expected one of: 
	* DASH
	* WORD
","When ~ enters, tap all creatures target opponent controls."
84,Watertrap Weaver,26.62745509899969,False,"No terminal matches '~' in the current parser context, at line 1 col 6

When ~ enters, tap target creature an opponen
     ^
Expected one of: 
	* DASH
	* WORD
","When ~ enters, tap target creature an opponent controls. That creature does not untap during its controller's next untap step."
85,Wind Strider,26.578185219999796,False,"No terminal matches '(' in the current parser context, at line 1 col 7

Flash (You may cast this spell any time you co
      ^
Expected one of: 
	* DASH
	* WORD
","Flash (You may cast this spell any time you could cast an instant.)
Flying"
86,Anointed Deacon,26.45405490899975,False,"No terminal matches ',' in the current parser context, at line 1 col 40

At the beginning of combat on your turn, you may have target Vampire get +2/+0 
                                       ^
Expected one of: 
	* DASH
	* WORD
","At the beginning of combat on your turn, you may have target Vampire get +2/+0 until end of turn."
87,Bishop of the Bloodstained,26.470197631000246,False,"No terminal matches '~' in the current parser context, at line 1 col 6

When ~ enters, target opponent loses 1 life f
     ^
Expected one of: 
	* DASH
	* WORD
","When ~ enters, target opponent loses 1 life for each Vampire you control."
88,Blight Keeper,24.56729127899962,False,"No terminal matches '{' in the current parser context, at line 2 col 1

{7}{B}, {T}, Sacrifice ~: Target opponen
^
Expected one of: 
	* DASH
	* WORD
","Flying
{7}{B}, {T}, Sacrifice ~: Target opponent loses 4 life and you gain 4 life."
89,Slash of Talons,403.1529969170001,True,,~ deals 2 damage to target attacking or blocking creature.
90,Bloodcrazed Paladin,26.552292657999715,False,"No terminal matches '~' in the current parser context, at line 2 col 1

~ enters with a +1/+1 counter on it for 
^
Expected one of: 
	* DASH
	* WORD
","Flash
~ enters with a +1/+1 counter on it for each creature that died this turn."
91,Boneyard Parley,26.544509543000004,False,"No terminal matches '.' in the current parser context, at line 1 col 55

ve target creature cards from graveyards. An opponent separates those cards into
                                        ^
Expected one of: 
	* DASH
	* WORD
",Exile up to five target creature cards from graveyards. An opponent separates those cards into two piles. Put all cards from the pile of your choice onto the battlefield under your control and the rest into their owners' graveyards.
92,Temple of Aclazotz,76.96899056099983,False,"No terminal matches 'A' in the current parser context, at line 2 col 6

{T}: Add {B}.
     ^
Expected one of: 
	* UNDER
	* TAPPEDSTATUSMODIFIER
	* STAR
	* FROM
	* OBJECTCHARACTERISTIC
	* PROLIFERATE
	* SUSPECT
	* TAKE
	* NON
	* CYCLED
	* WIN
	* REMOVE
	* BLOCK
	* SAME
	* DISCARD
	* HAD
	* CHOSE
	* GOAD
	* SEARCH
	* DRAW
	* DIE
	* LBRACE
	* EQUAL
	* GAINED
	* EXPLORES
	* COLORTERM
	* LOOK
	* SUBTYPESPELL
	* __ANON_18
	* PAY
	* LEARN
	* SHUFFLED
	* HIMSELF
	* CYCLE
	* GET
	* DEAL
	* SPEND
	* HAVE
	* CAST
	* SACRIFICE
	* A
	* DREW
	* EXERT
	* ONLY
	* ATTACHED
	* ITSELF
	* ITS
	* TAPSYMBOL
	* WITH
	* LESS
	* ADDITIONAL
	* ORDINAL
	* __ANON_17
	* __ANON_21
	* FLIP
	* AFTER
	* FATESEAL
	* PUT
	* INVESTIGATE
	* OTHER
	* ALL
	* SUBTYPECREATUREB
	* THEN
	* CONTROLLED
	* SCRY
	* HERSELF
	* MANIFEST
	* SURVEIL
	* ONTO
	* WITHOUT
	* QUALIFIER
	* PLAY
	* ZONE
	* GAIN
	* SHUFFLE
	* SACRIFICED
	* WHEN
	* PLAYERCHARACTERISTIC
	* DO
	* MILL
	* REVEALED
	* TURNED
	* SUPERTYPE
	* REGENERATE
	* UNTAPSYMBOL
	* SUBTYPEARTIFACT
	* TIMES
	* SKIP
	* WOULD
	* AN
	* CONTROL
	* TAP
	* PLAYERTERM
	* AMASS
	* DAMAGETYPE
	* WHILE
	* SUBTYPEPLANAR
	* PLAYED
	* DESTROY
	* INTO
	* UNATTACH
	* EXILE
	* ABILITYMODIFIER
	* IS
	* WHENEVER
	* SWITCH
	* THEIR
	* FOR
	* BE
	* UNATTACHED
	* PREVENT
	* CONVERT
	* ACTIVATE
	* BLOCKED
	* COUNTER
	* BEEN
	* ANY
	* GREATER
	* SUPPORT
	* ATTACK
	* CLOAK
	* SUBTYPEENCHANTMENT
	* CARDINAL
	* IT
	* THOSE
	* CHOOSE
	* THEM
	* YOUR
	* __ANON_15
	* DASH
	* INCUBATE
	* MAY
	* REMAIN
	* LOOKED
	* THE
	* NO
	* NAMEREFSYMBOL
	* __ANON_20
	* SUBTYPEPLANESWALKER
	* ASSIGN
	* FREQUENCY
	* SUBTYPECREATUREA
	* TARGET
	* NUMBER
	* CLASH
	* POPULATE
	* ABANDON
	* IN
	* ADD
	* ON
	* SEARCHED
	* REVEAL
	* MONSTROSITY
	* MELD
	* ABLE
	* WHO
	* MORE
	* RETURN
	* COMBATSTATUSMODIFIER
	* KEYWORDSTATUSMODIFIER
	* IF
	* TRANSFORM
	* ATTACKED
	* DISCOVER
	* __ANON_14
	* LEVEL
	* DOES
	* EXCHANGE
	* THAT
	* X
	* CONNIVE
	* DETAIN
	* UNTAP
	* AS
	* CREATE
	* CAN
	* DOUBLE
	* TYPE
	* ADAPT
	* EFFECTSTATUSMODIFIER
	* SUBTYPELAND
	* BECOME
	* LOSE
	* HAS
	* UP
	* LSQB
	* UNTIL
	* FIGHT
	* TURN
	* __ANON_19
	* FORAGE
	* BOLSTER
	* AT
	* OTHERWISE
	* THESE
	* DISCARDED
	* ATTACH
	* THIS
	* EACH
","(Transforms from Arguel's Blood Fast.)
{T}: Add {B}.
{T}, Sacrifice a creature: You gain life equal to the sacrificed creature's toughness."
93,Contract Killing,26.57381576300031,False,"No terminal matches '.' in the current parser context, at line 1 col 24

Destroy target creature. Create two Treasure tokens. (they are 
                       ^
Expected one of: 
	* DASH
	* WORD
","Destroy target creature. Create two Treasure tokens. (they are artifacts with ""{T}, Sacrifice this artifact: Add one mana of any color."".)"
94,Costly Plunder,24.416858274000333,False,"No terminal matches ',' in the current parser context, at line 1 col 41

As an additional cost to cast this spell, sacrifice an artifact or creature.
                                        ^
Expected one of: 
	* DASH
	* WORD
","As an additional cost to cast this spell, sacrifice an artifact or creature.
Draw two cards."
95,Arguel's Blood Fast,88.18769797799996,False,"No terminal matches 'P' in the current parser context, at line 1 col 9

{1}{B}, Pay 2 life: Draw a card.
        ^
Expected one of: 
	* UNDER
	* TAPPEDSTATUSMODIFIER
	* STAR
	* FROM
	* OBJECTCHARACTERISTIC
	* PROLIFERATE
	* SUSPECT
	* TAKE
	* NON
	* CYCLED
	* WIN
	* REMOVE
	* BLOCK
	* SAME
	* DISCARD
	* CHOSE
	* GOAD
	* SEARCH
	* DRAW
	* DIE
	* LBRACE
	* EXPLORES
	* GAINED
	* EQUAL
	* COLORTERM
	* LOOK
	* SUBTYPESPELL
	* __ANON_18
	* PAY
	* LEARN
	* SHUFFLED
	* HIMSELF
	* CYCLE
	* GET
	* DEAL
	* SPEND
	* CAST
	* SACRIFICE
	* DREW
	* A
	* EXERT
	* ONLY
	* ATTACHED
	* ITSELF
	* ITS
	* WITH
	* TAPSYMBOL
	* LESS
	* ADDITIONAL
	* ORDINAL
	* __ANON_17
	* __ANON_21
	* FLIP
	* FATESEAL
	* PUT
	* INVESTIGATE
	* OTHER
	* ALL
	* SUBTYPECREATUREB
	* CONTROLLED
	* SCRY
	* HERSELF
	* MANIFEST
	* SURVEIL
	* ONTO
	* WITHOUT
	* QUALIFIER
	* PLAY
	* ZONE
	* GAIN
	* SHUFFLE
	* SACRIFICED
	* PLAYERCHARACTERISTIC
	* MILL
	* REVEALED
	* TURNED
	* SUPERTYPE
	* REGENERATE
	* UNTAPSYMBOL
	* SUBTYPEARTIFACT
	* TIMES
	* SKIP
	* AN
	* CONTROL
	* TAP
	* PLAYERTERM
	* AMASS
	* DAMAGETYPE
	* SUBTYPEPLANAR
	* PLAYED
	* DESTROY
	* INTO
	* UNATTACH
	* EXILE
	* ABILITYMODIFIER
	* SWITCH
	* THEIR
	* UNATTACHED
	* PREVENT
	* CONVERT
	* ACTIVATE
	* BLOCKED
	* COUNTER
	* CLOAK
	* SUPPORT
	* ANY
	* ATTACK
	* GREATER
	* SUBTYPEENCHANTMENT
	* CARDINAL
	* IT
	* THOSE
	* CHOOSE
	* THEM
	* YOUR
	* __ANON_15
	* INCUBATE
	* REMAIN
	* LOOKED
	* THE
	* NO
	* NAMEREFSYMBOL
	* __ANON_20
	* SUBTYPEPLANESWALKER
	* ASSIGN
	* FREQUENCY
	* SUBTYPECREATUREA
	* TARGET
	* NUMBER
	* CLASH
	* POPULATE
	* ABANDON
	* IN
	* ADD
	* ON
	* SEARCHED
	* REVEAL
	* MONSTROSITY
	* MELD
	* ABLE
	* WHO
	* MORE
	* RETURN
	* COMBATSTATUSMODIFIER
	* KEYWORDSTATUSMODIFIER
	* TRANSFORM
	* ATTACKED
	* DISCOVER
	* __ANON_14
	* LEVEL
	* EXCHANGE
	* THAT
	* X
	* CONNIVE
	* DETAIN
	* UNTAP
	* CREATE
	* DOUBLE
	* TYPE
	* ADAPT
	* EFFECTSTATUSMODIFIER
	* SUBTYPELAND
	* LOSE
	* UP
	* LSQB
	* FIGHT
	* TURN
	* __ANON_19
	* FORAGE
	* BOLSTER
	* THESE
	* DISCARDED
	* ATTACH
	* THIS
	* EACH
","{1}{B}, Pay 2 life: Draw a card.
At the beginning of your upkeep, if you have 5 or less life, you may transform ~."
96,Shaper Apprentice,228.386409491,False,"No terminal matches '.' in the current parser context, at line 1 col 52

g as long as you control another Merfolk.
                                        ^
Expected one of: 
	* DASH
	* WORD
",~ has flying as long as you control another Merfolk.
97,Storm Sculptor,155.28059936699992,False,"No terminal matches '~' in the current parser context, at line 2 col 6

When ~ enters, return a creature you control 
     ^
Expected one of: 
	* DASH
	* WORD
","~ can not be blocked.
When ~ enters, return a creature you control to its owner's hand."
98,Deathless Ancient,26.322685344000092,False,"No terminal matches ':' in the current parser context, at line 2 col 40

Tap three untapped Vampires you control: Return ~ from your graveyard to your h
                                       ^
Expected one of: 
	* DASH
	* WORD
","Flying
Tap three untapped Vampires you control: Return ~ from your graveyard to your hand."
99,Dire Fleet Hoarder,26.72710439599996,False,"No terminal matches '~' in the current parser context, at line 1 col 6

When ~ dies, create a Treasure token. (it is 
     ^
Expected one of: 
	* DASH
	* WORD
","When ~ dies, create a Treasure token. (it is an artifact with ""{T}, Sacrifice this artifact: Add one mana of any color."".)"
100,Dire Fleet Interloper,24.72765683200032,False,"No terminal matches '~' in the current parser context, at line 2 col 6

When ~ enters, it explores. (Reveal the top c
     ^
Expected one of: 
	* DASH
	* WORD
","Menace
When ~ enters, it explores. (Reveal the top card of your library. Put that card into your hand if it is a land. Otherwise, put a +1/+1 counter on this creature, then put the card back or put it into your graveyard.)"
101,Deadeye Tormentor,50.728486387999965,False,"No terminal matches 'W' in the current parser context, at line 1 col 8

Raid — When ~ enters, if you attacked this turn
       ^
Expected one of: 
	* UNDER
	* TAPPEDSTATUSMODIFIER
	* STAR
	* FROM
	* OBJECTCHARACTERISTIC
	* PROLIFERATE
	* SUSPECT
	* TAKE
	* NON
	* CYCLED
	* WIN
	* REMOVE
	* BLOCK
	* SAME
	* DISCARD
	* HAD
	* CHOSE
	* GOAD
	* SEARCH
	* DRAW
	* DIE
	* LBRACE
	* EQUAL
	* GAINED
	* EXPLORES
	* COLORTERM
	* LOOK
	* SUBTYPESPELL
	* __ANON_18
	* PAY
	* LEARN
	* SHUFFLED
	* HIMSELF
	* CYCLE
	* GET
	* DEAL
	* SPEND
	* HAVE
	* CAST
	* SACRIFICE
	* A
	* DREW
	* EXERT
	* ONLY
	* ATTACHED
	* ITSELF
	* ITS
	* TAPSYMBOL
	* WITH
	* LESS
	* ADDITIONAL
	* ORDINAL
	* __ANON_17
	* __ANON_21
	* FLIP
	* AFTER
	* FATESEAL
	* PUT
	* INVESTIGATE
	* OTHER
	* ALL
	* SUBTYPECREATUREB
	* THEN
	* CONTROLLED
	* SCRY
	* HERSELF
	* MANIFEST
	* SURVEIL
	* ONTO
	* WITHOUT
	* QUALIFIER
	* PLAY
	* ZONE
	* GAIN
	* SHUFFLE
	* SACRIFICED
	* WHEN
	* PLAYERCHARACTERISTIC
	* DO
	* MILL
	* REVEALED
	* TURNED
	* SUPERTYPE
	* REGENERATE
	* UNTAPSYMBOL
	* SUBTYPEARTIFACT
	* TIMES
	* SKIP
	* WOULD
	* AN
	* CONTROL
	* TAP
	* PLAYERTERM
	* AMASS
	* DAMAGETYPE
	* WHILE
	* SUBTYPEPLANAR
	* PLAYED
	* DESTROY
	* INTO
	* UNATTACH
	* EXILE
	* ABILITYMODIFIER
	* IS
	* WHENEVER
	* SWITCH
	* THEIR
	* FOR
	* BE
	* UNATTACHED
	* PREVENT
	* CONVERT
	* ACTIVATE
	* BLOCKED
	* COUNTER
	* BEEN
	* ANY
	* GREATER
	* SUPPORT
	* ATTACK
	* CLOAK
	* SUBTYPEENCHANTMENT
	* CARDINAL
	* IT
	* THOSE
	* CHOOSE
	* THEM
	* YOUR
	* __ANON_15
	* DASH
	* INCUBATE
	* MAY
	* REMAIN
	* LOOKED
	* THE
	* NO
	* NAMEREFSYMBOL
	* __ANON_20
	* SUBTYPEPLANESWALKER
	* ASSIGN
	* FREQUENCY
	* SUBTYPECREATUREA
	* TARGET
	* NUMBER
	* CLASH
	* POPULATE
	* ABANDON
	* IN
	* ADD
	* ON
	* SEARCHED
	* REVEAL
	* MONSTROSITY
	* MELD
	* ABLE
	* WHO
	* MORE
	* RETURN
	* COMBATSTATUSMODIFIER
	* KEYWORDSTATUSMODIFIER
	* IF
	* TRANSFORM
	* ATTACKED
	* DISCOVER
	* __ANON_14
	* LEVEL
	* DOES
	* EXCHANGE
	* THAT
	* X
	* CONNIVE
	* DETAIN
	* UNTAP
	* AS
	* CREATE
	* CAN
	* DOUBLE
	* TYPE
	* ADAPT
	* EFFECTSTATUSMODIFIER
	* SUBTYPELAND
	* BECOME
	* LOSE
	* HAS
	* UP
	* LSQB
	* UNTIL
	* FIGHT
	* TURN
	* __ANON_19
	* FORAGE
	* BOLSTER
	* AT
	* OTHERWISE
	* THESE
	* DISCARDED
	* ATTACH
	* THIS
	* EACH
","Raid — When ~ enters, if you attacked this turn, target opponent discards a card."
102,Dire Fleet Ravager,26.74324558399985,False,"No terminal matches ',' in the current parser context, at line 1 col 7

Menace, deathtouch
      ^
Expected one of: 
	* DASH
	* WORD
","Menace, deathtouch
When ~ enters, each player loses a third of their life, rounded up."
103,Duress,24.66755006500034,False,"No terminal matches '.' in the current parser context, at line 1 col 35

Target opponent reveals their hand. You choose a noncreature, nonland card
                                  ^
Expected one of: 
	* DASH
	* WORD
","Target opponent reveals their hand. You choose a noncreature, nonland card from it. That player discards that card."
104,Fathom Fleet Captain,26.696011344,False,"No terminal matches '~' in the current parser context, at line 2 col 10

Whenever ~ attacks, if you control another nontok
         ^
Expected one of: 
	* DASH
	* WORD
","Menace
Whenever ~ attacks, if you control another nontoken Pirate, you may pay {2}. If you do, create a 2/2 black Pirate creature token with menace."
105,Fathom Fleet Cutthroat,26.68618300800017,False,"No terminal matches '~' in the current parser context, at line 1 col 6

When ~ enters, destroy target creature an opp
     ^
Expected one of: 
	* DASH
	* WORD
","When ~ enters, destroy target creature an opponent controls that was dealt damage this turn."
106,Grim Captain's Call,26.333778191999954,False,"No terminal matches ',' in the current parser context, at line 1 col 54

te card from your graveyard to your hand, then do the same for Vampire, Dinosaur
                                        ^
Expected one of: 
	* DASH
	* WORD
","Return a Pirate card from your graveyard to your hand, then do the same for Vampire, Dinosaur, and Merfolk."
107,Heartless Pillage,26.760191157999998,False,"No terminal matches '.' in the current parser context, at line 1 col 35

Target opponent discards two cards.
                                  ^
Expected one of: 
	* DASH
	* WORD
","Target opponent discards two cards.
Raid — If you attacked this turn, create a Treasure token. (it is an artifact with ""{T}, Sacrifice this artifact: Add one mana of any color."".)"
108,Lurking Chupacabra,24.226625713999965,False,"No terminal matches ',' in the current parser context, at line 1 col 41

Whenever a creature you control explores, target creature an opponent controls g
                                        ^
Expected one of: 
	* DASH
	* WORD
","Whenever a creature you control explores, target creature an opponent controls gets -2/-2 until end of turn."
109,Kitesail Freebooter,26.551693174999855,False,"No terminal matches '~' in the current parser context, at line 2 col 6

When ~ enters, target opponent reveals their 
     ^
Expected one of: 
	* DASH
	* WORD
","Flying
When ~ enters, target opponent reveals their hand. You choose a noncreature, nonland card from it. Exile that card until ~ leaves the battlefield."
110,Queen's Bay Soldier,4.678999630414182e-06,False,'text',
111,Deadeye Tracker,113.5856306579999,False,"No terminal matches 'E' in the current parser context, at line 1 col 14

{1}{B}, {T}: Exile two target cards from an opponent'
             ^
Expected one of: 
	* UNDER
	* TAPPEDSTATUSMODIFIER
	* STAR
	* FROM
	* OBJECTCHARACTERISTIC
	* PROLIFERATE
	* SUSPECT
	* TAKE
	* NON
	* CYCLED
	* WIN
	* REMOVE
	* BLOCK
	* SAME
	* DISCARD
	* HAD
	* CHOSE
	* GOAD
	* SEARCH
	* DRAW
	* DIE
	* LBRACE
	* EQUAL
	* GAINED
	* EXPLORES
	* COLORTERM
	* LOOK
	* SUBTYPESPELL
	* __ANON_18
	* PAY
	* LEARN
	* SHUFFLED
	* HIMSELF
	* CYCLE
	* GET
	* DEAL
	* SPEND
	* HAVE
	* CAST
	* SACRIFICE
	* A
	* DREW
	* EXERT
	* ONLY
	* ATTACHED
	* ITSELF
	* ITS
	* TAPSYMBOL
	* WITH
	* LESS
	* ADDITIONAL
	* ORDINAL
	* __ANON_17
	* __ANON_21
	* FLIP
	* AFTER
	* FATESEAL
	* PUT
	* INVESTIGATE
	* OTHER
	* ALL
	* SUBTYPECREATUREB
	* THEN
	* CONTROLLED
	* SCRY
	* HERSELF
	* MANIFEST
	* SURVEIL
	* ONTO
	* WITHOUT
	* QUALIFIER
	* PLAY
	* ZONE
	* GAIN
	* SHUFFLE
	* SACRIFICED
	* WHEN
	* PLAYERCHARACTERISTIC
	* DO
	* MILL
	* REVEALED
	* TURNED
	* SUPERTYPE
	* REGENERATE
	* UNTAPSYMBOL
	* SUBTYPEARTIFACT
	* TIMES
	* SKIP
	* WOULD
	* AN
	* CONTROL
	* TAP
	* PLAYERTERM
	* AMASS
	* DAMAGETYPE
	* WHILE
	* SUBTYPEPLANAR
	* PLAYED
	* DESTROY
	* INTO
	* UNATTACH
	* EXILE
	* ABILITYMODIFIER
	* IS
	* WHENEVER
	* SWITCH
	* THEIR
	* FOR
	* BE
	* UNATTACHED
	* PREVENT
	* CONVERT
	* ACTIVATE
	* BLOCKED
	* COUNTER
	* BEEN
	* ANY
	* GREATER
	* SUPPORT
	* ATTACK
	* CLOAK
	* SUBTYPEENCHANTMENT
	* CARDINAL
	* IT
	* THOSE
	* CHOOSE
	* THEM
	* YOUR
	* __ANON_15
	* DASH
	* INCUBATE
	* MAY
	* REMAIN
	* LOOKED
	* THE
	* NO
	* NAMEREFSYMBOL
	* __ANON_20
	* SUBTYPEPLANESWALKER
	* ASSIGN
	* FREQUENCY
	* SUBTYPECREATUREA
	* TARGET
	* NUMBER
	* CLASH
	* POPULATE
	* ABANDON
	* IN
	* ADD
	* ON
	* SEARCHED
	* REVEAL
	* MONSTROSITY
	* MELD
	* ABLE
	* WHO
	* MORE
	* RETURN
	* COMBATSTATUSMODIFIER
	* KEYWORDSTATUSMODIFIER
	* IF
	* TRANSFORM
	* ATTACKED
	* DISCOVER
	* __ANON_14
	* LEVEL
	* DOES
	* EXCHANGE
	* THAT
	* X
	* CONNIVE
	* DETAIN
	* UNTAP
	* AS
	* CREATE
	* CAN
	* DOUBLE
	* TYPE
	* ADAPT
	* EFFECTSTATUSMODIFIER
	* SUBTYPELAND
	* BECOME
	* LOSE
	* HAS
	* UP
	* LSQB
	* UNTIL
	* FIGHT
	* TURN
	* __ANON_19
	* FORAGE
	* BOLSTER
	* AT
	* OTHERWISE
	* THESE
	* DISCARDED
	* ATTACH
	* THIS
	* EACH
","{1}{B}, {T}: Exile two target cards from an opponent's graveyard. ~ explores. (Reveal the top card of your library. Put that card into your hand if it is a land. Otherwise, put a +1/+1 counter on this creature, then put the card back or put it into your graveyard.)"
112,Mark of the Vampire,26.348777159000292,False,"No terminal matches '+' in the current parser context, at line 2 col 25

Enchanted creature gets +2/+2 and has lifelink.
                        ^
Expected one of: 
	* DASH
	* WORD
","Enchant creature
Enchanted creature gets +2/+2 and has lifelink."
113,Queen's Agent,26.57837439800005,False,"No terminal matches '~' in the current parser context, at line 2 col 6

When ~ enters, it explores. (Reveal the top c
     ^
Expected one of: 
	* DASH
	* WORD
","Lifelink
When ~ enters, it explores. (Reveal the top card of your library. Put that card into your hand if it is a land. Otherwise, put a +1/+1 counter on this creature, then put the card back or put it into your graveyard.)"
114,Raiders' Wake,26.49117454499992,False,"No terminal matches ',' in the current parser context, at line 1 col 37

Whenever an opponent discards a card, that player loses 2 life.
                                    ^
Expected one of: 
	* DASH
	* WORD
","Whenever an opponent discards a card, that player loses 2 life.
Raid — At the beginning of your end step, if you attacked this turn, target opponent discards a card."
115,March of the Drowned,50.33868807399995,False,"No terminal matches '•' in the current parser context, at line 2 col 1

• Return target creature card from your 
^
Expected one of: 
	* UNDER
	* TAPPEDSTATUSMODIFIER
	* STAR
	* FROM
	* OBJECTCHARACTERISTIC
	* PROLIFERATE
	* SUSPECT
	* TAKE
	* NON
	* CYCLED
	* WIN
	* REMOVE
	* BLOCK
	* SAME
	* DISCARD
	* HAD
	* CHOSE
	* GOAD
	* SEARCH
	* DRAW
	* DIE
	* LBRACE
	* EQUAL
	* GAINED
	* EXPLORES
	* COLORTERM
	* LOOK
	* SUBTYPESPELL
	* __ANON_18
	* PAY
	* LEARN
	* SHUFFLED
	* HIMSELF
	* CYCLE
	* GET
	* DEAL
	* SPEND
	* HAVE
	* CAST
	* SACRIFICE
	* A
	* DREW
	* EXERT
	* ONLY
	* ATTACHED
	* ITSELF
	* ITS
	* TAPSYMBOL
	* WITH
	* LESS
	* ADDITIONAL
	* ORDINAL
	* __ANON_17
	* __ANON_21
	* FLIP
	* AFTER
	* FATESEAL
	* PUT
	* INVESTIGATE
	* OTHER
	* ALL
	* SUBTYPECREATUREB
	* THEN
	* CONTROLLED
	* SCRY
	* HERSELF
	* MANIFEST
	* SURVEIL
	* ONTO
	* WITHOUT
	* QUALIFIER
	* PLAY
	* ZONE
	* GAIN
	* SHUFFLE
	* SACRIFICED
	* WHEN
	* PLAYERCHARACTERISTIC
	* DO
	* MILL
	* REVEALED
	* TURNED
	* SUPERTYPE
	* REGENERATE
	* UNTAPSYMBOL
	* SUBTYPEARTIFACT
	* TIMES
	* SKIP
	* WOULD
	* AN
	* CONTROL
	* TAP
	* PLAYERTERM
	* AMASS
	* DAMAGETYPE
	* WHILE
	* SUBTYPEPLANAR
	* PLAYED
	* DESTROY
	* INTO
	* UNATTACH
	* EXILE
	* ABILITYMODIFIER
	* IS
	* WHENEVER
	* SWITCH
	* THEIR
	* FOR
	* BE
	* UNATTACHED
	* PREVENT
	* CONVERT
	* ACTIVATE
	* BLOCKED
	* COUNTER
	* BEEN
	* ANY
	* GREATER
	* SUPPORT
	* ATTACK
	* CLOAK
	* SUBTYPEENCHANTMENT
	* CARDINAL
	* IT
	* THOSE
	* CHOOSE
	* THEM
	* YOUR
	* __ANON_15
	* DASH
	* INCUBATE
	* MAY
	* REMAIN
	* LOOKED
	* THE
	* NO
	* NAMEREFSYMBOL
	* __ANON_20
	* SUBTYPEPLANESWALKER
	* ASSIGN
	* FREQUENCY
	* SUBTYPECREATUREA
	* TARGET
	* NUMBER
	* CLASH
	* POPULATE
	* ABANDON
	* IN
	* ADD
	* ON
	* SEARCHED
	* REVEAL
	* MONSTROSITY
	* MELD
	* ABLE
	* WHO
	* MORE
	* RETURN
	* COMBATSTATUSMODIFIER
	* KEYWORDSTATUSMODIFIER
	* IF
	* TRANSFORM
	* ATTACKED
	* DISCOVER
	* __ANON_14
	* LEVEL
	* DOES
	* EXCHANGE
	* THAT
	* X
	* CONNIVE
	* DETAIN
	* UNTAP
	* AS
	* CREATE
	* CAN
	* DOUBLE
	* TYPE
	* ADAPT
	* EFFECTSTATUSMODIFIER
	* SUBTYPELAND
	* BECOME
	* LOSE
	* HAS
	* UP
	* LSQB
	* UNTIL
	* FIGHT
	* TURN
	* __ANON_19
	* FORAGE
	* BOLSTER
	* AT
	* OTHERWISE
	* THESE
	* DISCARDED
	* ATTACH
	* THIS
	* EACH
","Choose one —
• Return target creature card from your graveyard to your hand.
• Return two target Pirate cards from your graveyard to your hand."
116,Revel in Riches,26.66731281400007,False,"No terminal matches ',' in the current parser context, at line 1 col 46

ver a creature an opponent controls dies, create a Treasure token. (it is an art
                                        ^
Expected one of: 
	* DASH
	* WORD
","Whenever a creature an opponent controls dies, create a Treasure token. (it is an artifact with ""{T}, Sacrifice this artifact: Add one mana of any color."".)
At the beginning of your upkeep, if you control ten or more Treasures, you win the game."
117,Sanctum Seeker,24.456800627999655,False,"No terminal matches ',' in the current parser context, at line 1 col 39

Whenever a Vampire you control attacks, each opponent loses 1 life and you gai
                                      ^
Expected one of: 
	* DASH
	* WORD
","Whenever a Vampire you control attacks, each opponent loses 1 life and you gain 1 life."
118,Seekers' Squire,26.55334336900023,False,"No terminal matches '~' in the current parser context, at line 1 col 6

When ~ enters, it explores. (Reveal the top c
     ^
Expected one of: 
	* DASH
	* WORD
","When ~ enters, it explores. (Reveal the top card of your library. Put that card into your hand if it is a land. Otherwise, put a +1/+1 counter on this creature, then put the card back or put it into your graveyard.)"
119,Ruin Raider,50.197847808999995,False,"No terminal matches 'A' in the current parser context, at line 1 col 8

Raid — At the beginning of your end step, if yo
       ^
Expected one of: 
	* UNDER
	* TAPPEDSTATUSMODIFIER
	* STAR
	* FROM
	* OBJECTCHARACTERISTIC
	* PROLIFERATE
	* SUSPECT
	* TAKE
	* NON
	* CYCLED
	* WIN
	* REMOVE
	* BLOCK
	* SAME
	* DISCARD
	* HAD
	* CHOSE
	* GOAD
	* SEARCH
	* DRAW
	* DIE
	* LBRACE
	* EQUAL
	* GAINED
	* EXPLORES
	* COLORTERM
	* LOOK
	* SUBTYPESPELL
	* __ANON_18
	* PAY
	* LEARN
	* SHUFFLED
	* HIMSELF
	* CYCLE
	* GET
	* DEAL
	* SPEND
	* HAVE
	* CAST
	* SACRIFICE
	* A
	* DREW
	* EXERT
	* ONLY
	* ATTACHED
	* ITSELF
	* ITS
	* TAPSYMBOL
	* WITH
	* LESS
	* ADDITIONAL
	* ORDINAL
	* __ANON_17
	* __ANON_21
	* FLIP
	* AFTER
	* FATESEAL
	* PUT
	* INVESTIGATE
	* OTHER
	* ALL
	* SUBTYPECREATUREB
	* THEN
	* CONTROLLED
	* SCRY
	* HERSELF
	* MANIFEST
	* SURVEIL
	* ONTO
	* WITHOUT
	* QUALIFIER
	* PLAY
	* ZONE
	* GAIN
	* SHUFFLE
	* SACRIFICED
	* WHEN
	* PLAYERCHARACTERISTIC
	* DO
	* MILL
	* REVEALED
	* TURNED
	* SUPERTYPE
	* REGENERATE
	* UNTAPSYMBOL
	* SUBTYPEARTIFACT
	* TIMES
	* SKIP
	* WOULD
	* AN
	* CONTROL
	* TAP
	* PLAYERTERM
	* AMASS
	* DAMAGETYPE
	* WHILE
	* SUBTYPEPLANAR
	* PLAYED
	* DESTROY
	* INTO
	* UNATTACH
	* EXILE
	* ABILITYMODIFIER
	* IS
	* WHENEVER
	* SWITCH
	* THEIR
	* FOR
	* BE
	* UNATTACHED
	* PREVENT
	* CONVERT
	* ACTIVATE
	* BLOCKED
	* COUNTER
	* BEEN
	* ANY
	* GREATER
	* SUPPORT
	* ATTACK
	* CLOAK
	* SUBTYPEENCHANTMENT
	* CARDINAL
	* IT
	* THOSE
	* CHOOSE
	* THEM
	* YOUR
	* __ANON_15
	* DASH
	* INCUBATE
	* MAY
	* REMAIN
	* LOOKED
	* THE
	* NO
	* NAMEREFSYMBOL
	* __ANON_20
	* SUBTYPEPLANESWALKER
	* ASSIGN
	* FREQUENCY
	* SUBTYPECREATUREA
	* TARGET
	* NUMBER
	* CLASH
	* POPULATE
	* ABANDON
	* IN
	* ADD
	* ON
	* SEARCHED
	* REVEAL
	* MONSTROSITY
	* MELD
	* ABLE
	* WHO
	* MORE
	* RETURN
	* COMBATSTATUSMODIFIER
	* KEYWORDSTATUSMODIFIER
	* IF
	* TRANSFORM
	* ATTACKED
	* DISCOVER
	* __ANON_14
	* LEVEL
	* DOES
	* EXCHANGE
	* THAT
	* X
	* CONNIVE
	* DETAIN
	* UNTAP
	* AS
	* CREATE
	* CAN
	* DOUBLE
	* TYPE
	* ADAPT
	* EFFECTSTATUSMODIFIER
	* SUBTYPELAND
	* BECOME
	* LOSE
	* HAS
	* UP
	* LSQB
	* UNTIL
	* FIGHT
	* TURN
	* __ANON_19
	* FORAGE
	* BOLSTER
	* AT
	* OTHERWISE
	* THESE
	* DISCARDED
	* ATTACH
	* THIS
	* EACH
","Raid — At the beginning of your end step, if you attacked this turn, reveal the top card of your library and put that card into your hand. You lose life equal to the card's mana value."
120,Skulduggery,26.658091156999944,False,"No terminal matches ',' in the current parser context, at line 1 col 18

Until end of turn, target creature you control gets +1/+1
                 ^
Expected one of: 
	* DASH
	* WORD
","Until end of turn, target creature you control gets +1/+1 and target creature an opponent controls gets -1/-1."
121,Skymarch Bloodletter,24.6673868339999,False,"No terminal matches '~' in the current parser context, at line 2 col 6

When ~ enters, target opponent loses 1 life a
     ^
Expected one of: 
	* DASH
	* WORD
","Flying
When ~ enters, target opponent loses 1 life and you gain 1 life."
122,Spreading Rot,24.6990254440002,False,"No terminal matches '.' in the current parser context, at line 1 col 20

Destroy target land. Its controller loses 2 life.
                   ^
Expected one of: 
	* DASH
	* WORD
",Destroy target land. Its controller loses 2 life.
123,Sword-Point Diplomacy,26.34509043800017,False,"No terminal matches '.' in the current parser context, at line 1 col 43

veal the top three cards of your library. For each of those cards, put that card
                                        ^
Expected one of: 
	* DASH
	* WORD
","Reveal the top three cards of your library. For each of those cards, put that card into your hand unless any opponent pays 3 life. Then exile the rest."
124,Vanquish the Weak,26.41831848999982,False,"No terminal matches '3' in the current parser context, at line 1 col 36

Destroy target creature with power 3 or less.
                                   ^
Expected one of: 
	* DASH
	* WORD
",Destroy target creature with power 3 or less.
125,Ruthless Knave,88.79729330100008,False,"No terminal matches 'S' in the current parser context, at line 1 col 9

{2}{B}, Sacrifice a creature: Create two Treasur
        ^
Expected one of: 
	* UNDER
	* TAPPEDSTATUSMODIFIER
	* STAR
	* FROM
	* OBJECTCHARACTERISTIC
	* PROLIFERATE
	* SUSPECT
	* TAKE
	* NON
	* CYCLED
	* WIN
	* REMOVE
	* BLOCK
	* SAME
	* DISCARD
	* CHOSE
	* GOAD
	* SEARCH
	* DRAW
	* DIE
	* LBRACE
	* EXPLORES
	* GAINED
	* EQUAL
	* COLORTERM
	* LOOK
	* SUBTYPESPELL
	* __ANON_18
	* PAY
	* LEARN
	* SHUFFLED
	* HIMSELF
	* CYCLE
	* GET
	* DEAL
	* SPEND
	* CAST
	* SACRIFICE
	* DREW
	* A
	* EXERT
	* ONLY
	* ATTACHED
	* ITSELF
	* ITS
	* WITH
	* TAPSYMBOL
	* LESS
	* ADDITIONAL
	* ORDINAL
	* __ANON_17
	* __ANON_21
	* FLIP
	* FATESEAL
	* PUT
	* INVESTIGATE
	* OTHER
	* ALL
	* SUBTYPECREATUREB
	* CONTROLLED
	* SCRY
	* HERSELF
	* MANIFEST
	* SURVEIL
	* ONTO
	* WITHOUT
	* QUALIFIER
	* PLAY
	* ZONE
	* GAIN
	* SHUFFLE
	* SACRIFICED
	* PLAYERCHARACTERISTIC
	* MILL
	* REVEALED
	* TURNED
	* SUPERTYPE
	* REGENERATE
	* UNTAPSYMBOL
	* SUBTYPEARTIFACT
	* TIMES
	* SKIP
	* AN
	* CONTROL
	* TAP
	* PLAYERTERM
	* AMASS
	* DAMAGETYPE
	* SUBTYPEPLANAR
	* PLAYED
	* DESTROY
	* INTO
	* UNATTACH
	* EXILE
	* ABILITYMODIFIER
	* SWITCH
	* THEIR
	* UNATTACHED
	* PREVENT
	* CONVERT
	* ACTIVATE
	* BLOCKED
	* COUNTER
	* CLOAK
	* SUPPORT
	* ANY
	* ATTACK
	* GREATER
	* SUBTYPEENCHANTMENT
	* CARDINAL
	* IT
	* THOSE
	* CHOOSE
	* THEM
	* YOUR
	* __ANON_15
	* INCUBATE
	* REMAIN
	* LOOKED
	* THE
	* NO
	* NAMEREFSYMBOL
	* __ANON_20
	* SUBTYPEPLANESWALKER
	* ASSIGN
	* FREQUENCY
	* SUBTYPECREATUREA
	* TARGET
	* NUMBER
	* CLASH
	* POPULATE
	* ABANDON
	* IN
	* ADD
	* ON
	* SEARCHED
	* REVEAL
	* MONSTROSITY
	* MELD
	* ABLE
	* WHO
	* MORE
	* RETURN
	* COMBATSTATUSMODIFIER
	* KEYWORDSTATUSMODIFIER
	* TRANSFORM
	* ATTACKED
	* DISCOVER
	* __ANON_14
	* LEVEL
	* EXCHANGE
	* THAT
	* X
	* CONNIVE
	* DETAIN
	* UNTAP
	* CREATE
	* DOUBLE
	* TYPE
	* ADAPT
	* EFFECTSTATUSMODIFIER
	* SUBTYPELAND
	* LOSE
	* UP
	* LSQB
	* FIGHT
	* TURN
	* __ANON_19
	* FORAGE
	* BOLSTER
	* THESE
	* DISCARDED
	* ATTACH
	* THIS
	* EACH
","{2}{B}, Sacrifice a creature: Create two Treasure tokens. (they are artifacts with ""{T}, Sacrifice this artifact: Add one mana of any color."".)
Sacrifice three Treasures: Draw a card."
126,Vicious Conquistador,26.192177019000155,False,"No terminal matches '~' in the current parser context, at line 1 col 10

Whenever ~ attacks, each opponent loses 1 life.
         ^
Expected one of: 
	* DASH
	* WORD
","Whenever ~ attacks, each opponent loses 1 life."
127,Vraska's Contempt,24.279085596000186,False,"No terminal matches '.' in the current parser context, at line 1 col 38

Exile target creature or planeswalker. You gain 2 life.
                                     ^
Expected one of: 
	* DASH
	* WORD
",Exile target creature or planeswalker. You gain 2 life.
128,Wanted Scoundrels,24.8490749460002,False,"No terminal matches '~' in the current parser context, at line 1 col 6

When ~ dies, target opponent creates two Trea
     ^
Expected one of: 
	* DASH
	* WORD
","When ~ dies, target opponent creates two Treasure tokens. (they are artifacts with ""{T}, Sacrifice this artifact: Add one mana of any color."".)"
129,Dark Nourishment,246.82022375999986,False,"No terminal matches '3' in the current parser context, at line 1 col 42

 deals 3 damage to any target. You gain 3 life.
                                        ^
Expected one of: 
	* DASH
	* WORD
",~ deals 3 damage to any target. You gain 3 life.
130,Walk the Plank,26.60988751900004,False,"No terminal matches '-' in the current parser context, at line 1 col 19

Destroy target non-Merfolk creature.
                  ^
Expected one of: 
	* DASH
	* WORD
",Destroy target non-Merfolk creature.
131,Angrath's Marauders,26.74194767600011,False,"No terminal matches ',' in the current parser context, at line 1 col 67

uld deal damage to a permanent or player, it deals double that damage to that pe
                                        ^
Expected one of: 
	* DASH
	* WORD
","If a source you control would deal damage to a permanent or player, it deals double that damage to that permanent or player instead."
132,Brazen Buccaneers,26.3582480340001,False,"No terminal matches '~' in the current parser context, at line 2 col 6

When ~ enters, it explores. (Reveal the top c
     ^
Expected one of: 
	* DASH
	* WORD
","Haste
When ~ enters, it explores. (Reveal the top card of your library. Put that card into your hand if it is a land. Otherwise, put a +1/+1 counter on this creature, then put the card back or put it into your graveyard.)"
133,Burning Sun's Avatar,26.355266189000304,False,"No terminal matches '~' in the current parser context, at line 1 col 6

When ~ enters, it deals 3 damage to target op
     ^
Expected one of: 
	* DASH
	* WORD
","When ~ enters, it deals 3 damage to target opponent or planeswalker and 3 damage to up to one target creature."
134,Captain Lannery Storm,26.552960712000186,False,"No terminal matches '~' in the current parser context, at line 2 col 10

Whenever ~ attacks, create a Treasure token. (it 
         ^
Expected one of: 
	* DASH
	* WORD
","Haste
Whenever ~ attacks, create a Treasure token. (it is an artifact with ""{T}, Sacrifice this artifact: Add one mana of any color."".)
Whenever you sacrifice a Treasure, ~ gets +1/+0 until end of turn."
135,Storm Fleet Aerialist,429.2343883939998,True,,"Flying
Raid — ~ enters with a +1/+1 counter on it if you attacked this turn."
136,Dinosaur Stampede,23.755014126000333,False,"No terminal matches '+' in the current parser context, at line 1 col 25

Attacking creatures get +2/+0 until end of turn. Dinosaurs you c
                        ^
Expected one of: 
	* DASH
	* WORD
",Attacking creatures get +2/+0 until end of turn. Dinosaurs you control gain trample until end of turn.
137,Charging Monstrosaur,26.178871831999913,False,"No terminal matches ',' in the current parser context, at line 1 col 8

Trample, haste
       ^
Expected one of: 
	* DASH
	* WORD
","Trample, haste"
138,Demolish,26.02109852500007,False,"No terminal matches '.' in the current parser context, at line 1 col 32

Destroy target artifact or land.
                               ^
Expected one of: 
	* DASH
	* WORD
",Destroy target artifact or land.
139,Desperate Castaways,301.5562387269997,True,,~ can not attack unless you control an artifact.
140,Fire Shrine Keeper,26.11097451800015,False,"No terminal matches '{' in the current parser context, at line 2 col 1

{7}{R}, {T}, Sacrifice ~: It deals 3 dam
^
Expected one of: 
	* DASH
	* WORD
","Menace
{7}{R}, {T}, Sacrifice ~: It deals 3 damage to each of up to two target creatures."
141,Frenzied Raptor,3.536999884090619e-06,False,'text',
142,Captivating Crew,89.01082506700004,False,"No terminal matches 'G' in the current parser context, at line 1 col 9

{3}{R}: Gain control of target creature an oppon
        ^
Expected one of: 
	* UNDER
	* TAPPEDSTATUSMODIFIER
	* STAR
	* FROM
	* OBJECTCHARACTERISTIC
	* PROLIFERATE
	* SUSPECT
	* TAKE
	* NON
	* CYCLED
	* WIN
	* REMOVE
	* BLOCK
	* SAME
	* DISCARD
	* HAD
	* CHOSE
	* GOAD
	* SEARCH
	* DRAW
	* DIE
	* LBRACE
	* EQUAL
	* GAINED
	* EXPLORES
	* COLORTERM
	* LOOK
	* SUBTYPESPELL
	* __ANON_18
	* PAY
	* LEARN
	* SHUFFLED
	* HIMSELF
	* CYCLE
	* GET
	* DEAL
	* SPEND
	* HAVE
	* CAST
	* SACRIFICE
	* A
	* DREW
	* EXERT
	* ONLY
	* ATTACHED
	* ITSELF
	* ITS
	* TAPSYMBOL
	* WITH
	* LESS
	* ADDITIONAL
	* ORDINAL
	* __ANON_17
	* __ANON_21
	* FLIP
	* AFTER
	* FATESEAL
	* PUT
	* INVESTIGATE
	* OTHER
	* ALL
	* SUBTYPECREATUREB
	* THEN
	* CONTROLLED
	* SCRY
	* HERSELF
	* MANIFEST
	* SURVEIL
	* ONTO
	* WITHOUT
	* QUALIFIER
	* PLAY
	* ZONE
	* GAIN
	* SHUFFLE
	* SACRIFICED
	* WHEN
	* PLAYERCHARACTERISTIC
	* DO
	* MILL
	* REVEALED
	* TURNED
	* SUPERTYPE
	* REGENERATE
	* UNTAPSYMBOL
	* SUBTYPEARTIFACT
	* TIMES
	* SKIP
	* WOULD
	* AN
	* CONTROL
	* TAP
	* PLAYERTERM
	* AMASS
	* DAMAGETYPE
	* WHILE
	* SUBTYPEPLANAR
	* PLAYED
	* DESTROY
	* INTO
	* UNATTACH
	* EXILE
	* ABILITYMODIFIER
	* IS
	* WHENEVER
	* SWITCH
	* THEIR
	* FOR
	* BE
	* UNATTACHED
	* PREVENT
	* CONVERT
	* ACTIVATE
	* BLOCKED
	* COUNTER
	* BEEN
	* ANY
	* GREATER
	* SUPPORT
	* ATTACK
	* CLOAK
	* SUBTYPEENCHANTMENT
	* CARDINAL
	* IT
	* THOSE
	* CHOOSE
	* THEM
	* YOUR
	* __ANON_15
	* DASH
	* INCUBATE
	* MAY
	* REMAIN
	* LOOKED
	* THE
	* NO
	* NAMEREFSYMBOL
	* __ANON_20
	* SUBTYPEPLANESWALKER
	* ASSIGN
	* FREQUENCY
	* SUBTYPECREATUREA
	* TARGET
	* NUMBER
	* CLASH
	* POPULATE
	* ABANDON
	* IN
	* ADD
	* ON
	* SEARCHED
	* REVEAL
	* MONSTROSITY
	* MELD
	* ABLE
	* WHO
	* MORE
	* RETURN
	* COMBATSTATUSMODIFIER
	* KEYWORDSTATUSMODIFIER
	* IF
	* TRANSFORM
	* ATTACKED
	* DISCOVER
	* __ANON_14
	* LEVEL
	* DOES
	* EXCHANGE
	* THAT
	* X
	* CONNIVE
	* DETAIN
	* UNTAP
	* AS
	* CREATE
	* CAN
	* DOUBLE
	* TYPE
	* ADAPT
	* EFFECTSTATUSMODIFIER
	* SUBTYPELAND
	* BECOME
	* LOSE
	* HAS
	* UP
	* LSQB
	* UNTIL
	* FIGHT
	* TURN
	* __ANON_19
	* FORAGE
	* BOLSTER
	* AT
	* OTHERWISE
	* THESE
	* DISCARDED
	* ATTACH
	* THIS
	* EACH
",{3}{R}: Gain control of target creature an opponent controls until end of turn. Untap that creature. It gains haste until end of turn. Activate only as a sorcery.
143,Skittering Heartstopper,191.04766532200028,True,,{B}: ~ gains deathtouch until end of turn.
144,Hijack,26.353019115999814,False,"No terminal matches '.' in the current parser context, at line 1 col 62

t artifact or creature until end of turn. Untap it. It gains haste until end of 
                                        ^
Expected one of: 
	* DASH
	* WORD
",Gain control of target artifact or creature until end of turn. Untap it. It gains haste until end of turn.
145,Dual Shot,155.15299688599998,False,"No terminal matches '.' in the current parser context, at line 1 col 55

ge to each of up to two target creatures.
                                        ^
Expected one of: 
	* DASH
	* WORD
",~ deals 1 damage to each of up to two target creatures.
146,Fiery Cannonade,153.93012716700014,False,"No terminal matches 'P' in the current parser context, at line 1 col 30

~ deals 2 damage to each non-Pirate creature.
                             ^
Expected one of: 
	* SUBTYPECREATUREA
	* TYPE
	* SUBTYPESPELL
	* SUBTYPELAND
	* SUPERTYPE
	* NON
	* SUBTYPEENCHANTMENT
	* SUBTYPEARTIFACT
	* SUBTYPECREATUREB
	* SUBTYPEPLANESWALKER
	* SUBTYPEPLANAR
",~ deals 2 damage to each non-Pirate creature.
147,Nest Robber,27.811953389000337,False,"Unexpected end-of-input. Expected one of: 
	* DASH
	* WORD
",Haste
148,Otepec Huntmaster,28.013514618000045,False,"No terminal matches '{' in the current parser context, at line 1 col 31

Dinosaur spells you cast cost {1} less to cast.
                              ^
Expected one of: 
	* DASH
	* WORD
","Dinosaur spells you cast cost {1} less to cast.
{T}: Target Dinosaur gains haste until end of turn."
149,Bonded Horncrest,274.5014339569998,True,,~ can not attack or block alone.
150,Fathom Fleet Firebrand,217.69938933499998,True,,{1}{R}: ~ gets +1/+0 until end of turn.
151,Makeshift Munitions,70.93436508900004,False,"No terminal matches 'S' in the current parser context, at line 1 col 6

{1}, Sacrifice an artifact or creature: ~ dea
     ^
Expected one of: 
	* UNDER
	* TAPPEDSTATUSMODIFIER
	* STAR
	* FROM
	* OBJECTCHARACTERISTIC
	* PROLIFERATE
	* SUSPECT
	* TAKE
	* NON
	* CYCLED
	* WIN
	* REMOVE
	* BLOCK
	* SAME
	* DISCARD
	* CHOSE
	* GOAD
	* SEARCH
	* DRAW
	* DIE
	* LBRACE
	* EXPLORES
	* GAINED
	* EQUAL
	* COLORTERM
	* LOOK
	* SUBTYPESPELL
	* __ANON_18
	* PAY
	* LEARN
	* SHUFFLED
	* HIMSELF
	* CYCLE
	* GET
	* DEAL
	* SPEND
	* CAST
	* SACRIFICE
	* DREW
	* A
	* EXERT
	* ONLY
	* ATTACHED
	* ITSELF
	* ITS
	* WITH
	* TAPSYMBOL
	* LESS
	* ADDITIONAL
	* ORDINAL
	* __ANON_17
	* __ANON_21
	* FLIP
	* FATESEAL
	* PUT
	* INVESTIGATE
	* OTHER
	* ALL
	* SUBTYPECREATUREB
	* CONTROLLED
	* SCRY
	* HERSELF
	* MANIFEST
	* SURVEIL
	* ONTO
	* WITHOUT
	* QUALIFIER
	* PLAY
	* ZONE
	* GAIN
	* SHUFFLE
	* SACRIFICED
	* PLAYERCHARACTERISTIC
	* MILL
	* REVEALED
	* TURNED
	* SUPERTYPE
	* REGENERATE
	* UNTAPSYMBOL
	* SUBTYPEARTIFACT
	* TIMES
	* SKIP
	* AN
	* CONTROL
	* TAP
	* PLAYERTERM
	* AMASS
	* DAMAGETYPE
	* SUBTYPEPLANAR
	* PLAYED
	* DESTROY
	* INTO
	* UNATTACH
	* EXILE
	* ABILITYMODIFIER
	* SWITCH
	* THEIR
	* UNATTACHED
	* PREVENT
	* CONVERT
	* ACTIVATE
	* BLOCKED
	* COUNTER
	* CLOAK
	* SUPPORT
	* ANY
	* ATTACK
	* GREATER
	* SUBTYPEENCHANTMENT
	* CARDINAL
	* IT
	* THOSE
	* CHOOSE
	* THEM
	* YOUR
	* __ANON_15
	* INCUBATE
	* REMAIN
	* LOOKED
	* THE
	* NO
	* NAMEREFSYMBOL
	* __ANON_20
	* SUBTYPEPLANESWALKER
	* ASSIGN
	* FREQUENCY
	* SUBTYPECREATUREA
	* TARGET
	* NUMBER
	* CLASH
	* POPULATE
	* ABANDON
	* IN
	* ADD
	* ON
	* SEARCHED
	* REVEAL
	* MONSTROSITY
	* MELD
	* ABLE
	* WHO
	* MORE
	* RETURN
	* COMBATSTATUSMODIFIER
	* KEYWORDSTATUSMODIFIER
	* TRANSFORM
	* ATTACKED
	* DISCOVER
	* __ANON_14
	* LEVEL
	* EXCHANGE
	* THAT
	* X
	* CONNIVE
	* DETAIN
	* UNTAP
	* CREATE
	* DOUBLE
	* TYPE
	* ADAPT
	* EFFECTSTATUSMODIFIER
	* SUBTYPELAND
	* LOSE
	* UP
	* LSQB
	* FIGHT
	* TURN
	* __ANON_19
	* FORAGE
	* BOLSTER
	* THESE
	* DISCARDED
	* ATTACH
	* THIS
	* EACH
","{1}, Sacrifice an artifact or creature: ~ deals 1 damage to any target."
152,Rampaging Ferocidon,28.450738841000202,False,"No terminal matches '.' in the current parser context, at line 2 col 26

Players can not gain life.
                         ^
Expected one of: 
	* DASH
	* WORD
","Menace
Players can not gain life.
Whenever another creature enters, ~ deals 1 damage to that creature's controller."
153,Raptor Hatchling,53.428254951000326,False,"No terminal matches 'W' in the current parser context, at line 1 col 10

Enrage — Whenever ~ is dealt damage, create a 3/3
         ^
Expected one of: 
	* UNDER
	* TAPPEDSTATUSMODIFIER
	* STAR
	* FROM
	* OBJECTCHARACTERISTIC
	* PROLIFERATE
	* SUSPECT
	* TAKE
	* NON
	* CYCLED
	* WIN
	* REMOVE
	* BLOCK
	* SAME
	* DISCARD
	* HAD
	* CHOSE
	* GOAD
	* SEARCH
	* DRAW
	* DIE
	* LBRACE
	* EQUAL
	* GAINED
	* EXPLORES
	* COLORTERM
	* LOOK
	* SUBTYPESPELL
	* __ANON_18
	* PAY
	* LEARN
	* SHUFFLED
	* HIMSELF
	* CYCLE
	* GET
	* DEAL
	* SPEND
	* HAVE
	* CAST
	* SACRIFICE
	* A
	* DREW
	* EXERT
	* ONLY
	* ATTACHED
	* ITSELF
	* ITS
	* TAPSYMBOL
	* WITH
	* LESS
	* ADDITIONAL
	* ORDINAL
	* __ANON_17
	* __ANON_21
	* FLIP
	* AFTER
	* FATESEAL
	* PUT
	* INVESTIGATE
	* OTHER
	* ALL
	* SUBTYPECREATUREB
	* THEN
	* CONTROLLED
	* SCRY
	* HERSELF
	* MANIFEST
	* SURVEIL
	* ONTO
	* WITHOUT
	* QUALIFIER
	* PLAY
	* ZONE
	* GAIN
	* SHUFFLE
	* SACRIFICED
	* WHEN
	* PLAYERCHARACTERISTIC
	* DO
	* MILL
	* REVEALED
	* TURNED
	* SUPERTYPE
	* REGENERATE
	* UNTAPSYMBOL
	* SUBTYPEARTIFACT
	* TIMES
	* SKIP
	* WOULD
	* AN
	* CONTROL
	* TAP
	* PLAYERTERM
	* AMASS
	* DAMAGETYPE
	* WHILE
	* SUBTYPEPLANAR
	* PLAYED
	* DESTROY
	* INTO
	* UNATTACH
	* EXILE
	* ABILITYMODIFIER
	* IS
	* WHENEVER
	* SWITCH
	* THEIR
	* FOR
	* BE
	* UNATTACHED
	* PREVENT
	* CONVERT
	* ACTIVATE
	* BLOCKED
	* COUNTER
	* BEEN
	* ANY
	* GREATER
	* SUPPORT
	* ATTACK
	* CLOAK
	* SUBTYPEENCHANTMENT
	* CARDINAL
	* IT
	* THOSE
	* CHOOSE
	* THEM
	* YOUR
	* __ANON_15
	* DASH
	* INCUBATE
	* MAY
	* REMAIN
	* LOOKED
	* THE
	* NO
	* NAMEREFSYMBOL
	* __ANON_20
	* SUBTYPEPLANESWALKER
	* ASSIGN
	* FREQUENCY
	* SUBTYPECREATUREA
	* TARGET
	* NUMBER
	* CLASH
	* POPULATE
	* ABANDON
	* IN
	* ADD
	* ON
	* SEARCHED
	* REVEAL
	* MONSTROSITY
	* MELD
	* ABLE
	* WHO
	* MORE
	* RETURN
	* COMBATSTATUSMODIFIER
	* KEYWORDSTATUSMODIFIER
	* IF
	* TRANSFORM
	* ATTACKED
	* DISCOVER
	* __ANON_14
	* LEVEL
	* DOES
	* EXCHANGE
	* THAT
	* X
	* CONNIVE
	* DETAIN
	* UNTAP
	* AS
	* CREATE
	* CAN
	* DOUBLE
	* TYPE
	* ADAPT
	* EFFECTSTATUSMODIFIER
	* SUBTYPELAND
	* BECOME
	* LOSE
	* HAS
	* UP
	* LSQB
	* UNTIL
	* FIGHT
	* TURN
	* __ANON_19
	* FORAGE
	* BOLSTER
	* AT
	* OTHERWISE
	* THESE
	* DISCARDED
	* ATTACH
	* THIS
	* EACH
","Enrage — Whenever ~ is dealt damage, create a 3/3 green Dinosaur creature token with trample."
154,Rowdy Crew,28.313052189000246,False,"No terminal matches '~' in the current parser context, at line 2 col 6

When ~ enters, draw three cards, then discard
     ^
Expected one of: 
	* DASH
	* WORD
","Trample
When ~ enters, draw three cards, then discard two cards at random. If two cards that share a card type are discarded this way, put two +1/+1 counters on ~."
155,Lightning Strike,255.6130594209999,True,,~ deals 3 damage to any target.
156,Star of Extinction,26.244253132000267,False,"No terminal matches '.' in the current parser context, at line 1 col 20

Destroy target land. ~ deals 20 damage to each creature and
                   ^
Expected one of: 
	* DASH
	* WORD
",Destroy target land. ~ deals 20 damage to each creature and each planeswalker.
157,Lightning-Rig Crew,267.8955169200003,False,"No terminal matches ',' in the current parser context, at line 2 col 33

Whenever you cast a Pirate spell, untap ~.
                                ^
Expected one of: 
	* DASH
	* WORD
","{T}: ~ deals 1 damage to each opponent.
Whenever you cast a Pirate spell, untap ~."
158,Rummaging Goblin,48.18247227999973,False,"No terminal matches 'D' in the current parser context, at line 1 col 6

{T}, Discard a card: Draw a card.
     ^
Expected one of: 
	* UNDER
	* TAPPEDSTATUSMODIFIER
	* STAR
	* FROM
	* OBJECTCHARACTERISTIC
	* PROLIFERATE
	* SUSPECT
	* TAKE
	* NON
	* CYCLED
	* WIN
	* REMOVE
	* BLOCK
	* SAME
	* DISCARD
	* CHOSE
	* GOAD
	* SEARCH
	* DRAW
	* DIE
	* LBRACE
	* EXPLORES
	* GAINED
	* EQUAL
	* COLORTERM
	* LOOK
	* SUBTYPESPELL
	* __ANON_18
	* PAY
	* LEARN
	* SHUFFLED
	* HIMSELF
	* CYCLE
	* GET
	* DEAL
	* SPEND
	* CAST
	* SACRIFICE
	* DREW
	* A
	* EXERT
	* ONLY
	* ATTACHED
	* ITSELF
	* ITS
	* WITH
	* TAPSYMBOL
	* LESS
	* ADDITIONAL
	* ORDINAL
	* __ANON_17
	* __ANON_21
	* FLIP
	* FATESEAL
	* PUT
	* INVESTIGATE
	* OTHER
	* ALL
	* SUBTYPECREATUREB
	* CONTROLLED
	* SCRY
	* HERSELF
	* MANIFEST
	* SURVEIL
	* ONTO
	* WITHOUT
	* QUALIFIER
	* PLAY
	* ZONE
	* GAIN
	* SHUFFLE
	* SACRIFICED
	* PLAYERCHARACTERISTIC
	* MILL
	* REVEALED
	* TURNED
	* SUPERTYPE
	* REGENERATE
	* UNTAPSYMBOL
	* SUBTYPEARTIFACT
	* TIMES
	* SKIP
	* AN
	* CONTROL
	* TAP
	* PLAYERTERM
	* AMASS
	* DAMAGETYPE
	* SUBTYPEPLANAR
	* PLAYED
	* DESTROY
	* INTO
	* UNATTACH
	* EXILE
	* ABILITYMODIFIER
	* SWITCH
	* THEIR
	* UNATTACHED
	* PREVENT
	* CONVERT
	* ACTIVATE
	* BLOCKED
	* COUNTER
	* CLOAK
	* SUPPORT
	* ANY
	* ATTACK
	* GREATER
	* SUBTYPEENCHANTMENT
	* CARDINAL
	* IT
	* THOSE
	* CHOOSE
	* THEM
	* YOUR
	* __ANON_15
	* INCUBATE
	* REMAIN
	* LOOKED
	* THE
	* NO
	* NAMEREFSYMBOL
	* __ANON_20
	* SUBTYPEPLANESWALKER
	* ASSIGN
	* FREQUENCY
	* SUBTYPECREATUREA
	* TARGET
	* NUMBER
	* CLASH
	* POPULATE
	* ABANDON
	* IN
	* ADD
	* ON
	* SEARCHED
	* REVEAL
	* MONSTROSITY
	* MELD
	* ABLE
	* WHO
	* MORE
	* RETURN
	* COMBATSTATUSMODIFIER
	* KEYWORDSTATUSMODIFIER
	* TRANSFORM
	* ATTACKED
	* DISCOVER
	* __ANON_14
	* LEVEL
	* EXCHANGE
	* THAT
	* X
	* CONNIVE
	* DETAIN
	* UNTAP
	* CREATE
	* DOUBLE
	* TYPE
	* ADAPT
	* EFFECTSTATUSMODIFIER
	* SUBTYPELAND
	* LOSE
	* UP
	* LSQB
	* FIGHT
	* TURN
	* __ANON_19
	* FORAGE
	* BOLSTER
	* THESE
	* DISCARDED
	* ATTACH
	* THIS
	* EACH
","{T}, Discard a card: Draw a card."
159,Storm Fleet Arsonist,53.585120796999945,False,"No terminal matches 'W' in the current parser context, at line 1 col 8

Raid — When ~ enters, if you attacked this turn
       ^
Expected one of: 
	* UNDER
	* TAPPEDSTATUSMODIFIER
	* STAR
	* FROM
	* OBJECTCHARACTERISTIC
	* PROLIFERATE
	* SUSPECT
	* TAKE
	* NON
	* CYCLED
	* WIN
	* REMOVE
	* BLOCK
	* SAME
	* DISCARD
	* HAD
	* CHOSE
	* GOAD
	* SEARCH
	* DRAW
	* DIE
	* LBRACE
	* EQUAL
	* GAINED
	* EXPLORES
	* COLORTERM
	* LOOK
	* SUBTYPESPELL
	* __ANON_18
	* PAY
	* LEARN
	* SHUFFLED
	* HIMSELF
	* CYCLE
	* GET
	* DEAL
	* SPEND
	* HAVE
	* CAST
	* SACRIFICE
	* A
	* DREW
	* EXERT
	* ONLY
	* ATTACHED
	* ITSELF
	* ITS
	* TAPSYMBOL
	* WITH
	* LESS
	* ADDITIONAL
	* ORDINAL
	* __ANON_17
	* __ANON_21
	* FLIP
	* AFTER
	* FATESEAL
	* PUT
	* INVESTIGATE
	* OTHER
	* ALL
	* SUBTYPECREATUREB
	* THEN
	* CONTROLLED
	* SCRY
	* HERSELF
	* MANIFEST
	* SURVEIL
	* ONTO
	* WITHOUT
	* QUALIFIER
	* PLAY
	* ZONE
	* GAIN
	* SHUFFLE
	* SACRIFICED
	* WHEN
	* PLAYERCHARACTERISTIC
	* DO
	* MILL
	* REVEALED
	* TURNED
	* SUPERTYPE
	* REGENERATE
	* UNTAPSYMBOL
	* SUBTYPEARTIFACT
	* TIMES
	* SKIP
	* WOULD
	* AN
	* CONTROL
	* TAP
	* PLAYERTERM
	* AMASS
	* DAMAGETYPE
	* WHILE
	* SUBTYPEPLANAR
	* PLAYED
	* DESTROY
	* INTO
	* UNATTACH
	* EXILE
	* ABILITYMODIFIER
	* IS
	* WHENEVER
	* SWITCH
	* THEIR
	* FOR
	* BE
	* UNATTACHED
	* PREVENT
	* CONVERT
	* ACTIVATE
	* BLOCKED
	* COUNTER
	* BEEN
	* ANY
	* GREATER
	* SUPPORT
	* ATTACK
	* CLOAK
	* SUBTYPEENCHANTMENT
	* CARDINAL
	* IT
	* THOSE
	* CHOOSE
	* THEM
	* YOUR
	* __ANON_15
	* DASH
	* INCUBATE
	* MAY
	* REMAIN
	* LOOKED
	* THE
	* NO
	* NAMEREFSYMBOL
	* __ANON_20
	* SUBTYPEPLANESWALKER
	* ASSIGN
	* FREQUENCY
	* SUBTYPECREATUREA
	* TARGET
	* NUMBER
	* CLASH
	* POPULATE
	* ABANDON
	* IN
	* ADD
	* ON
	* SEARCHED
	* REVEAL
	* MONSTROSITY
	* MELD
	* ABLE
	* WHO
	* MORE
	* RETURN
	* COMBATSTATUSMODIFIER
	* KEYWORDSTATUSMODIFIER
	* IF
	* TRANSFORM
	* ATTACKED
	* DISCOVER
	* __ANON_14
	* LEVEL
	* DOES
	* EXCHANGE
	* THAT
	* X
	* CONNIVE
	* DETAIN
	* UNTAP
	* AS
	* CREATE
	* CAN
	* DOUBLE
	* TYPE
	* ADAPT
	* EFFECTSTATUSMODIFIER
	* SUBTYPELAND
	* BECOME
	* LOSE
	* HAS
	* UP
	* LSQB
	* UNTIL
	* FIGHT
	* TURN
	* __ANON_19
	* FORAGE
	* BOLSTER
	* AT
	* OTHERWISE
	* THESE
	* DISCARDED
	* ATTACH
	* THIS
	* EACH
","Raid — When ~ enters, if you attacked this turn, target opponent sacrifices a permanent of their choice."
160,Storm Fleet Pyromancer,52.06600288899972,False,"No terminal matches 'W' in the current parser context, at line 1 col 8

Raid — When ~ enters, if you attacked this turn
       ^
Expected one of: 
	* UNDER
	* TAPPEDSTATUSMODIFIER
	* STAR
	* FROM
	* OBJECTCHARACTERISTIC
	* PROLIFERATE
	* SUSPECT
	* TAKE
	* NON
	* CYCLED
	* WIN
	* REMOVE
	* BLOCK
	* SAME
	* DISCARD
	* HAD
	* CHOSE
	* GOAD
	* SEARCH
	* DRAW
	* DIE
	* LBRACE
	* EQUAL
	* GAINED
	* EXPLORES
	* COLORTERM
	* LOOK
	* SUBTYPESPELL
	* __ANON_18
	* PAY
	* LEARN
	* SHUFFLED
	* HIMSELF
	* CYCLE
	* GET
	* DEAL
	* SPEND
	* HAVE
	* CAST
	* SACRIFICE
	* A
	* DREW
	* EXERT
	* ONLY
	* ATTACHED
	* ITSELF
	* ITS
	* TAPSYMBOL
	* WITH
	* LESS
	* ADDITIONAL
	* ORDINAL
	* __ANON_17
	* __ANON_21
	* FLIP
	* AFTER
	* FATESEAL
	* PUT
	* INVESTIGATE
	* OTHER
	* ALL
	* SUBTYPECREATUREB
	* THEN
	* CONTROLLED
	* SCRY
	* HERSELF
	* MANIFEST
	* SURVEIL
	* ONTO
	* WITHOUT
	* QUALIFIER
	* PLAY
	* ZONE
	* GAIN
	* SHUFFLE
	* SACRIFICED
	* WHEN
	* PLAYERCHARACTERISTIC
	* DO
	* MILL
	* REVEALED
	* TURNED
	* SUPERTYPE
	* REGENERATE
	* UNTAPSYMBOL
	* SUBTYPEARTIFACT
	* TIMES
	* SKIP
	* WOULD
	* AN
	* CONTROL
	* TAP
	* PLAYERTERM
	* AMASS
	* DAMAGETYPE
	* WHILE
	* SUBTYPEPLANAR
	* PLAYED
	* DESTROY
	* INTO
	* UNATTACH
	* EXILE
	* ABILITYMODIFIER
	* IS
	* WHENEVER
	* SWITCH
	* THEIR
	* FOR
	* BE
	* UNATTACHED
	* PREVENT
	* CONVERT
	* ACTIVATE
	* BLOCKED
	* COUNTER
	* BEEN
	* ANY
	* GREATER
	* SUPPORT
	* ATTACK
	* CLOAK
	* SUBTYPEENCHANTMENT
	* CARDINAL
	* IT
	* THOSE
	* CHOOSE
	* THEM
	* YOUR
	* __ANON_15
	* DASH
	* INCUBATE
	* MAY
	* REMAIN
	* LOOKED
	* THE
	* NO
	* NAMEREFSYMBOL
	* __ANON_20
	* SUBTYPEPLANESWALKER
	* ASSIGN
	* FREQUENCY
	* SUBTYPECREATUREA
	* TARGET
	* NUMBER
	* CLASH
	* POPULATE
	* ABANDON
	* IN
	* ADD
	* ON
	* SEARCHED
	* REVEAL
	* MONSTROSITY
	* MELD
	* ABLE
	* WHO
	* MORE
	* RETURN
	* COMBATSTATUSMODIFIER
	* KEYWORDSTATUSMODIFIER
	* IF
	* TRANSFORM
	* ATTACKED
	* DISCOVER
	* __ANON_14
	* LEVEL
	* DOES
	* EXCHANGE
	* THAT
	* X
	* CONNIVE
	* DETAIN
	* UNTAP
	* AS
	* CREATE
	* CAN
	* DOUBLE
	* TYPE
	* ADAPT
	* EFFECTSTATUSMODIFIER
	* SUBTYPELAND
	* BECOME
	* LOSE
	* HAS
	* UP
	* LSQB
	* UNTIL
	* FIGHT
	* TURN
	* __ANON_19
	* FORAGE
	* BOLSTER
	* AT
	* OTHERWISE
	* THESE
	* DISCARDED
	* ATTACH
	* THIS
	* EACH
","Raid — When ~ enters, if you attacked this turn, ~ deals 2 damage to any target."
161,Headstrong Brute,362.1550031669999,False,"No terminal matches '.' in the current parser context, at line 2 col 51

ce as long as you control another Pirate.
                                        ^
Expected one of: 
	* DASH
	* WORD
","~ can not block.
~ has menace as long as you control another Pirate."
162,Sun-Crowned Hunters,54.86699551599986,False,"No terminal matches 'W' in the current parser context, at line 1 col 10

Enrage — Whenever ~ is dealt damage, it deals 3 d
         ^
Expected one of: 
	* UNDER
	* TAPPEDSTATUSMODIFIER
	* STAR
	* FROM
	* OBJECTCHARACTERISTIC
	* PROLIFERATE
	* SUSPECT
	* TAKE
	* NON
	* CYCLED
	* WIN
	* REMOVE
	* BLOCK
	* SAME
	* DISCARD
	* HAD
	* CHOSE
	* GOAD
	* SEARCH
	* DRAW
	* DIE
	* LBRACE
	* EQUAL
	* GAINED
	* EXPLORES
	* COLORTERM
	* LOOK
	* SUBTYPESPELL
	* __ANON_18
	* PAY
	* LEARN
	* SHUFFLED
	* HIMSELF
	* CYCLE
	* GET
	* DEAL
	* SPEND
	* HAVE
	* CAST
	* SACRIFICE
	* A
	* DREW
	* EXERT
	* ONLY
	* ATTACHED
	* ITSELF
	* ITS
	* TAPSYMBOL
	* WITH
	* LESS
	* ADDITIONAL
	* ORDINAL
	* __ANON_17
	* __ANON_21
	* FLIP
	* AFTER
	* FATESEAL
	* PUT
	* INVESTIGATE
	* OTHER
	* ALL
	* SUBTYPECREATUREB
	* THEN
	* CONTROLLED
	* SCRY
	* HERSELF
	* MANIFEST
	* SURVEIL
	* ONTO
	* WITHOUT
	* QUALIFIER
	* PLAY
	* ZONE
	* GAIN
	* SHUFFLE
	* SACRIFICED
	* WHEN
	* PLAYERCHARACTERISTIC
	* DO
	* MILL
	* REVEALED
	* TURNED
	* SUPERTYPE
	* REGENERATE
	* UNTAPSYMBOL
	* SUBTYPEARTIFACT
	* TIMES
	* SKIP
	* WOULD
	* AN
	* CONTROL
	* TAP
	* PLAYERTERM
	* AMASS
	* DAMAGETYPE
	* WHILE
	* SUBTYPEPLANAR
	* PLAYED
	* DESTROY
	* INTO
	* UNATTACH
	* EXILE
	* ABILITYMODIFIER
	* IS
	* WHENEVER
	* SWITCH
	* THEIR
	* FOR
	* BE
	* UNATTACHED
	* PREVENT
	* CONVERT
	* ACTIVATE
	* BLOCKED
	* COUNTER
	* BEEN
	* ANY
	* GREATER
	* SUPPORT
	* ATTACK
	* CLOAK
	* SUBTYPEENCHANTMENT
	* CARDINAL
	* IT
	* THOSE
	* CHOOSE
	* THEM
	* YOUR
	* __ANON_15
	* DASH
	* INCUBATE
	* MAY
	* REMAIN
	* LOOKED
	* THE
	* NO
	* NAMEREFSYMBOL
	* __ANON_20
	* SUBTYPEPLANESWALKER
	* ASSIGN
	* FREQUENCY
	* SUBTYPECREATUREA
	* TARGET
	* NUMBER
	* CLASH
	* POPULATE
	* ABANDON
	* IN
	* ADD
	* ON
	* SEARCHED
	* REVEAL
	* MONSTROSITY
	* MELD
	* ABLE
	* WHO
	* MORE
	* RETURN
	* COMBATSTATUSMODIFIER
	* KEYWORDSTATUSMODIFIER
	* IF
	* TRANSFORM
	* ATTACKED
	* DISCOVER
	* __ANON_14
	* LEVEL
	* DOES
	* EXCHANGE
	* THAT
	* X
	* CONNIVE
	* DETAIN
	* UNTAP
	* AS
	* CREATE
	* CAN
	* DOUBLE
	* TYPE
	* ADAPT
	* EFFECTSTATUSMODIFIER
	* SUBTYPELAND
	* BECOME
	* LOSE
	* HAS
	* UP
	* LSQB
	* UNTIL
	* FIGHT
	* TURN
	* __ANON_19
	* FORAGE
	* BOLSTER
	* AT
	* OTHERWISE
	* THESE
	* DISCARDED
	* ATTACH
	* THIS
	* EACH
","Enrage — Whenever ~ is dealt damage, it deals 3 damage to target opponent or planeswalker."
163,Sunbird's Invocation,27.660937214000114,False,"No terminal matches ',' in the current parser context, at line 1 col 41

Whenever you cast a spell from your hand, reveal the top X cards of your library
                                        ^
Expected one of: 
	* DASH
	* WORD
","Whenever you cast a spell from your hand, reveal the top X cards of your library, where X is that spell's mana value. You may cast a spell with mana value X or less from among cards revealed this way without paying its mana cost. Put the rest on the bottom of your library in a random order."
164,Sure Strike,25.101227500000277,False,"No terminal matches '+' in the current parser context, at line 1 col 22

Target creature gets +3/+0 and gains first strike until end o
                     ^
Expected one of: 
	* DASH
	* WORD
",Target creature gets +3/+0 and gains first strike until end of turn.
165,Swashbuckling,27.26719369600005,False,"No terminal matches '+' in the current parser context, at line 2 col 25

Enchanted creature gets +2/+2 and has haste.
                        ^
Expected one of: 
	* DASH
	* WORD
","Enchant creature
Enchanted creature gets +2/+2 and has haste."
166,Thrash of Raptors,25.613934218000395,False,"No terminal matches ',' in the current parser context, at line 1 col 40

As long as you control another Dinosaur, ~ gets +2/+0 and has trample.
                                       ^
Expected one of: 
	* DASH
	* WORD
","As long as you control another Dinosaur, ~ gets +2/+0 and has trample."
167,Tilonalli's Knight,27.11434551399998,False,"No terminal matches '~' in the current parser context, at line 1 col 10

Whenever ~ attacks, if you control a Dinosaur, ~ 
         ^
Expected one of: 
	* DASH
	* WORD
","Whenever ~ attacks, if you control a Dinosaur, ~ gets +1/+1 until end of turn."
168,Tilonalli's Skinshifter,27.122398930000145,False,"No terminal matches '~' in the current parser context, at line 2 col 10

Whenever ~ attacks, it becomes a copy of another 
         ^
Expected one of: 
	* DASH
	* WORD
","Haste
Whenever ~ attacks, it becomes a copy of another target nonlegendary attacking creature until end of turn."
169,Trove of Temptation,25.196115728999757,False,"No terminal matches '.' in the current parser context, at line 1 col 107

t least one creature each combat if able.
                                        ^
Expected one of: 
	* DASH
	* WORD
","Each opponent must attack you or a planeswalker you control with at least one creature each combat if able.
At the beginning of your end step, create a Treasure token. (it is an artifact with ""{T}, Sacrifice this artifact: Add one mana of any color."".)"
170,Vance's Blasting Cannons,26.802207404,False,"No terminal matches ',' in the current parser context, at line 1 col 32

At the beginning of your upkeep, exile the top card of your library. If
                               ^
Expected one of: 
	* DASH
	* WORD
","At the beginning of your upkeep, exile the top card of your library. If it is a nonland card, you may cast that card this turn.
Whenever you cast your third spell in a turn, you may transform ~."
171,Ancient Brontodon,3.5559996831580065e-06,False,'text',
172,Wily Goblin,26.127428651000173,False,"No terminal matches '~' in the current parser context, at line 1 col 6

When ~ enters, create a Treasure token. (it i
     ^
Expected one of: 
	* DASH
	* WORD
","When ~ enters, create a Treasure token. (it is an artifact with ""{T}, Sacrifice this artifact: Add one mana of any color."".)"
173,Atzocan Archer,23.94359615700023,False,"No terminal matches '~' in the current parser context, at line 2 col 6

When ~ enters, you may have it fight another 
     ^
Expected one of: 
	* DASH
	* WORD
","Reach
When ~ enters, you may have it fight another target creature. (Each deals damage equal to its power to the other.)"
174,Rile,245.273164318,False,"No terminal matches '.' in the current parser context, at line 1 col 95

creature gains trample until end of turn.
                                        ^
Expected one of: 
	* DASH
	* WORD
","~ deals 1 damage to target creature you control. That creature gains trample until end of turn.
Draw a card."
175,Blinding Fog,26.130811668000206,False,"No terminal matches '.' in the current parser context, at line 1 col 62

at would be dealt to creatures this turn. Creatures you control gain hexproof un
                                        ^
Expected one of: 
	* DASH
	* WORD
",Prevent all damage that would be dealt to creatures this turn. Creatures you control gain hexproof until end of turn. (They can not be the targets of spells or abilities your opponents control.)
176,Carnage Tyrant,24.21697420099963,False,"No terminal matches '.' in the current parser context, at line 1 col 32

This spell can not be countered.
                               ^
Expected one of: 
	* DASH
	* WORD
","This spell can not be countered.
Trample, hexproof"
177,Spitfire Bastion,76.63604777299997,False,"No terminal matches 'A' in the current parser context, at line 2 col 6

{T}: Add {R}.
     ^
Expected one of: 
	* UNDER
	* TAPPEDSTATUSMODIFIER
	* STAR
	* FROM
	* OBJECTCHARACTERISTIC
	* PROLIFERATE
	* SUSPECT
	* TAKE
	* NON
	* CYCLED
	* WIN
	* REMOVE
	* BLOCK
	* SAME
	* DISCARD
	* HAD
	* CHOSE
	* GOAD
	* SEARCH
	* DRAW
	* DIE
	* LBRACE
	* EQUAL
	* GAINED
	* EXPLORES
	* COLORTERM
	* LOOK
	* SUBTYPESPELL
	* __ANON_18
	* PAY
	* LEARN
	* SHUFFLED
	* HIMSELF
	* CYCLE
	* GET
	* DEAL
	* SPEND
	* HAVE
	* CAST
	* SACRIFICE
	* A
	* DREW
	* EXERT
	* ONLY
	* ATTACHED
	* ITSELF
	* ITS
	* TAPSYMBOL
	* WITH
	* LESS
	* ADDITIONAL
	* ORDINAL
	* __ANON_17
	* __ANON_21
	* FLIP
	* AFTER
	* FATESEAL
	* PUT
	* INVESTIGATE
	* OTHER
	* ALL
	* SUBTYPECREATUREB
	* THEN
	* CONTROLLED
	* SCRY
	* HERSELF
	* MANIFEST
	* SURVEIL
	* ONTO
	* WITHOUT
	* QUALIFIER
	* PLAY
	* ZONE
	* GAIN
	* SHUFFLE
	* SACRIFICED
	* WHEN
	* PLAYERCHARACTERISTIC
	* DO
	* MILL
	* REVEALED
	* TURNED
	* SUPERTYPE
	* REGENERATE
	* UNTAPSYMBOL
	* SUBTYPEARTIFACT
	* TIMES
	* SKIP
	* WOULD
	* AN
	* CONTROL
	* TAP
	* PLAYERTERM
	* AMASS
	* DAMAGETYPE
	* WHILE
	* SUBTYPEPLANAR
	* PLAYED
	* DESTROY
	* INTO
	* UNATTACH
	* EXILE
	* ABILITYMODIFIER
	* IS
	* WHENEVER
	* SWITCH
	* THEIR
	* FOR
	* BE
	* UNATTACHED
	* PREVENT
	* CONVERT
	* ACTIVATE
	* BLOCKED
	* COUNTER
	* BEEN
	* ANY
	* GREATER
	* SUPPORT
	* ATTACK
	* CLOAK
	* SUBTYPEENCHANTMENT
	* CARDINAL
	* IT
	* THOSE
	* CHOOSE
	* THEM
	* YOUR
	* __ANON_15
	* DASH
	* INCUBATE
	* MAY
	* REMAIN
	* LOOKED
	* THE
	* NO
	* NAMEREFSYMBOL
	* __ANON_20
	* SUBTYPEPLANESWALKER
	* ASSIGN
	* FREQUENCY
	* SUBTYPECREATUREA
	* TARGET
	* NUMBER
	* CLASH
	* POPULATE
	* ABANDON
	* IN
	* ADD
	* ON
	* SEARCHED
	* REVEAL
	* MONSTROSITY
	* MELD
	* ABLE
	* WHO
	* MORE
	* RETURN
	* COMBATSTATUSMODIFIER
	* KEYWORDSTATUSMODIFIER
	* IF
	* TRANSFORM
	* ATTACKED
	* DISCOVER
	* __ANON_14
	* LEVEL
	* DOES
	* EXCHANGE
	* THAT
	* X
	* CONNIVE
	* DETAIN
	* UNTAP
	* AS
	* CREATE
	* CAN
	* DOUBLE
	* TYPE
	* ADAPT
	* EFFECTSTATUSMODIFIER
	* SUBTYPELAND
	* BECOME
	* LOSE
	* HAS
	* UP
	* LSQB
	* UNTIL
	* FIGHT
	* TURN
	* __ANON_19
	* FORAGE
	* BOLSTER
	* AT
	* OTHERWISE
	* THESE
	* DISCARDED
	* ATTACH
	* THIS
	* EACH
","(Transforms from Vance's Blasting Cannons.)
{T}: Add {R}.
{2}{R}, {T}: ~ deals 3 damage to any target."
178,Colossal Dreadmaw,26.80407659499997,False,"No terminal matches '(' in the current parser context, at line 1 col 9

Trample (This creature can deal excess combat da
        ^
Expected one of: 
	* DASH
	* WORD
",Trample (This creature can deal excess combat damage to the player or planeswalker it is attacking.)
179,Blossom Dryad,50.567997557000126,False,"No terminal matches 'U' in the current parser context, at line 1 col 6

{T}: Untap target land.
     ^
Expected one of: 
	* UNDER
	* TAPPEDSTATUSMODIFIER
	* STAR
	* FROM
	* OBJECTCHARACTERISTIC
	* PROLIFERATE
	* SUSPECT
	* TAKE
	* NON
	* CYCLED
	* WIN
	* REMOVE
	* BLOCK
	* SAME
	* DISCARD
	* HAD
	* CHOSE
	* GOAD
	* SEARCH
	* DRAW
	* DIE
	* LBRACE
	* EQUAL
	* GAINED
	* EXPLORES
	* COLORTERM
	* LOOK
	* SUBTYPESPELL
	* __ANON_18
	* PAY
	* LEARN
	* SHUFFLED
	* HIMSELF
	* CYCLE
	* GET
	* DEAL
	* SPEND
	* HAVE
	* CAST
	* SACRIFICE
	* A
	* DREW
	* EXERT
	* ONLY
	* ATTACHED
	* ITSELF
	* ITS
	* TAPSYMBOL
	* WITH
	* LESS
	* ADDITIONAL
	* ORDINAL
	* __ANON_17
	* __ANON_21
	* FLIP
	* AFTER
	* FATESEAL
	* PUT
	* INVESTIGATE
	* OTHER
	* ALL
	* SUBTYPECREATUREB
	* THEN
	* CONTROLLED
	* SCRY
	* HERSELF
	* MANIFEST
	* SURVEIL
	* ONTO
	* WITHOUT
	* QUALIFIER
	* PLAY
	* ZONE
	* GAIN
	* SHUFFLE
	* SACRIFICED
	* WHEN
	* PLAYERCHARACTERISTIC
	* DO
	* MILL
	* REVEALED
	* TURNED
	* SUPERTYPE
	* REGENERATE
	* UNTAPSYMBOL
	* SUBTYPEARTIFACT
	* TIMES
	* SKIP
	* WOULD
	* AN
	* CONTROL
	* TAP
	* PLAYERTERM
	* AMASS
	* DAMAGETYPE
	* WHILE
	* SUBTYPEPLANAR
	* PLAYED
	* DESTROY
	* INTO
	* UNATTACH
	* EXILE
	* ABILITYMODIFIER
	* IS
	* WHENEVER
	* SWITCH
	* THEIR
	* FOR
	* BE
	* UNATTACHED
	* PREVENT
	* CONVERT
	* ACTIVATE
	* BLOCKED
	* COUNTER
	* BEEN
	* ANY
	* GREATER
	* SUPPORT
	* ATTACK
	* CLOAK
	* SUBTYPEENCHANTMENT
	* CARDINAL
	* IT
	* THOSE
	* CHOOSE
	* THEM
	* YOUR
	* __ANON_15
	* DASH
	* INCUBATE
	* MAY
	* REMAIN
	* LOOKED
	* THE
	* NO
	* NAMEREFSYMBOL
	* __ANON_20
	* SUBTYPEPLANESWALKER
	* ASSIGN
	* FREQUENCY
	* SUBTYPECREATUREA
	* TARGET
	* NUMBER
	* CLASH
	* POPULATE
	* ABANDON
	* IN
	* ADD
	* ON
	* SEARCHED
	* REVEAL
	* MONSTROSITY
	* MELD
	* ABLE
	* WHO
	* MORE
	* RETURN
	* COMBATSTATUSMODIFIER
	* KEYWORDSTATUSMODIFIER
	* IF
	* TRANSFORM
	* ATTACKED
	* DISCOVER
	* __ANON_14
	* LEVEL
	* DOES
	* EXCHANGE
	* THAT
	* X
	* CONNIVE
	* DETAIN
	* UNTAP
	* AS
	* CREATE
	* CAN
	* DOUBLE
	* TYPE
	* ADAPT
	* EFFECTSTATUSMODIFIER
	* SUBTYPELAND
	* BECOME
	* LOSE
	* HAS
	* UP
	* LSQB
	* UNTIL
	* FIGHT
	* TURN
	* __ANON_19
	* FORAGE
	* BOLSTER
	* AT
	* OTHERWISE
	* THESE
	* DISCARDED
	* ATTACH
	* THIS
	* EACH
",{T}: Untap target land.
180,Commune with Dinosaurs,26.473236718999942,False,"No terminal matches '.' in the current parser context, at line 1 col 43

ok at the top five cards of your library. You may reveal a Dinosaur or land card
                                        ^
Expected one of: 
	* DASH
	* WORD
",Look at the top five cards of your library. You may reveal a Dinosaur or land card from among them and put it into your hand. Put the rest on the bottom of your library in any order.
181,Crash the Ramparts,26.892290791999585,False,"No terminal matches '+' in the current parser context, at line 1 col 22

Target creature gets +3/+3 and gains trample until end of tur
                     ^
Expected one of: 
	* DASH
	* WORD
",Target creature gets +3/+3 and gains trample until end of turn.
182,Deathgorge Scavenger,26.08151872599956,False,"No terminal matches '~' in the current parser context, at line 1 col 10

Whenever ~ enters or attacks, you may exile targe
         ^
Expected one of: 
	* DASH
	* WORD
","Whenever ~ enters or attacks, you may exile target card from a graveyard. If a creature card is exiled this way, you gain 2 life. If a noncreature card is exiled this way, ~ gets +1/+1 until end of turn."
183,Deeproot Champion,26.153964815999643,False,"No terminal matches ',' in the current parser context, at line 1 col 38

Whenever you cast a noncreature spell, put a +1/+1 counter on ~.
                                     ^
Expected one of: 
	* DASH
	* WORD
","Whenever you cast a noncreature spell, put a +1/+1 counter on ~."
184,Deeproot Warrior,24.684724192999965,False,"No terminal matches '~' in the current parser context, at line 1 col 10

Whenever ~ becomes blocked, it gets +1/+1 until e
         ^
Expected one of: 
	* DASH
	* WORD
","Whenever ~ becomes blocked, it gets +1/+1 until end of turn."
185,Crushing Canopy,51.11351422700045,False,"No terminal matches '•' in the current parser context, at line 2 col 1

• Destroy target creature with flying.
^
Expected one of: 
	* UNDER
	* TAPPEDSTATUSMODIFIER
	* STAR
	* FROM
	* OBJECTCHARACTERISTIC
	* PROLIFERATE
	* SUSPECT
	* TAKE
	* NON
	* CYCLED
	* WIN
	* REMOVE
	* BLOCK
	* SAME
	* DISCARD
	* HAD
	* CHOSE
	* GOAD
	* SEARCH
	* DRAW
	* DIE
	* LBRACE
	* EQUAL
	* GAINED
	* EXPLORES
	* COLORTERM
	* LOOK
	* SUBTYPESPELL
	* __ANON_18
	* PAY
	* LEARN
	* SHUFFLED
	* HIMSELF
	* CYCLE
	* GET
	* DEAL
	* SPEND
	* HAVE
	* CAST
	* SACRIFICE
	* A
	* DREW
	* EXERT
	* ONLY
	* ATTACHED
	* ITSELF
	* ITS
	* TAPSYMBOL
	* WITH
	* LESS
	* ADDITIONAL
	* ORDINAL
	* __ANON_17
	* __ANON_21
	* FLIP
	* AFTER
	* FATESEAL
	* PUT
	* INVESTIGATE
	* OTHER
	* ALL
	* SUBTYPECREATUREB
	* THEN
	* CONTROLLED
	* SCRY
	* HERSELF
	* MANIFEST
	* SURVEIL
	* ONTO
	* WITHOUT
	* QUALIFIER
	* PLAY
	* ZONE
	* GAIN
	* SHUFFLE
	* SACRIFICED
	* WHEN
	* PLAYERCHARACTERISTIC
	* DO
	* MILL
	* REVEALED
	* TURNED
	* SUPERTYPE
	* REGENERATE
	* UNTAPSYMBOL
	* SUBTYPEARTIFACT
	* TIMES
	* SKIP
	* WOULD
	* AN
	* CONTROL
	* TAP
	* PLAYERTERM
	* AMASS
	* DAMAGETYPE
	* WHILE
	* SUBTYPEPLANAR
	* PLAYED
	* DESTROY
	* INTO
	* UNATTACH
	* EXILE
	* ABILITYMODIFIER
	* IS
	* WHENEVER
	* SWITCH
	* THEIR
	* FOR
	* BE
	* UNATTACHED
	* PREVENT
	* CONVERT
	* ACTIVATE
	* BLOCKED
	* COUNTER
	* BEEN
	* ANY
	* GREATER
	* SUPPORT
	* ATTACK
	* CLOAK
	* SUBTYPEENCHANTMENT
	* CARDINAL
	* IT
	* THOSE
	* CHOOSE
	* THEM
	* YOUR
	* __ANON_15
	* DASH
	* INCUBATE
	* MAY
	* REMAIN
	* LOOKED
	* THE
	* NO
	* NAMEREFSYMBOL
	* __ANON_20
	* SUBTYPEPLANESWALKER
	* ASSIGN
	* FREQUENCY
	* SUBTYPECREATUREA
	* TARGET
	* NUMBER
	* CLASH
	* POPULATE
	* ABANDON
	* IN
	* ADD
	* ON
	* SEARCHED
	* REVEAL
	* MONSTROSITY
	* MELD
	* ABLE
	* WHO
	* MORE
	* RETURN
	* COMBATSTATUSMODIFIER
	* KEYWORDSTATUSMODIFIER
	* IF
	* TRANSFORM
	* ATTACKED
	* DISCOVER
	* __ANON_14
	* LEVEL
	* DOES
	* EXCHANGE
	* THAT
	* X
	* CONNIVE
	* DETAIN
	* UNTAP
	* AS
	* CREATE
	* CAN
	* DOUBLE
	* TYPE
	* ADAPT
	* EFFECTSTATUSMODIFIER
	* SUBTYPELAND
	* BECOME
	* LOSE
	* HAS
	* UP
	* LSQB
	* UNTIL
	* FIGHT
	* TURN
	* __ANON_19
	* FORAGE
	* BOLSTER
	* AT
	* OTHERWISE
	* THESE
	* DISCARDED
	* ATTACH
	* THIS
	* EACH
","Choose one —
• Destroy target creature with flying.
• Destroy target enchantment."
186,Firecannon Blast,560.1214437770004,True,,"~ deals 3 damage to target creature.
Raid — ~ deals 6 damage instead if you attacked this turn."
187,Emergent Growth,26.30757683899992,False,"No terminal matches '+' in the current parser context, at line 1 col 22

Target creature gets +5/+5 until end of turn and must be bloc
                     ^
Expected one of: 
	* DASH
	* WORD
",Target creature gets +5/+5 until end of turn and must be blocked this turn if able.
188,Emperor's Vanguard,26.464256084000226,False,"No terminal matches '~' in the current parser context, at line 1 col 10

Whenever ~ deals combat damage to a player, it ex
         ^
Expected one of: 
	* DASH
	* WORD
","Whenever ~ deals combat damage to a player, it explores. (Reveal the top card of your library. Put that card into your hand if it is a land. Otherwise, put a +1/+1 counter on this creature, then put the card back or put it into your graveyard.)"
189,Grazing Whiptail,26.256002989999615,False,"Unexpected end-of-input. Expected one of: 
	* DASH
	* WORD
",Reach
190,Growing Rites of Itlimoc,24.009861819000434,False,"No terminal matches '~' in the current parser context, at line 1 col 6

When ~ enters, look at the top four cards of 
     ^
Expected one of: 
	* DASH
	* WORD
","When ~ enters, look at the top four cards of your library. You may reveal a creature card from among them and put it into your hand. Put the rest on the bottom of your library in any order.
At the beginning of your end step, if you control four or more creatures, transform ~."
191,Repeating Barrage,398.9618891230002,False,"No terminal matches 'R' in the current parser context, at line 2 col 19

Raid — {3}{R}{R}: Return ~ from your graveyard to your han
                  ^
Expected one of: 
	* UNDER
	* TAPPEDSTATUSMODIFIER
	* STAR
	* FROM
	* OBJECTCHARACTERISTIC
	* PROLIFERATE
	* SUSPECT
	* TAKE
	* NON
	* CYCLED
	* WIN
	* REMOVE
	* BLOCK
	* SAME
	* DISCARD
	* HAD
	* CHOSE
	* GOAD
	* SEARCH
	* DRAW
	* DIE
	* LBRACE
	* EQUAL
	* GAINED
	* EXPLORES
	* COLORTERM
	* LOOK
	* SUBTYPESPELL
	* __ANON_18
	* PAY
	* LEARN
	* SHUFFLED
	* HIMSELF
	* CYCLE
	* GET
	* DEAL
	* SPEND
	* HAVE
	* CAST
	* SACRIFICE
	* A
	* DREW
	* EXERT
	* ONLY
	* ATTACHED
	* ITSELF
	* ITS
	* TAPSYMBOL
	* WITH
	* LESS
	* ADDITIONAL
	* ORDINAL
	* __ANON_17
	* __ANON_21
	* FLIP
	* AFTER
	* FATESEAL
	* PUT
	* INVESTIGATE
	* OTHER
	* ALL
	* SUBTYPECREATUREB
	* THEN
	* CONTROLLED
	* SCRY
	* HERSELF
	* MANIFEST
	* SURVEIL
	* ONTO
	* WITHOUT
	* QUALIFIER
	* PLAY
	* ZONE
	* GAIN
	* SHUFFLE
	* SACRIFICED
	* WHEN
	* PLAYERCHARACTERISTIC
	* DO
	* MILL
	* REVEALED
	* TURNED
	* SUPERTYPE
	* REGENERATE
	* UNTAPSYMBOL
	* SUBTYPEARTIFACT
	* TIMES
	* SKIP
	* WOULD
	* AN
	* CONTROL
	* TAP
	* PLAYERTERM
	* AMASS
	* DAMAGETYPE
	* WHILE
	* SUBTYPEPLANAR
	* PLAYED
	* DESTROY
	* INTO
	* UNATTACH
	* EXILE
	* ABILITYMODIFIER
	* IS
	* WHENEVER
	* SWITCH
	* THEIR
	* FOR
	* BE
	* UNATTACHED
	* PREVENT
	* CONVERT
	* ACTIVATE
	* BLOCKED
	* COUNTER
	* BEEN
	* ANY
	* GREATER
	* SUPPORT
	* ATTACK
	* CLOAK
	* SUBTYPEENCHANTMENT
	* CARDINAL
	* IT
	* THOSE
	* CHOOSE
	* THEM
	* YOUR
	* __ANON_15
	* DASH
	* INCUBATE
	* MAY
	* REMAIN
	* LOOKED
	* THE
	* NO
	* NAMEREFSYMBOL
	* __ANON_20
	* SUBTYPEPLANESWALKER
	* ASSIGN
	* FREQUENCY
	* SUBTYPECREATUREA
	* TARGET
	* NUMBER
	* CLASH
	* POPULATE
	* ABANDON
	* IN
	* ADD
	* ON
	* SEARCHED
	* REVEAL
	* MONSTROSITY
	* MELD
	* ABLE
	* WHO
	* MORE
	* RETURN
	* COMBATSTATUSMODIFIER
	* KEYWORDSTATUSMODIFIER
	* IF
	* TRANSFORM
	* ATTACKED
	* DISCOVER
	* __ANON_14
	* LEVEL
	* DOES
	* EXCHANGE
	* THAT
	* X
	* CONNIVE
	* DETAIN
	* UNTAP
	* AS
	* CREATE
	* CAN
	* DOUBLE
	* TYPE
	* ADAPT
	* EFFECTSTATUSMODIFIER
	* SUBTYPELAND
	* BECOME
	* LOSE
	* HAS
	* UP
	* LSQB
	* UNTIL
	* FIGHT
	* TURN
	* __ANON_19
	* FORAGE
	* BOLSTER
	* AT
	* OTHERWISE
	* THESE
	* DISCARDED
	* ATTACH
	* THIS
	* EACH
","~ deals 3 damage to any target.
Raid — {3}{R}{R}: Return ~ from your graveyard to your hand. Activate only if you attacked this turn."
192,Ixalli's Diviner,26.65547849200084,False,"No terminal matches '~' in the current parser context, at line 1 col 6

When ~ enters, it explores. (Reveal the top c
     ^
Expected one of: 
	* DASH
	* WORD
","When ~ enters, it explores. (Reveal the top card of your library. Put that card into your hand if it is a land. Otherwise, put a +1/+1 counter on this creature, then put the card back or put it into your graveyard.)"
193,Jade Guardian,26.402570223999646,False,"No terminal matches '(' in the current parser context, at line 1 col 10

Hexproof (This creature can not be the target of 
         ^
Expected one of: 
	* DASH
	* WORD
","Hexproof (This creature can not be the target of spells or abilities your opponents control.)
When ~ enters, put a +1/+1 counter on target Merfolk you control."
194,Merfolk Branchwalker,26.248028433999934,False,"No terminal matches '~' in the current parser context, at line 1 col 6

When ~ enters, it explores. (Reveal the top c
     ^
Expected one of: 
	* DASH
	* WORD
","When ~ enters, it explores. (Reveal the top card of your library. Put that card into your hand if it is a land. Otherwise, put a +1/+1 counter on this creature, then put the card back or put it into your graveyard.)"
195,Rigging Runner,431.31088122799974,True,,"First strike
Raid — ~ enters with a +1/+1 counter on it if you attacked this turn."
196,"Itlimoc, Cradle of the Sun",74.88194529700013,False,"No terminal matches 'A' in the current parser context, at line 2 col 6

{T}: Add {G}.
     ^
Expected one of: 
	* UNDER
	* TAPPEDSTATUSMODIFIER
	* STAR
	* FROM
	* OBJECTCHARACTERISTIC
	* PROLIFERATE
	* SUSPECT
	* TAKE
	* NON
	* CYCLED
	* WIN
	* REMOVE
	* BLOCK
	* SAME
	* DISCARD
	* HAD
	* CHOSE
	* GOAD
	* SEARCH
	* DRAW
	* DIE
	* LBRACE
	* EQUAL
	* GAINED
	* EXPLORES
	* COLORTERM
	* LOOK
	* SUBTYPESPELL
	* __ANON_18
	* PAY
	* LEARN
	* SHUFFLED
	* HIMSELF
	* CYCLE
	* GET
	* DEAL
	* SPEND
	* HAVE
	* CAST
	* SACRIFICE
	* A
	* DREW
	* EXERT
	* ONLY
	* ATTACHED
	* ITSELF
	* ITS
	* TAPSYMBOL
	* WITH
	* LESS
	* ADDITIONAL
	* ORDINAL
	* __ANON_17
	* __ANON_21
	* FLIP
	* AFTER
	* FATESEAL
	* PUT
	* INVESTIGATE
	* OTHER
	* ALL
	* SUBTYPECREATUREB
	* THEN
	* CONTROLLED
	* SCRY
	* HERSELF
	* MANIFEST
	* SURVEIL
	* ONTO
	* WITHOUT
	* QUALIFIER
	* PLAY
	* ZONE
	* GAIN
	* SHUFFLE
	* SACRIFICED
	* WHEN
	* PLAYERCHARACTERISTIC
	* DO
	* MILL
	* REVEALED
	* TURNED
	* SUPERTYPE
	* REGENERATE
	* UNTAPSYMBOL
	* SUBTYPEARTIFACT
	* TIMES
	* SKIP
	* WOULD
	* AN
	* CONTROL
	* TAP
	* PLAYERTERM
	* AMASS
	* DAMAGETYPE
	* WHILE
	* SUBTYPEPLANAR
	* PLAYED
	* DESTROY
	* INTO
	* UNATTACH
	* EXILE
	* ABILITYMODIFIER
	* IS
	* WHENEVER
	* SWITCH
	* THEIR
	* FOR
	* BE
	* UNATTACHED
	* PREVENT
	* CONVERT
	* ACTIVATE
	* BLOCKED
	* COUNTER
	* BEEN
	* ANY
	* GREATER
	* SUPPORT
	* ATTACK
	* CLOAK
	* SUBTYPEENCHANTMENT
	* CARDINAL
	* IT
	* THOSE
	* CHOOSE
	* THEM
	* YOUR
	* __ANON_15
	* DASH
	* INCUBATE
	* MAY
	* REMAIN
	* LOOKED
	* THE
	* NO
	* NAMEREFSYMBOL
	* __ANON_20
	* SUBTYPEPLANESWALKER
	* ASSIGN
	* FREQUENCY
	* SUBTYPECREATUREA
	* TARGET
	* NUMBER
	* CLASH
	* POPULATE
	* ABANDON
	* IN
	* ADD
	* ON
	* SEARCHED
	* REVEAL
	* MONSTROSITY
	* MELD
	* ABLE
	* WHO
	* MORE
	* RETURN
	* COMBATSTATUSMODIFIER
	* KEYWORDSTATUSMODIFIER
	* IF
	* TRANSFORM
	* ATTACKED
	* DISCOVER
	* __ANON_14
	* LEVEL
	* DOES
	* EXCHANGE
	* THAT
	* X
	* CONNIVE
	* DETAIN
	* UNTAP
	* AS
	* CREATE
	* CAN
	* DOUBLE
	* TYPE
	* ADAPT
	* EFFECTSTATUSMODIFIER
	* SUBTYPELAND
	* BECOME
	* LOSE
	* HAS
	* UP
	* LSQB
	* UNTIL
	* FIGHT
	* TURN
	* __ANON_19
	* FORAGE
	* BOLSTER
	* AT
	* OTHERWISE
	* THESE
	* DISCARDED
	* ATTACH
	* THIS
	* EACH
","(Transforms from Growing Rites of ~.)
{T}: Add {G}.
{T}: Add {G} for each creature you control."
197,Unfriendly Fire,249.61793717299997,True,,~ deals 4 damage to any target.
198,New Horizons,24.295314434999455,False,"No terminal matches '~' in the current parser context, at line 2 col 6

When ~ enters, put a +1/+1 counter on target 
     ^
Expected one of: 
	* DASH
	* WORD
","Enchant land
When ~ enters, put a +1/+1 counter on target creature you control.
Enchanted land has ""{T}: Add two mana of any one color.""."
199,Old-Growth Dryads,26.304110557999593,False,"No terminal matches '~' in the current parser context, at line 1 col 6

When ~ enters, each opponent may search their
     ^
Expected one of: 
	* DASH
	* WORD
","When ~ enters, each opponent may search their library for a basic land card, put it onto the battlefield tapped, then shuffle."
200,Pounce,26.46637185399959,False,"No terminal matches '.' in the current parser context, at line 1 col 70

ights target creature you do not control. (Each deals damage equal to its power 
                                        ^
Expected one of: 
	* DASH
	* WORD
",Target creature you control fights target creature you do not control. (Each deals damage equal to its power to the other.)
201,Ixalli's Keeper,109.3922310400003,False,"No terminal matches 'S' in the current parser context, at line 1 col 14

{7}{G}, {T}, Sacrifice ~: Target creature gets +5/+5 
             ^
Expected one of: 
	* UNDER
	* TAPPEDSTATUSMODIFIER
	* STAR
	* FROM
	* OBJECTCHARACTERISTIC
	* PROLIFERATE
	* SUSPECT
	* TAKE
	* NON
	* CYCLED
	* WIN
	* REMOVE
	* BLOCK
	* SAME
	* DISCARD
	* CHOSE
	* GOAD
	* SEARCH
	* DRAW
	* DIE
	* LBRACE
	* EXPLORES
	* GAINED
	* EQUAL
	* COLORTERM
	* LOOK
	* SUBTYPESPELL
	* __ANON_18
	* PAY
	* LEARN
	* SHUFFLED
	* HIMSELF
	* CYCLE
	* GET
	* DEAL
	* SPEND
	* CAST
	* SACRIFICE
	* DREW
	* A
	* EXERT
	* ONLY
	* ATTACHED
	* ITSELF
	* ITS
	* WITH
	* TAPSYMBOL
	* LESS
	* ADDITIONAL
	* ORDINAL
	* __ANON_17
	* __ANON_21
	* FLIP
	* FATESEAL
	* PUT
	* INVESTIGATE
	* OTHER
	* ALL
	* SUBTYPECREATUREB
	* CONTROLLED
	* SCRY
	* HERSELF
	* MANIFEST
	* SURVEIL
	* ONTO
	* WITHOUT
	* QUALIFIER
	* PLAY
	* ZONE
	* GAIN
	* SHUFFLE
	* SACRIFICED
	* PLAYERCHARACTERISTIC
	* MILL
	* REVEALED
	* TURNED
	* SUPERTYPE
	* REGENERATE
	* UNTAPSYMBOL
	* SUBTYPEARTIFACT
	* TIMES
	* SKIP
	* AN
	* CONTROL
	* TAP
	* PLAYERTERM
	* AMASS
	* DAMAGETYPE
	* SUBTYPEPLANAR
	* PLAYED
	* DESTROY
	* INTO
	* UNATTACH
	* EXILE
	* ABILITYMODIFIER
	* SWITCH
	* THEIR
	* UNATTACHED
	* PREVENT
	* CONVERT
	* ACTIVATE
	* BLOCKED
	* COUNTER
	* CLOAK
	* SUPPORT
	* ANY
	* ATTACK
	* GREATER
	* SUBTYPEENCHANTMENT
	* CARDINAL
	* IT
	* THOSE
	* CHOOSE
	* THEM
	* YOUR
	* __ANON_15
	* INCUBATE
	* REMAIN
	* LOOKED
	* THE
	* NO
	* NAMEREFSYMBOL
	* __ANON_20
	* SUBTYPEPLANESWALKER
	* ASSIGN
	* FREQUENCY
	* SUBTYPECREATUREA
	* TARGET
	* NUMBER
	* CLASH
	* POPULATE
	* ABANDON
	* IN
	* ADD
	* ON
	* SEARCHED
	* REVEAL
	* MONSTROSITY
	* MELD
	* ABLE
	* WHO
	* MORE
	* RETURN
	* COMBATSTATUSMODIFIER
	* KEYWORDSTATUSMODIFIER
	* TRANSFORM
	* ATTACKED
	* DISCOVER
	* __ANON_14
	* LEVEL
	* EXCHANGE
	* THAT
	* X
	* CONNIVE
	* DETAIN
	* UNTAP
	* CREATE
	* DOUBLE
	* TYPE
	* ADAPT
	* EFFECTSTATUSMODIFIER
	* SUBTYPELAND
	* LOSE
	* UP
	* LSQB
	* FIGHT
	* TURN
	* __ANON_19
	* FORAGE
	* BOLSTER
	* THESE
	* DISCARDED
	* ATTACH
	* THIS
	* EACH
","{7}{G}, {T}, Sacrifice ~: Target creature gets +5/+5 and gains trample until end of turn."
202,Jungle Delver,94.60856639700069,False,"No terminal matches 'P' in the current parser context, at line 1 col 9

{3}{G}: Put a +1/+1 counter on ~.
        ^
Expected one of: 
	* UNDER
	* TAPPEDSTATUSMODIFIER
	* STAR
	* FROM
	* OBJECTCHARACTERISTIC
	* PROLIFERATE
	* SUSPECT
	* TAKE
	* NON
	* CYCLED
	* WIN
	* REMOVE
	* BLOCK
	* SAME
	* DISCARD
	* HAD
	* CHOSE
	* GOAD
	* SEARCH
	* DRAW
	* DIE
	* LBRACE
	* EQUAL
	* GAINED
	* EXPLORES
	* COLORTERM
	* LOOK
	* SUBTYPESPELL
	* __ANON_18
	* PAY
	* LEARN
	* SHUFFLED
	* HIMSELF
	* CYCLE
	* GET
	* DEAL
	* SPEND
	* HAVE
	* CAST
	* SACRIFICE
	* A
	* DREW
	* EXERT
	* ONLY
	* ATTACHED
	* ITSELF
	* ITS
	* TAPSYMBOL
	* WITH
	* LESS
	* ADDITIONAL
	* ORDINAL
	* __ANON_17
	* __ANON_21
	* FLIP
	* AFTER
	* FATESEAL
	* PUT
	* INVESTIGATE
	* OTHER
	* ALL
	* SUBTYPECREATUREB
	* THEN
	* CONTROLLED
	* SCRY
	* HERSELF
	* MANIFEST
	* SURVEIL
	* ONTO
	* WITHOUT
	* QUALIFIER
	* PLAY
	* ZONE
	* GAIN
	* SHUFFLE
	* SACRIFICED
	* WHEN
	* PLAYERCHARACTERISTIC
	* DO
	* MILL
	* REVEALED
	* TURNED
	* SUPERTYPE
	* REGENERATE
	* UNTAPSYMBOL
	* SUBTYPEARTIFACT
	* TIMES
	* SKIP
	* WOULD
	* AN
	* CONTROL
	* TAP
	* PLAYERTERM
	* AMASS
	* DAMAGETYPE
	* WHILE
	* SUBTYPEPLANAR
	* PLAYED
	* DESTROY
	* INTO
	* UNATTACH
	* EXILE
	* ABILITYMODIFIER
	* IS
	* WHENEVER
	* SWITCH
	* THEIR
	* FOR
	* BE
	* UNATTACHED
	* PREVENT
	* CONVERT
	* ACTIVATE
	* BLOCKED
	* COUNTER
	* BEEN
	* ANY
	* GREATER
	* SUPPORT
	* ATTACK
	* CLOAK
	* SUBTYPEENCHANTMENT
	* CARDINAL
	* IT
	* THOSE
	* CHOOSE
	* THEM
	* YOUR
	* __ANON_15
	* DASH
	* INCUBATE
	* MAY
	* REMAIN
	* LOOKED
	* THE
	* NO
	* NAMEREFSYMBOL
	* __ANON_20
	* SUBTYPEPLANESWALKER
	* ASSIGN
	* FREQUENCY
	* SUBTYPECREATUREA
	* TARGET
	* NUMBER
	* CLASH
	* POPULATE
	* ABANDON
	* IN
	* ADD
	* ON
	* SEARCHED
	* REVEAL
	* MONSTROSITY
	* MELD
	* ABLE
	* WHO
	* MORE
	* RETURN
	* COMBATSTATUSMODIFIER
	* KEYWORDSTATUSMODIFIER
	* IF
	* TRANSFORM
	* ATTACKED
	* DISCOVER
	* __ANON_14
	* LEVEL
	* DOES
	* EXCHANGE
	* THAT
	* X
	* CONNIVE
	* DETAIN
	* UNTAP
	* AS
	* CREATE
	* CAN
	* DOUBLE
	* TYPE
	* ADAPT
	* EFFECTSTATUSMODIFIER
	* SUBTYPELAND
	* BECOME
	* LOSE
	* HAS
	* UP
	* LSQB
	* UNTIL
	* FIGHT
	* TURN
	* __ANON_19
	* FORAGE
	* BOLSTER
	* AT
	* OTHERWISE
	* THESE
	* DISCARDED
	* ATTACH
	* THIS
	* EACH
",{3}{G}: Put a +1/+1 counter on ~.
203,River Heralds' Boon,25.13821086400003,False,"No terminal matches '+' in the current parser context, at line 1 col 7

Put a +1/+1 counter on target creature and a +
      ^
Expected one of: 
	* DASH
	* WORD
",Put a +1/+1 counter on target creature and a +1/+1 counter on up to one target Merfolk.
204,Ranging Raptors,51.68761526199978,False,"No terminal matches 'W' in the current parser context, at line 1 col 10

Enrage — Whenever ~ is dealt damage, you may sear
         ^
Expected one of: 
	* UNDER
	* TAPPEDSTATUSMODIFIER
	* STAR
	* FROM
	* OBJECTCHARACTERISTIC
	* PROLIFERATE
	* SUSPECT
	* TAKE
	* NON
	* CYCLED
	* WIN
	* REMOVE
	* BLOCK
	* SAME
	* DISCARD
	* HAD
	* CHOSE
	* GOAD
	* SEARCH
	* DRAW
	* DIE
	* LBRACE
	* EQUAL
	* GAINED
	* EXPLORES
	* COLORTERM
	* LOOK
	* SUBTYPESPELL
	* __ANON_18
	* PAY
	* LEARN
	* SHUFFLED
	* HIMSELF
	* CYCLE
	* GET
	* DEAL
	* SPEND
	* HAVE
	* CAST
	* SACRIFICE
	* A
	* DREW
	* EXERT
	* ONLY
	* ATTACHED
	* ITSELF
	* ITS
	* TAPSYMBOL
	* WITH
	* LESS
	* ADDITIONAL
	* ORDINAL
	* __ANON_17
	* __ANON_21
	* FLIP
	* AFTER
	* FATESEAL
	* PUT
	* INVESTIGATE
	* OTHER
	* ALL
	* SUBTYPECREATUREB
	* THEN
	* CONTROLLED
	* SCRY
	* HERSELF
	* MANIFEST
	* SURVEIL
	* ONTO
	* WITHOUT
	* QUALIFIER
	* PLAY
	* ZONE
	* GAIN
	* SHUFFLE
	* SACRIFICED
	* WHEN
	* PLAYERCHARACTERISTIC
	* DO
	* MILL
	* REVEALED
	* TURNED
	* SUPERTYPE
	* REGENERATE
	* UNTAPSYMBOL
	* SUBTYPEARTIFACT
	* TIMES
	* SKIP
	* WOULD
	* AN
	* CONTROL
	* TAP
	* PLAYERTERM
	* AMASS
	* DAMAGETYPE
	* WHILE
	* SUBTYPEPLANAR
	* PLAYED
	* DESTROY
	* INTO
	* UNATTACH
	* EXILE
	* ABILITYMODIFIER
	* IS
	* WHENEVER
	* SWITCH
	* THEIR
	* FOR
	* BE
	* UNATTACHED
	* PREVENT
	* CONVERT
	* ACTIVATE
	* BLOCKED
	* COUNTER
	* BEEN
	* ANY
	* GREATER
	* SUPPORT
	* ATTACK
	* CLOAK
	* SUBTYPEENCHANTMENT
	* CARDINAL
	* IT
	* THOSE
	* CHOOSE
	* THEM
	* YOUR
	* __ANON_15
	* DASH
	* INCUBATE
	* MAY
	* REMAIN
	* LOOKED
	* THE
	* NO
	* NAMEREFSYMBOL
	* __ANON_20
	* SUBTYPEPLANESWALKER
	* ASSIGN
	* FREQUENCY
	* SUBTYPECREATUREA
	* TARGET
	* NUMBER
	* CLASH
	* POPULATE
	* ABANDON
	* IN
	* ADD
	* ON
	* SEARCHED
	* REVEAL
	* MONSTROSITY
	* MELD
	* ABLE
	* WHO
	* MORE
	* RETURN
	* COMBATSTATUSMODIFIER
	* KEYWORDSTATUSMODIFIER
	* IF
	* TRANSFORM
	* ATTACKED
	* DISCOVER
	* __ANON_14
	* LEVEL
	* DOES
	* EXCHANGE
	* THAT
	* X
	* CONNIVE
	* DETAIN
	* UNTAP
	* AS
	* CREATE
	* CAN
	* DOUBLE
	* TYPE
	* ADAPT
	* EFFECTSTATUSMODIFIER
	* SUBTYPELAND
	* BECOME
	* LOSE
	* HAS
	* UP
	* LSQB
	* UNTIL
	* FIGHT
	* TURN
	* __ANON_19
	* FORAGE
	* BOLSTER
	* AT
	* OTHERWISE
	* THESE
	* DISCARDED
	* ATTACH
	* THIS
	* EACH
","Enrage — Whenever ~ is dealt damage, you may search your library for a basic land card, put it onto the battlefield tapped, then shuffle."
205,Drover of the Mighty,165.92852450700047,False,"No terminal matches '.' in the current parser context, at line 1 col 47

 +2/+2 as long as you control a Dinosaur.
                                        ^
Expected one of: 
	* DASH
	* WORD
","~ gets +2/+2 as long as you control a Dinosaur.
{T}: Add one mana of any color."
206,Ravenous Daggertooth,51.03630777499984,False,"No terminal matches 'W' in the current parser context, at line 1 col 10

Enrage — Whenever ~ is dealt damage, you gain 2 l
         ^
Expected one of: 
	* UNDER
	* TAPPEDSTATUSMODIFIER
	* STAR
	* FROM
	* OBJECTCHARACTERISTIC
	* PROLIFERATE
	* SUSPECT
	* TAKE
	* NON
	* CYCLED
	* WIN
	* REMOVE
	* BLOCK
	* SAME
	* DISCARD
	* HAD
	* CHOSE
	* GOAD
	* SEARCH
	* DRAW
	* DIE
	* LBRACE
	* EQUAL
	* GAINED
	* EXPLORES
	* COLORTERM
	* LOOK
	* SUBTYPESPELL
	* __ANON_18
	* PAY
	* LEARN
	* SHUFFLED
	* HIMSELF
	* CYCLE
	* GET
	* DEAL
	* SPEND
	* HAVE
	* CAST
	* SACRIFICE
	* A
	* DREW
	* EXERT
	* ONLY
	* ATTACHED
	* ITSELF
	* ITS
	* TAPSYMBOL
	* WITH
	* LESS
	* ADDITIONAL
	* ORDINAL
	* __ANON_17
	* __ANON_21
	* FLIP
	* AFTER
	* FATESEAL
	* PUT
	* INVESTIGATE
	* OTHER
	* ALL
	* SUBTYPECREATUREB
	* THEN
	* CONTROLLED
	* SCRY
	* HERSELF
	* MANIFEST
	* SURVEIL
	* ONTO
	* WITHOUT
	* QUALIFIER
	* PLAY
	* ZONE
	* GAIN
	* SHUFFLE
	* SACRIFICED
	* WHEN
	* PLAYERCHARACTERISTIC
	* DO
	* MILL
	* REVEALED
	* TURNED
	* SUPERTYPE
	* REGENERATE
	* UNTAPSYMBOL
	* SUBTYPEARTIFACT
	* TIMES
	* SKIP
	* WOULD
	* AN
	* CONTROL
	* TAP
	* PLAYERTERM
	* AMASS
	* DAMAGETYPE
	* WHILE
	* SUBTYPEPLANAR
	* PLAYED
	* DESTROY
	* INTO
	* UNATTACH
	* EXILE
	* ABILITYMODIFIER
	* IS
	* WHENEVER
	* SWITCH
	* THEIR
	* FOR
	* BE
	* UNATTACHED
	* PREVENT
	* CONVERT
	* ACTIVATE
	* BLOCKED
	* COUNTER
	* BEEN
	* ANY
	* GREATER
	* SUPPORT
	* ATTACK
	* CLOAK
	* SUBTYPEENCHANTMENT
	* CARDINAL
	* IT
	* THOSE
	* CHOOSE
	* THEM
	* YOUR
	* __ANON_15
	* DASH
	* INCUBATE
	* MAY
	* REMAIN
	* LOOKED
	* THE
	* NO
	* NAMEREFSYMBOL
	* __ANON_20
	* SUBTYPEPLANESWALKER
	* ASSIGN
	* FREQUENCY
	* SUBTYPECREATUREA
	* TARGET
	* NUMBER
	* CLASH
	* POPULATE
	* ABANDON
	* IN
	* ADD
	* ON
	* SEARCHED
	* REVEAL
	* MONSTROSITY
	* MELD
	* ABLE
	* WHO
	* MORE
	* RETURN
	* COMBATSTATUSMODIFIER
	* KEYWORDSTATUSMODIFIER
	* IF
	* TRANSFORM
	* ATTACKED
	* DISCOVER
	* __ANON_14
	* LEVEL
	* DOES
	* EXCHANGE
	* THAT
	* X
	* CONNIVE
	* DETAIN
	* UNTAP
	* AS
	* CREATE
	* CAN
	* DOUBLE
	* TYPE
	* ADAPT
	* EFFECTSTATUSMODIFIER
	* SUBTYPELAND
	* BECOME
	* LOSE
	* HAS
	* UP
	* LSQB
	* UNTIL
	* FIGHT
	* TURN
	* __ANON_19
	* FORAGE
	* BOLSTER
	* AT
	* OTHERWISE
	* THESE
	* DISCARDED
	* ATTACH
	* THIS
	* EACH
","Enrage — Whenever ~ is dealt damage, you gain 2 life."
207,Ripjaw Raptor,50.75067869800023,False,"No terminal matches 'W' in the current parser context, at line 1 col 10

Enrage — Whenever ~ is dealt damage, draw a card.
         ^
Expected one of: 
	* UNDER
	* TAPPEDSTATUSMODIFIER
	* STAR
	* FROM
	* OBJECTCHARACTERISTIC
	* PROLIFERATE
	* SUSPECT
	* TAKE
	* NON
	* CYCLED
	* WIN
	* REMOVE
	* BLOCK
	* SAME
	* DISCARD
	* HAD
	* CHOSE
	* GOAD
	* SEARCH
	* DRAW
	* DIE
	* LBRACE
	* EQUAL
	* GAINED
	* EXPLORES
	* COLORTERM
	* LOOK
	* SUBTYPESPELL
	* __ANON_18
	* PAY
	* LEARN
	* SHUFFLED
	* HIMSELF
	* CYCLE
	* GET
	* DEAL
	* SPEND
	* HAVE
	* CAST
	* SACRIFICE
	* A
	* DREW
	* EXERT
	* ONLY
	* ATTACHED
	* ITSELF
	* ITS
	* TAPSYMBOL
	* WITH
	* LESS
	* ADDITIONAL
	* ORDINAL
	* __ANON_17
	* __ANON_21
	* FLIP
	* AFTER
	* FATESEAL
	* PUT
	* INVESTIGATE
	* OTHER
	* ALL
	* SUBTYPECREATUREB
	* THEN
	* CONTROLLED
	* SCRY
	* HERSELF
	* MANIFEST
	* SURVEIL
	* ONTO
	* WITHOUT
	* QUALIFIER
	* PLAY
	* ZONE
	* GAIN
	* SHUFFLE
	* SACRIFICED
	* WHEN
	* PLAYERCHARACTERISTIC
	* DO
	* MILL
	* REVEALED
	* TURNED
	* SUPERTYPE
	* REGENERATE
	* UNTAPSYMBOL
	* SUBTYPEARTIFACT
	* TIMES
	* SKIP
	* WOULD
	* AN
	* CONTROL
	* TAP
	* PLAYERTERM
	* AMASS
	* DAMAGETYPE
	* WHILE
	* SUBTYPEPLANAR
	* PLAYED
	* DESTROY
	* INTO
	* UNATTACH
	* EXILE
	* ABILITYMODIFIER
	* IS
	* WHENEVER
	* SWITCH
	* THEIR
	* FOR
	* BE
	* UNATTACHED
	* PREVENT
	* CONVERT
	* ACTIVATE
	* BLOCKED
	* COUNTER
	* BEEN
	* ANY
	* GREATER
	* SUPPORT
	* ATTACK
	* CLOAK
	* SUBTYPEENCHANTMENT
	* CARDINAL
	* IT
	* THOSE
	* CHOOSE
	* THEM
	* YOUR
	* __ANON_15
	* DASH
	* INCUBATE
	* MAY
	* REMAIN
	* LOOKED
	* THE
	* NO
	* NAMEREFSYMBOL
	* __ANON_20
	* SUBTYPEPLANESWALKER
	* ASSIGN
	* FREQUENCY
	* SUBTYPECREATUREA
	* TARGET
	* NUMBER
	* CLASH
	* POPULATE
	* ABANDON
	* IN
	* ADD
	* ON
	* SEARCHED
	* REVEAL
	* MONSTROSITY
	* MELD
	* ABLE
	* WHO
	* MORE
	* RETURN
	* COMBATSTATUSMODIFIER
	* KEYWORDSTATUSMODIFIER
	* IF
	* TRANSFORM
	* ATTACKED
	* DISCOVER
	* __ANON_14
	* LEVEL
	* DOES
	* EXCHANGE
	* THAT
	* X
	* CONNIVE
	* DETAIN
	* UNTAP
	* AS
	* CREATE
	* CAN
	* DOUBLE
	* TYPE
	* ADAPT
	* EFFECTSTATUSMODIFIER
	* SUBTYPELAND
	* BECOME
	* LOSE
	* HAS
	* UP
	* LSQB
	* UNTIL
	* FIGHT
	* TURN
	* __ANON_19
	* FORAGE
	* BOLSTER
	* AT
	* OTHERWISE
	* THESE
	* DISCARDED
	* ATTACH
	* THIS
	* EACH
","Enrage — Whenever ~ is dealt damage, draw a card."
208,Savage Stomp,25.213727596999888,False,"No terminal matches '{' in the current parser context, at line 1 col 18

This spell costs {2} less to cast if it targets a Dinosau
                 ^
Expected one of: 
	* DASH
	* WORD
","This spell costs {2} less to cast if it targets a Dinosaur you control.
Put a +1/+1 counter on target creature you control. Then that creature fights target creature you do not control. (Each deals damage equal to its power to the other.)"
209,Shapers' Sanctuary,25.24753279200013,False,"No terminal matches ',' in the current parser context, at line 1 col 94

 a spell or ability an opponent controls, you may draw a card.
                                        ^
Expected one of: 
	* DASH
	* WORD
","Whenever a creature you control becomes the target of a spell or ability an opponent controls, you may draw a card."
210,Slice in Twain,26.898596859999998,False,"No terminal matches '.' in the current parser context, at line 1 col 39

Destroy target artifact or enchantment.
                                      ^
Expected one of: 
	* DASH
	* WORD
","Destroy target artifact or enchantment.
Draw a card."
211,Thundering Spineback,26.381167254000502,False,"No terminal matches '+' in the current parser context, at line 1 col 33

Other Dinosaurs you control get +1/+1.
                                ^
Expected one of: 
	* DASH
	* WORD
","Other Dinosaurs you control get +1/+1.
{5}{G}: Create a 3/3 green Dinosaur creature token with trample. (It can deal excess combat damage to the player or planeswalker it is attacking.)"
212,Tishana's Wayfinder,26.3758135879998,False,"No terminal matches '~' in the current parser context, at line 1 col 6

When ~ enters, it explores. (Reveal the top c
     ^
Expected one of: 
	* DASH
	* WORD
","When ~ enters, it explores. (Reveal the top card of your library. Put that card into your hand if it is a land. Otherwise, put a +1/+1 counter on this creature, then put the card back or put it into your graveyard.)"
213,Verdant Rebirth,26.663857479999933,False,"No terminal matches ',' in the current parser context, at line 1 col 18

Until end of turn, target creature gains ""When this creat
                 ^
Expected one of: 
	* DASH
	* WORD
","Until end of turn, target creature gains ""When this creature dies, return it to its owner's hand."".
Draw a card."
214,Verdant Sun's Avatar,26.763394237000284,False,"No terminal matches '~' in the current parser context, at line 1 col 10

Whenever ~ or another creature you control enters
         ^
Expected one of: 
	* DASH
	* WORD
","Whenever ~ or another creature you control enters, you gain life equal to that creature's toughness."
215,Vineshaper Mystic,26.782480736000252,False,"No terminal matches '~' in the current parser context, at line 1 col 6

When ~ enters, put a +1/+1 counter on each of
     ^
Expected one of: 
	* DASH
	* WORD
","When ~ enters, put a +1/+1 counter on each of up to two target Merfolk you control."
216,Snapping Sailback,51.54862192899964,False,"No terminal matches 'W' in the current parser context, at line 2 col 10

Enrage — Whenever ~ is dealt damage, put a +1/+1 
         ^
Expected one of: 
	* UNDER
	* TAPPEDSTATUSMODIFIER
	* STAR
	* FROM
	* OBJECTCHARACTERISTIC
	* PROLIFERATE
	* SUSPECT
	* TAKE
	* NON
	* CYCLED
	* WIN
	* REMOVE
	* BLOCK
	* SAME
	* DISCARD
	* HAD
	* CHOSE
	* GOAD
	* SEARCH
	* DRAW
	* DIE
	* LBRACE
	* EQUAL
	* GAINED
	* EXPLORES
	* COLORTERM
	* LOOK
	* SUBTYPESPELL
	* __ANON_18
	* PAY
	* LEARN
	* SHUFFLED
	* HIMSELF
	* CYCLE
	* GET
	* DEAL
	* SPEND
	* HAVE
	* CAST
	* SACRIFICE
	* A
	* DREW
	* EXERT
	* ONLY
	* ATTACHED
	* ITSELF
	* ITS
	* TAPSYMBOL
	* WITH
	* LESS
	* ADDITIONAL
	* ORDINAL
	* __ANON_17
	* __ANON_21
	* FLIP
	* AFTER
	* FATESEAL
	* PUT
	* INVESTIGATE
	* OTHER
	* ALL
	* SUBTYPECREATUREB
	* THEN
	* CONTROLLED
	* SCRY
	* HERSELF
	* MANIFEST
	* SURVEIL
	* ONTO
	* WITHOUT
	* QUALIFIER
	* PLAY
	* ZONE
	* GAIN
	* SHUFFLE
	* SACRIFICED
	* WHEN
	* PLAYERCHARACTERISTIC
	* DO
	* MILL
	* REVEALED
	* TURNED
	* SUPERTYPE
	* REGENERATE
	* UNTAPSYMBOL
	* SUBTYPEARTIFACT
	* TIMES
	* SKIP
	* WOULD
	* AN
	* CONTROL
	* TAP
	* PLAYERTERM
	* AMASS
	* DAMAGETYPE
	* WHILE
	* SUBTYPEPLANAR
	* PLAYED
	* DESTROY
	* INTO
	* UNATTACH
	* EXILE
	* ABILITYMODIFIER
	* IS
	* WHENEVER
	* SWITCH
	* THEIR
	* FOR
	* BE
	* UNATTACHED
	* PREVENT
	* CONVERT
	* ACTIVATE
	* BLOCKED
	* COUNTER
	* BEEN
	* ANY
	* GREATER
	* SUPPORT
	* ATTACK
	* CLOAK
	* SUBTYPEENCHANTMENT
	* CARDINAL
	* IT
	* THOSE
	* CHOOSE
	* THEM
	* YOUR
	* __ANON_15
	* DASH
	* INCUBATE
	* MAY
	* REMAIN
	* LOOKED
	* THE
	* NO
	* NAMEREFSYMBOL
	* __ANON_20
	* SUBTYPEPLANESWALKER
	* ASSIGN
	* FREQUENCY
	* SUBTYPECREATUREA
	* TARGET
	* NUMBER
	* CLASH
	* POPULATE
	* ABANDON
	* IN
	* ADD
	* ON
	* SEARCHED
	* REVEAL
	* MONSTROSITY
	* MELD
	* ABLE
	* WHO
	* MORE
	* RETURN
	* COMBATSTATUSMODIFIER
	* KEYWORDSTATUSMODIFIER
	* IF
	* TRANSFORM
	* ATTACKED
	* DISCOVER
	* __ANON_14
	* LEVEL
	* DOES
	* EXCHANGE
	* THAT
	* X
	* CONNIVE
	* DETAIN
	* UNTAP
	* AS
	* CREATE
	* CAN
	* DOUBLE
	* TYPE
	* ADAPT
	* EFFECTSTATUSMODIFIER
	* SUBTYPELAND
	* BECOME
	* LOSE
	* HAS
	* UP
	* LSQB
	* UNTIL
	* FIGHT
	* TURN
	* __ANON_19
	* FORAGE
	* BOLSTER
	* AT
	* OTHERWISE
	* THESE
	* DISCARDED
	* ATTACH
	* THIS
	* EACH
","Flash
Enrage — Whenever ~ is dealt damage, put a +1/+1 counter on it. (It must survive the damage to get the counter.)"
217,Wildgrowth Walker,24.832762600000024,False,"No terminal matches ',' in the current parser context, at line 1 col 41

Whenever a creature you control explores, put a +1/+1 counter on ~ and you gain 
                                        ^
Expected one of: 
	* DASH
	* WORD
","Whenever a creature you control explores, put a +1/+1 counter on ~ and you gain 3 life."
218,Admiral Beckett Brass,26.89381248800055,False,"No terminal matches '+' in the current parser context, at line 1 col 31

Other Pirates you control get +1/+1.
                              ^
Expected one of: 
	* DASH
	* WORD
","Other Pirates you control get +1/+1.
At the beginning of your end step, gain control of target nonland permanent controlled by a player who was dealt combat damage by three or more Pirates this turn."
219,Belligerent Brontodon,27.33868145499946,False,"No terminal matches '.' in the current parser context, at line 1 col 93

l to its toughness rather than its power.
                                        ^
Expected one of: 
	* DASH
	* WORD
",Each creature you control assigns combat damage equal to its toughness rather than its power.
220,Call to the Feast,26.830764338000336,False,"No terminal matches '1' in the current parser context, at line 1 col 14

Create three 1/1 white Vampire creature tokens with l
             ^
Expected one of: 
	* DASH
	* WORD
",Create three 1/1 white Vampire creature tokens with lifelink.
221,Dire Fleet Captain,26.228200395000385,False,"No terminal matches '~' in the current parser context, at line 1 col 10

Whenever ~ attacks, it gets +1/+1 until end of tu
         ^
Expected one of: 
	* DASH
	* WORD
","Whenever ~ attacks, it gets +1/+1 until end of turn for each other attacking Pirate."
222,"Gishath, Sun's Avatar",26.38178579199939,False,"No terminal matches ',' in the current parser context, at line 1 col 10

Vigilance, trample, haste
         ^
Expected one of: 
	* DASH
	* WORD
","Vigilance, trample, haste
Whenever ~f deals combat damage to a player, reveal that many cards from the top of your library. Put any number of Dinosaur creature cards from among them onto the battlefield and the rest on the bottom of your library in a random order."
223,Hostage Taker,24.48051001099975,False,"No terminal matches '~' in the current parser context, at line 1 col 6

When ~ enters, exile another target creature 
     ^
Expected one of: 
	* DASH
	* WORD
","When ~ enters, exile another target creature or artifact until ~ leaves the battlefield. You may cast that card for as long as it remains exiled, and mana of any type can be spent to cast that spell."
224,Kumena's Speaker,206.12186223400022,False,"No terminal matches '.' in the current parser context, at line 1 col 65

you control another Merfolk or an Island.
                                        ^
Expected one of: 
	* DASH
	* WORD
",~ gets +1/+1 as long as you control another Merfolk or an Island.
225,Raging Swordtooth,24.29837435399986,False,"No terminal matches '~' in the current parser context, at line 2 col 6

When ~ enters, it deals 1 damage to each othe
     ^
Expected one of: 
	* DASH
	* WORD
","Trample
When ~ enters, it deals 1 damage to each other creature."
226,Regisaur Alpha,24.48175252100009,False,"No terminal matches '.' in the current parser context, at line 1 col 39

Other Dinosaurs you control have haste.
                                      ^
Expected one of: 
	* DASH
	* WORD
","Other Dinosaurs you control have haste.
When ~ enters, create a 3/3 green Dinosaur creature token with trample."
227,"Huatli, Warrior Poet",49.86088783800005,False,"No terminal matches 'Y' in the current parser context, at line 1 col 7

[+2]: You gain life equal to the greatest powe
      ^
Expected one of: 
	* UNDER
	* TAPPEDSTATUSMODIFIER
	* STAR
	* FROM
	* OBJECTCHARACTERISTIC
	* PROLIFERATE
	* SUSPECT
	* TAKE
	* NON
	* CYCLED
	* WIN
	* REMOVE
	* BLOCK
	* SAME
	* DISCARD
	* HAD
	* CHOSE
	* GOAD
	* SEARCH
	* DRAW
	* DIE
	* LBRACE
	* EQUAL
	* GAINED
	* EXPLORES
	* COLORTERM
	* LOOK
	* SUBTYPESPELL
	* __ANON_18
	* PAY
	* LEARN
	* SHUFFLED
	* HIMSELF
	* CYCLE
	* GET
	* DEAL
	* SPEND
	* HAVE
	* CAST
	* SACRIFICE
	* A
	* DREW
	* EXERT
	* ONLY
	* ATTACHED
	* ITSELF
	* ITS
	* TAPSYMBOL
	* WITH
	* LESS
	* ADDITIONAL
	* ORDINAL
	* __ANON_17
	* __ANON_21
	* FLIP
	* AFTER
	* FATESEAL
	* PUT
	* INVESTIGATE
	* OTHER
	* ALL
	* SUBTYPECREATUREB
	* THEN
	* CONTROLLED
	* SCRY
	* HERSELF
	* MANIFEST
	* SURVEIL
	* ONTO
	* WITHOUT
	* QUALIFIER
	* PLAY
	* ZONE
	* GAIN
	* SHUFFLE
	* SACRIFICED
	* WHEN
	* PLAYERCHARACTERISTIC
	* DO
	* MILL
	* REVEALED
	* TURNED
	* SUPERTYPE
	* REGENERATE
	* UNTAPSYMBOL
	* SUBTYPEARTIFACT
	* TIMES
	* SKIP
	* WOULD
	* AN
	* CONTROL
	* TAP
	* PLAYERTERM
	* AMASS
	* DAMAGETYPE
	* WHILE
	* SUBTYPEPLANAR
	* PLAYED
	* DESTROY
	* INTO
	* UNATTACH
	* EXILE
	* ABILITYMODIFIER
	* IS
	* WHENEVER
	* SWITCH
	* THEIR
	* FOR
	* BE
	* UNATTACHED
	* PREVENT
	* CONVERT
	* ACTIVATE
	* BLOCKED
	* COUNTER
	* BEEN
	* ANY
	* GREATER
	* SUPPORT
	* ATTACK
	* CLOAK
	* SUBTYPEENCHANTMENT
	* CARDINAL
	* IT
	* THOSE
	* CHOOSE
	* THEM
	* YOUR
	* __ANON_15
	* DASH
	* INCUBATE
	* MAY
	* REMAIN
	* LOOKED
	* THE
	* NO
	* NAMEREFSYMBOL
	* __ANON_20
	* SUBTYPEPLANESWALKER
	* ASSIGN
	* FREQUENCY
	* SUBTYPECREATUREA
	* TARGET
	* NUMBER
	* CLASH
	* POPULATE
	* ABANDON
	* IN
	* ADD
	* ON
	* SEARCHED
	* REVEAL
	* MONSTROSITY
	* MELD
	* ABLE
	* WHO
	* MORE
	* RETURN
	* COMBATSTATUSMODIFIER
	* KEYWORDSTATUSMODIFIER
	* IF
	* TRANSFORM
	* ATTACKED
	* DISCOVER
	* __ANON_14
	* LEVEL
	* DOES
	* EXCHANGE
	* THAT
	* X
	* CONNIVE
	* DETAIN
	* UNTAP
	* AS
	* CREATE
	* CAN
	* DOUBLE
	* TYPE
	* ADAPT
	* EFFECTSTATUSMODIFIER
	* SUBTYPELAND
	* BECOME
	* LOSE
	* HAS
	* UP
	* LSQB
	* UNTIL
	* FIGHT
	* TURN
	* __ANON_19
	* FORAGE
	* BOLSTER
	* AT
	* OTHERWISE
	* THESE
	* DISCARDED
	* ATTACH
	* THIS
	* EACH
","[+2]: You gain life equal to the greatest power among creatures you control.
[0]: Create a 3/3 green Dinosaur creature token with trample.
[−X]: ~f deals X damage divided as you choose among any number of target creatures. Creatures dealt damage this way can not block this turn."
228,Marauding Looter,49.52674411699991,False,"No terminal matches 'A' in the current parser context, at line 1 col 8

Raid — At the beginning of your end step, if yo
       ^
Expected one of: 
	* UNDER
	* TAPPEDSTATUSMODIFIER
	* STAR
	* FROM
	* OBJECTCHARACTERISTIC
	* PROLIFERATE
	* SUSPECT
	* TAKE
	* NON
	* CYCLED
	* WIN
	* REMOVE
	* BLOCK
	* SAME
	* DISCARD
	* HAD
	* CHOSE
	* GOAD
	* SEARCH
	* DRAW
	* DIE
	* LBRACE
	* EQUAL
	* GAINED
	* EXPLORES
	* COLORTERM
	* LOOK
	* SUBTYPESPELL
	* __ANON_18
	* PAY
	* LEARN
	* SHUFFLED
	* HIMSELF
	* CYCLE
	* GET
	* DEAL
	* SPEND
	* HAVE
	* CAST
	* SACRIFICE
	* A
	* DREW
	* EXERT
	* ONLY
	* ATTACHED
	* ITSELF
	* ITS
	* TAPSYMBOL
	* WITH
	* LESS
	* ADDITIONAL
	* ORDINAL
	* __ANON_17
	* __ANON_21
	* FLIP
	* AFTER
	* FATESEAL
	* PUT
	* INVESTIGATE
	* OTHER
	* ALL
	* SUBTYPECREATUREB
	* THEN
	* CONTROLLED
	* SCRY
	* HERSELF
	* MANIFEST
	* SURVEIL
	* ONTO
	* WITHOUT
	* QUALIFIER
	* PLAY
	* ZONE
	* GAIN
	* SHUFFLE
	* SACRIFICED
	* WHEN
	* PLAYERCHARACTERISTIC
	* DO
	* MILL
	* REVEALED
	* TURNED
	* SUPERTYPE
	* REGENERATE
	* UNTAPSYMBOL
	* SUBTYPEARTIFACT
	* TIMES
	* SKIP
	* WOULD
	* AN
	* CONTROL
	* TAP
	* PLAYERTERM
	* AMASS
	* DAMAGETYPE
	* WHILE
	* SUBTYPEPLANAR
	* PLAYED
	* DESTROY
	* INTO
	* UNATTACH
	* EXILE
	* ABILITYMODIFIER
	* IS
	* WHENEVER
	* SWITCH
	* THEIR
	* FOR
	* BE
	* UNATTACHED
	* PREVENT
	* CONVERT
	* ACTIVATE
	* BLOCKED
	* COUNTER
	* BEEN
	* ANY
	* GREATER
	* SUPPORT
	* ATTACK
	* CLOAK
	* SUBTYPEENCHANTMENT
	* CARDINAL
	* IT
	* THOSE
	* CHOOSE
	* THEM
	* YOUR
	* __ANON_15
	* DASH
	* INCUBATE
	* MAY
	* REMAIN
	* LOOKED
	* THE
	* NO
	* NAMEREFSYMBOL
	* __ANON_20
	* SUBTYPEPLANESWALKER
	* ASSIGN
	* FREQUENCY
	* SUBTYPECREATUREA
	* TARGET
	* NUMBER
	* CLASH
	* POPULATE
	* ABANDON
	* IN
	* ADD
	* ON
	* SEARCHED
	* REVEAL
	* MONSTROSITY
	* MELD
	* ABLE
	* WHO
	* MORE
	* RETURN
	* COMBATSTATUSMODIFIER
	* KEYWORDSTATUSMODIFIER
	* IF
	* TRANSFORM
	* ATTACKED
	* DISCOVER
	* __ANON_14
	* LEVEL
	* DOES
	* EXCHANGE
	* THAT
	* X
	* CONNIVE
	* DETAIN
	* UNTAP
	* AS
	* CREATE
	* CAN
	* DOUBLE
	* TYPE
	* ADAPT
	* EFFECTSTATUSMODIFIER
	* SUBTYPELAND
	* BECOME
	* LOSE
	* HAS
	* UP
	* LSQB
	* UNTIL
	* FIGHT
	* TURN
	* __ANON_19
	* FORAGE
	* BOLSTER
	* AT
	* OTHERWISE
	* THESE
	* DISCARDED
	* ATTACH
	* THIS
	* EACH
","Raid — At the beginning of your end step, if you attacked this turn, you may draw a card. If you do, discard a card."
229,Sky Terror,26.109706729999743,False,"No terminal matches ',' in the current parser context, at line 1 col 7

Flying, menace
      ^
Expected one of: 
	* DASH
	* WORD
","Flying, menace"
230,"Vona, Butcher of Magan",26.37511502599955,False,"No terminal matches ',' in the current parser context, at line 1 col 10

Vigilance, lifelink
         ^
Expected one of: 
	* DASH
	* WORD
","Vigilance, lifelink
{T}, Pay 7 life: Destroy target nonland permanent. Activate only during your turn."
231,Waker of the Wilds,114.15278133900028,False,"No terminal matches 'P' in the current parser context, at line 1 col 12

{X}{G}{G}: Put X +1/+1 counters on target land you 
           ^
Expected one of: 
	* UNDER
	* TAPPEDSTATUSMODIFIER
	* STAR
	* FROM
	* OBJECTCHARACTERISTIC
	* PROLIFERATE
	* SUSPECT
	* TAKE
	* NON
	* CYCLED
	* WIN
	* REMOVE
	* BLOCK
	* SAME
	* DISCARD
	* HAD
	* CHOSE
	* GOAD
	* SEARCH
	* DRAW
	* DIE
	* LBRACE
	* EQUAL
	* GAINED
	* EXPLORES
	* COLORTERM
	* LOOK
	* SUBTYPESPELL
	* __ANON_18
	* PAY
	* LEARN
	* SHUFFLED
	* HIMSELF
	* CYCLE
	* GET
	* DEAL
	* SPEND
	* HAVE
	* CAST
	* SACRIFICE
	* A
	* DREW
	* EXERT
	* ONLY
	* ATTACHED
	* ITSELF
	* ITS
	* TAPSYMBOL
	* WITH
	* LESS
	* ADDITIONAL
	* ORDINAL
	* __ANON_17
	* __ANON_21
	* FLIP
	* AFTER
	* FATESEAL
	* PUT
	* INVESTIGATE
	* OTHER
	* ALL
	* SUBTYPECREATUREB
	* THEN
	* CONTROLLED
	* SCRY
	* HERSELF
	* MANIFEST
	* SURVEIL
	* ONTO
	* WITHOUT
	* QUALIFIER
	* PLAY
	* ZONE
	* GAIN
	* SHUFFLE
	* SACRIFICED
	* WHEN
	* PLAYERCHARACTERISTIC
	* DO
	* MILL
	* REVEALED
	* TURNED
	* SUPERTYPE
	* REGENERATE
	* UNTAPSYMBOL
	* SUBTYPEARTIFACT
	* TIMES
	* SKIP
	* WOULD
	* AN
	* CONTROL
	* TAP
	* PLAYERTERM
	* AMASS
	* DAMAGETYPE
	* WHILE
	* SUBTYPEPLANAR
	* PLAYED
	* DESTROY
	* INTO
	* UNATTACH
	* EXILE
	* ABILITYMODIFIER
	* IS
	* WHENEVER
	* SWITCH
	* THEIR
	* FOR
	* BE
	* UNATTACHED
	* PREVENT
	* CONVERT
	* ACTIVATE
	* BLOCKED
	* COUNTER
	* BEEN
	* ANY
	* GREATER
	* SUPPORT
	* ATTACK
	* CLOAK
	* SUBTYPEENCHANTMENT
	* CARDINAL
	* IT
	* THOSE
	* CHOOSE
	* THEM
	* YOUR
	* __ANON_15
	* DASH
	* INCUBATE
	* MAY
	* REMAIN
	* LOOKED
	* THE
	* NO
	* NAMEREFSYMBOL
	* __ANON_20
	* SUBTYPEPLANESWALKER
	* ASSIGN
	* FREQUENCY
	* SUBTYPECREATUREA
	* TARGET
	* NUMBER
	* CLASH
	* POPULATE
	* ABANDON
	* IN
	* ADD
	* ON
	* SEARCHED
	* REVEAL
	* MONSTROSITY
	* MELD
	* ABLE
	* WHO
	* MORE
	* RETURN
	* COMBATSTATUSMODIFIER
	* KEYWORDSTATUSMODIFIER
	* IF
	* TRANSFORM
	* ATTACKED
	* DISCOVER
	* __ANON_14
	* LEVEL
	* DOES
	* EXCHANGE
	* THAT
	* X
	* CONNIVE
	* DETAIN
	* UNTAP
	* AS
	* CREATE
	* CAN
	* DOUBLE
	* TYPE
	* ADAPT
	* EFFECTSTATUSMODIFIER
	* SUBTYPELAND
	* BECOME
	* LOSE
	* HAS
	* UP
	* LSQB
	* UNTIL
	* FIGHT
	* TURN
	* __ANON_19
	* FORAGE
	* BOLSTER
	* AT
	* OTHERWISE
	* THESE
	* DISCARDED
	* ATTACH
	* THIS
	* EACH
",{X}{G}{G}: Put X +1/+1 counters on target land you control. That land becomes a 0/0 Elemental creature with haste. it is still a land.
232,Cobbled Wings,26.12570500000038,False,"No terminal matches '.' in the current parser context, at line 1 col 29

Equipped creature has flying.
                            ^
Expected one of: 
	* DASH
	* WORD
","Equipped creature has flying.
Equip {1} ({1}: Attach to target creature you control. Equip only as a sorcery.)"
233,Conqueror's Galleon,26.18889939699966,False,"No terminal matches '~' in the current parser context, at line 1 col 6

When ~ attacks, exile it at end of combat, th
     ^
Expected one of: 
	* DASH
	* WORD
","When ~ attacks, exile it at end of combat, then return it to the battlefield transformed under your control.
Crew 4 (Tap any number of creatures you control with total power 4 or more: This Vehicle becomes an artifact creature until end of turn.)"
234,"Vraska, Relic Seeker",49.70973599999979,False,"No terminal matches 'C' in the current parser context, at line 1 col 7

[+2]: Create a 2/2 black Pirate creature token
      ^
Expected one of: 
	* UNDER
	* TAPPEDSTATUSMODIFIER
	* STAR
	* FROM
	* OBJECTCHARACTERISTIC
	* PROLIFERATE
	* SUSPECT
	* TAKE
	* NON
	* CYCLED
	* WIN
	* REMOVE
	* BLOCK
	* SAME
	* DISCARD
	* HAD
	* CHOSE
	* GOAD
	* SEARCH
	* DRAW
	* DIE
	* LBRACE
	* EQUAL
	* GAINED
	* EXPLORES
	* COLORTERM
	* LOOK
	* SUBTYPESPELL
	* __ANON_18
	* PAY
	* LEARN
	* SHUFFLED
	* HIMSELF
	* CYCLE
	* GET
	* DEAL
	* SPEND
	* HAVE
	* CAST
	* SACRIFICE
	* A
	* DREW
	* EXERT
	* ONLY
	* ATTACHED
	* ITSELF
	* ITS
	* TAPSYMBOL
	* WITH
	* LESS
	* ADDITIONAL
	* ORDINAL
	* __ANON_17
	* __ANON_21
	* FLIP
	* AFTER
	* FATESEAL
	* PUT
	* INVESTIGATE
	* OTHER
	* ALL
	* SUBTYPECREATUREB
	* THEN
	* CONTROLLED
	* SCRY
	* HERSELF
	* MANIFEST
	* SURVEIL
	* ONTO
	* WITHOUT
	* QUALIFIER
	* PLAY
	* ZONE
	* GAIN
	* SHUFFLE
	* SACRIFICED
	* WHEN
	* PLAYERCHARACTERISTIC
	* DO
	* MILL
	* REVEALED
	* TURNED
	* SUPERTYPE
	* REGENERATE
	* UNTAPSYMBOL
	* SUBTYPEARTIFACT
	* TIMES
	* SKIP
	* WOULD
	* AN
	* CONTROL
	* TAP
	* PLAYERTERM
	* AMASS
	* DAMAGETYPE
	* WHILE
	* SUBTYPEPLANAR
	* PLAYED
	* DESTROY
	* INTO
	* UNATTACH
	* EXILE
	* ABILITYMODIFIER
	* IS
	* WHENEVER
	* SWITCH
	* THEIR
	* FOR
	* BE
	* UNATTACHED
	* PREVENT
	* CONVERT
	* ACTIVATE
	* BLOCKED
	* COUNTER
	* BEEN
	* ANY
	* GREATER
	* SUPPORT
	* ATTACK
	* CLOAK
	* SUBTYPEENCHANTMENT
	* CARDINAL
	* IT
	* THOSE
	* CHOOSE
	* THEM
	* YOUR
	* __ANON_15
	* DASH
	* INCUBATE
	* MAY
	* REMAIN
	* LOOKED
	* THE
	* NO
	* NAMEREFSYMBOL
	* __ANON_20
	* SUBTYPEPLANESWALKER
	* ASSIGN
	* FREQUENCY
	* SUBTYPECREATUREA
	* TARGET
	* NUMBER
	* CLASH
	* POPULATE
	* ABANDON
	* IN
	* ADD
	* ON
	* SEARCHED
	* REVEAL
	* MONSTROSITY
	* MELD
	* ABLE
	* WHO
	* MORE
	* RETURN
	* COMBATSTATUSMODIFIER
	* KEYWORDSTATUSMODIFIER
	* IF
	* TRANSFORM
	* ATTACKED
	* DISCOVER
	* __ANON_14
	* LEVEL
	* DOES
	* EXCHANGE
	* THAT
	* X
	* CONNIVE
	* DETAIN
	* UNTAP
	* AS
	* CREATE
	* CAN
	* DOUBLE
	* TYPE
	* ADAPT
	* EFFECTSTATUSMODIFIER
	* SUBTYPELAND
	* BECOME
	* LOSE
	* HAS
	* UP
	* LSQB
	* UNTIL
	* FIGHT
	* TURN
	* __ANON_19
	* FORAGE
	* BOLSTER
	* AT
	* OTHERWISE
	* THESE
	* DISCARDED
	* ATTACH
	* THIS
	* EACH
","[+2]: Create a 2/2 black Pirate creature token with menace.
[−3]: Destroy target artifact, creature, or enchantment. Create a Treasure token. (it is an artifact with ""{T}, Sacrifice this artifact: Add one mana of any color."".)
[−10]: Target player's life total becomes 1."
235,Dowsing Dagger,26.053872546000093,False,"No terminal matches '~' in the current parser context, at line 1 col 6

When ~ enters, target opponent creates two 0/
     ^
Expected one of: 
	* DASH
	* WORD
","When ~ enters, target opponent creates two 0/2 green Plant creature tokens with defender.
Equipped creature gets +2/+1.
Whenever equipped creature deals combat damage to a player, you may transform ~.
Equip {2}"
236,Shapers of Nature,91.99360233100015,False,"No terminal matches 'P' in the current parser context, at line 1 col 9

{3}{G}: Put a +1/+1 counter on target creature.
        ^
Expected one of: 
	* UNDER
	* TAPPEDSTATUSMODIFIER
	* STAR
	* FROM
	* OBJECTCHARACTERISTIC
	* PROLIFERATE
	* SUSPECT
	* TAKE
	* NON
	* CYCLED
	* WIN
	* REMOVE
	* BLOCK
	* SAME
	* DISCARD
	* HAD
	* CHOSE
	* GOAD
	* SEARCH
	* DRAW
	* DIE
	* LBRACE
	* EQUAL
	* GAINED
	* EXPLORES
	* COLORTERM
	* LOOK
	* SUBTYPESPELL
	* __ANON_18
	* PAY
	* LEARN
	* SHUFFLED
	* HIMSELF
	* CYCLE
	* GET
	* DEAL
	* SPEND
	* HAVE
	* CAST
	* SACRIFICE
	* A
	* DREW
	* EXERT
	* ONLY
	* ATTACHED
	* ITSELF
	* ITS
	* TAPSYMBOL
	* WITH
	* LESS
	* ADDITIONAL
	* ORDINAL
	* __ANON_17
	* __ANON_21
	* FLIP
	* AFTER
	* FATESEAL
	* PUT
	* INVESTIGATE
	* OTHER
	* ALL
	* SUBTYPECREATUREB
	* THEN
	* CONTROLLED
	* SCRY
	* HERSELF
	* MANIFEST
	* SURVEIL
	* ONTO
	* WITHOUT
	* QUALIFIER
	* PLAY
	* ZONE
	* GAIN
	* SHUFFLE
	* SACRIFICED
	* WHEN
	* PLAYERCHARACTERISTIC
	* DO
	* MILL
	* REVEALED
	* TURNED
	* SUPERTYPE
	* REGENERATE
	* UNTAPSYMBOL
	* SUBTYPEARTIFACT
	* TIMES
	* SKIP
	* WOULD
	* AN
	* CONTROL
	* TAP
	* PLAYERTERM
	* AMASS
	* DAMAGETYPE
	* WHILE
	* SUBTYPEPLANAR
	* PLAYED
	* DESTROY
	* INTO
	* UNATTACH
	* EXILE
	* ABILITYMODIFIER
	* IS
	* WHENEVER
	* SWITCH
	* THEIR
	* FOR
	* BE
	* UNATTACHED
	* PREVENT
	* CONVERT
	* ACTIVATE
	* BLOCKED
	* COUNTER
	* BEEN
	* ANY
	* GREATER
	* SUPPORT
	* ATTACK
	* CLOAK
	* SUBTYPEENCHANTMENT
	* CARDINAL
	* IT
	* THOSE
	* CHOOSE
	* THEM
	* YOUR
	* __ANON_15
	* DASH
	* INCUBATE
	* MAY
	* REMAIN
	* LOOKED
	* THE
	* NO
	* NAMEREFSYMBOL
	* __ANON_20
	* SUBTYPEPLANESWALKER
	* ASSIGN
	* FREQUENCY
	* SUBTYPECREATUREA
	* TARGET
	* NUMBER
	* CLASH
	* POPULATE
	* ABANDON
	* IN
	* ADD
	* ON
	* SEARCHED
	* REVEAL
	* MONSTROSITY
	* MELD
	* ABLE
	* WHO
	* MORE
	* RETURN
	* COMBATSTATUSMODIFIER
	* KEYWORDSTATUSMODIFIER
	* IF
	* TRANSFORM
	* ATTACKED
	* DISCOVER
	* __ANON_14
	* LEVEL
	* DOES
	* EXCHANGE
	* THAT
	* X
	* CONNIVE
	* DETAIN
	* UNTAP
	* AS
	* CREATE
	* CAN
	* DOUBLE
	* TYPE
	* ADAPT
	* EFFECTSTATUSMODIFIER
	* SUBTYPELAND
	* BECOME
	* LOSE
	* HAS
	* UP
	* LSQB
	* UNTIL
	* FIGHT
	* TURN
	* __ANON_19
	* FORAGE
	* BOLSTER
	* AT
	* OTHERWISE
	* THESE
	* DISCARDED
	* ATTACH
	* THIS
	* EACH
","{3}{G}: Put a +1/+1 counter on target creature.
{2}{U}, Remove a +1/+1 counter from a creature you control: Draw a card."
237,Dusk Legion Dreadnought,26.135753067000223,False,"No terminal matches '2' in the current parser context, at line 2 col 6

Crew 2 (Tap any number of creatures you contr
     ^
Expected one of: 
	* DASH
	* WORD
","Vigilance
Crew 2 (Tap any number of creatures you control with total power 2 or more: This Vehicle becomes an artifact creature until end of turn.)"
238,Gilded Sentinel,3.6669998735305853e-06,False,'text',
239,Fell Flagship,26.142832422000538,False,"No terminal matches '+' in the current parser context, at line 1 col 25

Pirates you control get +1/+0.
                        ^
Expected one of: 
	* DASH
	* WORD
","Pirates you control get +1/+0.
Whenever ~ deals combat damage to a player, that player discards a card.
Crew 3 (Tap any number of creatures you control with total power 3 or more: This Vehicle becomes an artifact creature until end of turn.)"
240,Conqueror's Foothold,77.0461989180003,False,"No terminal matches 'A' in the current parser context, at line 2 col 6

{T}: Add {C}.
     ^
Expected one of: 
	* UNDER
	* TAPPEDSTATUSMODIFIER
	* STAR
	* FROM
	* OBJECTCHARACTERISTIC
	* PROLIFERATE
	* SUSPECT
	* TAKE
	* NON
	* CYCLED
	* WIN
	* REMOVE
	* BLOCK
	* SAME
	* DISCARD
	* HAD
	* CHOSE
	* GOAD
	* SEARCH
	* DRAW
	* DIE
	* LBRACE
	* EQUAL
	* GAINED
	* EXPLORES
	* COLORTERM
	* LOOK
	* SUBTYPESPELL
	* __ANON_18
	* PAY
	* LEARN
	* SHUFFLED
	* HIMSELF
	* CYCLE
	* GET
	* DEAL
	* SPEND
	* HAVE
	* CAST
	* SACRIFICE
	* A
	* DREW
	* EXERT
	* ONLY
	* ATTACHED
	* ITSELF
	* ITS
	* TAPSYMBOL
	* WITH
	* LESS
	* ADDITIONAL
	* ORDINAL
	* __ANON_17
	* __ANON_21
	* FLIP
	* AFTER
	* FATESEAL
	* PUT
	* INVESTIGATE
	* OTHER
	* ALL
	* SUBTYPECREATUREB
	* THEN
	* CONTROLLED
	* SCRY
	* HERSELF
	* MANIFEST
	* SURVEIL
	* ONTO
	* WITHOUT
	* QUALIFIER
	* PLAY
	* ZONE
	* GAIN
	* SHUFFLE
	* SACRIFICED
	* WHEN
	* PLAYERCHARACTERISTIC
	* DO
	* MILL
	* REVEALED
	* TURNED
	* SUPERTYPE
	* REGENERATE
	* UNTAPSYMBOL
	* SUBTYPEARTIFACT
	* TIMES
	* SKIP
	* WOULD
	* AN
	* CONTROL
	* TAP
	* PLAYERTERM
	* AMASS
	* DAMAGETYPE
	* WHILE
	* SUBTYPEPLANAR
	* PLAYED
	* DESTROY
	* INTO
	* UNATTACH
	* EXILE
	* ABILITYMODIFIER
	* IS
	* WHENEVER
	* SWITCH
	* THEIR
	* FOR
	* BE
	* UNATTACHED
	* PREVENT
	* CONVERT
	* ACTIVATE
	* BLOCKED
	* COUNTER
	* BEEN
	* ANY
	* GREATER
	* SUPPORT
	* ATTACK
	* CLOAK
	* SUBTYPEENCHANTMENT
	* CARDINAL
	* IT
	* THOSE
	* CHOOSE
	* THEM
	* YOUR
	* __ANON_15
	* DASH
	* INCUBATE
	* MAY
	* REMAIN
	* LOOKED
	* THE
	* NO
	* NAMEREFSYMBOL
	* __ANON_20
	* SUBTYPEPLANESWALKER
	* ASSIGN
	* FREQUENCY
	* SUBTYPECREATUREA
	* TARGET
	* NUMBER
	* CLASH
	* POPULATE
	* ABANDON
	* IN
	* ADD
	* ON
	* SEARCHED
	* REVEAL
	* MONSTROSITY
	* MELD
	* ABLE
	* WHO
	* MORE
	* RETURN
	* COMBATSTATUSMODIFIER
	* KEYWORDSTATUSMODIFIER
	* IF
	* TRANSFORM
	* ATTACKED
	* DISCOVER
	* __ANON_14
	* LEVEL
	* DOES
	* EXCHANGE
	* THAT
	* X
	* CONNIVE
	* DETAIN
	* UNTAP
	* AS
	* CREATE
	* CAN
	* DOUBLE
	* TYPE
	* ADAPT
	* EFFECTSTATUSMODIFIER
	* SUBTYPELAND
	* BECOME
	* LOSE
	* HAS
	* UP
	* LSQB
	* UNTIL
	* FIGHT
	* TURN
	* __ANON_19
	* FORAGE
	* BOLSTER
	* AT
	* OTHERWISE
	* THESE
	* DISCARDED
	* ATTACH
	* THIS
	* EACH
","(Transforms from Conqueror's Galleon.)
{T}: Add {C}.
{2}, {T}: Draw a card, then discard a card.
{4}, {T}: Draw a card.
{6}, {T}: Return target card from your graveyard to your hand."
241,Hierophant's Chalice,23.982485860000452,False,"No terminal matches '~' in the current parser context, at line 1 col 6

When ~ enters, target opponent loses 1 life a
     ^
Expected one of: 
	* DASH
	* WORD
","When ~ enters, target opponent loses 1 life and you gain 1 life.
{T}: Add {C}."
242,Pillar of Origins,24.354118080000262,False,"No terminal matches '~' in the current parser context, at line 1 col 4

As ~ enters, choose a creature type.
   ^
Expected one of: 
	* DASH
	* WORD
","As ~ enters, choose a creature type.
{T}: Add one mana of any color. Spend this mana only to cast a creature spell of the chosen type."
243,Lost Vale,76.53551018499911,False,"No terminal matches 'A' in the current parser context, at line 2 col 6

{T}: Add three mana of any one color.
     ^
Expected one of: 
	* UNDER
	* TAPPEDSTATUSMODIFIER
	* STAR
	* FROM
	* OBJECTCHARACTERISTIC
	* PROLIFERATE
	* SUSPECT
	* TAKE
	* NON
	* CYCLED
	* WIN
	* REMOVE
	* BLOCK
	* SAME
	* DISCARD
	* HAD
	* CHOSE
	* GOAD
	* SEARCH
	* DRAW
	* DIE
	* LBRACE
	* EQUAL
	* GAINED
	* EXPLORES
	* COLORTERM
	* LOOK
	* SUBTYPESPELL
	* __ANON_18
	* PAY
	* LEARN
	* SHUFFLED
	* HIMSELF
	* CYCLE
	* GET
	* DEAL
	* SPEND
	* HAVE
	* CAST
	* SACRIFICE
	* A
	* DREW
	* EXERT
	* ONLY
	* ATTACHED
	* ITSELF
	* ITS
	* TAPSYMBOL
	* WITH
	* LESS
	* ADDITIONAL
	* ORDINAL
	* __ANON_17
	* __ANON_21
	* FLIP
	* AFTER
	* FATESEAL
	* PUT
	* INVESTIGATE
	* OTHER
	* ALL
	* SUBTYPECREATUREB
	* THEN
	* CONTROLLED
	* SCRY
	* HERSELF
	* MANIFEST
	* SURVEIL
	* ONTO
	* WITHOUT
	* QUALIFIER
	* PLAY
	* ZONE
	* GAIN
	* SHUFFLE
	* SACRIFICED
	* WHEN
	* PLAYERCHARACTERISTIC
	* DO
	* MILL
	* REVEALED
	* TURNED
	* SUPERTYPE
	* REGENERATE
	* UNTAPSYMBOL
	* SUBTYPEARTIFACT
	* TIMES
	* SKIP
	* WOULD
	* AN
	* CONTROL
	* TAP
	* PLAYERTERM
	* AMASS
	* DAMAGETYPE
	* WHILE
	* SUBTYPEPLANAR
	* PLAYED
	* DESTROY
	* INTO
	* UNATTACH
	* EXILE
	* ABILITYMODIFIER
	* IS
	* WHENEVER
	* SWITCH
	* THEIR
	* FOR
	* BE
	* UNATTACHED
	* PREVENT
	* CONVERT
	* ACTIVATE
	* BLOCKED
	* COUNTER
	* BEEN
	* ANY
	* GREATER
	* SUPPORT
	* ATTACK
	* CLOAK
	* SUBTYPEENCHANTMENT
	* CARDINAL
	* IT
	* THOSE
	* CHOOSE
	* THEM
	* YOUR
	* __ANON_15
	* DASH
	* INCUBATE
	* MAY
	* REMAIN
	* LOOKED
	* THE
	* NO
	* NAMEREFSYMBOL
	* __ANON_20
	* SUBTYPEPLANESWALKER
	* ASSIGN
	* FREQUENCY
	* SUBTYPECREATUREA
	* TARGET
	* NUMBER
	* CLASH
	* POPULATE
	* ABANDON
	* IN
	* ADD
	* ON
	* SEARCHED
	* REVEAL
	* MONSTROSITY
	* MELD
	* ABLE
	* WHO
	* MORE
	* RETURN
	* COMBATSTATUSMODIFIER
	* KEYWORDSTATUSMODIFIER
	* IF
	* TRANSFORM
	* ATTACKED
	* DISCOVER
	* __ANON_14
	* LEVEL
	* DOES
	* EXCHANGE
	* THAT
	* X
	* CONNIVE
	* DETAIN
	* UNTAP
	* AS
	* CREATE
	* CAN
	* DOUBLE
	* TYPE
	* ADAPT
	* EFFECTSTATUSMODIFIER
	* SUBTYPELAND
	* BECOME
	* LOSE
	* HAS
	* UP
	* LSQB
	* UNTIL
	* FIGHT
	* TURN
	* __ANON_19
	* FORAGE
	* BOLSTER
	* AT
	* OTHERWISE
	* THESE
	* DISCARDED
	* ATTACH
	* THIS
	* EACH
","(Transforms from Dowsing Dagger.)
{T}: Add three mana of any one color."
244,Pirate's Cutlass,26.229184840000016,False,"No terminal matches '~' in the current parser context, at line 1 col 6

When ~ enters, attach it to target Pirate you
     ^
Expected one of: 
	* DASH
	* WORD
","When ~ enters, attach it to target Pirate you control.
Equipped creature gets +2/+1.
Equip {2} ({2}: Attach to target creature you control. Equip only as a sorcery.)"
245,Primal Amulet,26.48794609699962,False,"No terminal matches '{' in the current parser context, at line 1 col 42

nstant and sorcery spells you cast cost {1} less to cast.
                                        ^
Expected one of: 
	* DASH
	* WORD
","Instant and sorcery spells you cast cost {1} less to cast.
Whenever you cast an instant or sorcery spell, put a charge counter on ~. Then if there are four or more charge counters on it, you may remove those counters and transform it."
246,Prying Blade,24.57258081999953,False,"No terminal matches '+' in the current parser context, at line 1 col 24

Equipped creature gets +1/+0.
                       ^
Expected one of: 
	* DASH
	* WORD
","Equipped creature gets +1/+0.
Whenever equipped creature deals combat damage to a player, create a Treasure token. (it is an artifact with ""{T}, Sacrifice this artifact: Add one mana of any color."".)
Equip {2} ({2}: Attach to target creature you control. Equip only as a sorcery.)"
247,Sentinel Totem,24.40353284899993,False,"No terminal matches '~' in the current parser context, at line 1 col 6

When ~ enters, scry 1. (Look at the top card 
     ^
Expected one of: 
	* DASH
	* WORD
","When ~ enters, scry 1. (Look at the top card of your library. You may put that card on the bottom.)
{T}, Exile ~: Exile all graveyards."
248,Shadowed Caravel,26.10527709300004,False,"No terminal matches ',' in the current parser context, at line 1 col 41

Whenever a creature you control explores, put a +1/+1 counter on ~.
                                        ^
Expected one of: 
	* DASH
	* WORD
","Whenever a creature you control explores, put a +1/+1 counter on ~.
Crew 2 (Tap any number of creatures you control with total power 2 or more: This Vehicle becomes an artifact creature until end of turn.)"
249,Spike-Tailed Ceratops,290.81172061899997,True,,~ can block an additional creature each combat.
250,Sleek Schooner,26.258682710999892,False,"No terminal matches '1' in the current parser context, at line 1 col 6

Crew 1 (Tap any number of creatures you contr
     ^
Expected one of: 
	* DASH
	* WORD
",Crew 1 (Tap any number of creatures you control with total power 1 or more: This Vehicle becomes an artifact creature until end of turn.)
251,Sorcerous Spyglass,26.33665358899998,False,"No terminal matches '~' in the current parser context, at line 1 col 4

As ~ enters, look at an opponent's hand, th
   ^
Expected one of: 
	* DASH
	* WORD
","As ~ enters, look at an opponent's hand, then choose any card name.
Activated abilities of sources with the chosen name can not be activated unless they are mana abilities."
252,Primal Wellspring,76.39686346399958,False,"No terminal matches 'A' in the current parser context, at line 2 col 6

{T}: Add one mana of any color. When that man
     ^
Expected one of: 
	* UNDER
	* TAPPEDSTATUSMODIFIER
	* STAR
	* FROM
	* OBJECTCHARACTERISTIC
	* PROLIFERATE
	* SUSPECT
	* TAKE
	* NON
	* CYCLED
	* WIN
	* REMOVE
	* BLOCK
	* SAME
	* DISCARD
	* HAD
	* CHOSE
	* GOAD
	* SEARCH
	* DRAW
	* DIE
	* LBRACE
	* EQUAL
	* GAINED
	* EXPLORES
	* COLORTERM
	* LOOK
	* SUBTYPESPELL
	* __ANON_18
	* PAY
	* LEARN
	* SHUFFLED
	* HIMSELF
	* CYCLE
	* GET
	* DEAL
	* SPEND
	* HAVE
	* CAST
	* SACRIFICE
	* A
	* DREW
	* EXERT
	* ONLY
	* ATTACHED
	* ITSELF
	* ITS
	* TAPSYMBOL
	* WITH
	* LESS
	* ADDITIONAL
	* ORDINAL
	* __ANON_17
	* __ANON_21
	* FLIP
	* AFTER
	* FATESEAL
	* PUT
	* INVESTIGATE
	* OTHER
	* ALL
	* SUBTYPECREATUREB
	* THEN
	* CONTROLLED
	* SCRY
	* HERSELF
	* MANIFEST
	* SURVEIL
	* ONTO
	* WITHOUT
	* QUALIFIER
	* PLAY
	* ZONE
	* GAIN
	* SHUFFLE
	* SACRIFICED
	* WHEN
	* PLAYERCHARACTERISTIC
	* DO
	* MILL
	* REVEALED
	* TURNED
	* SUPERTYPE
	* REGENERATE
	* UNTAPSYMBOL
	* SUBTYPEARTIFACT
	* TIMES
	* SKIP
	* WOULD
	* AN
	* CONTROL
	* TAP
	* PLAYERTERM
	* AMASS
	* DAMAGETYPE
	* WHILE
	* SUBTYPEPLANAR
	* PLAYED
	* DESTROY
	* INTO
	* UNATTACH
	* EXILE
	* ABILITYMODIFIER
	* IS
	* WHENEVER
	* SWITCH
	* THEIR
	* FOR
	* BE
	* UNATTACHED
	* PREVENT
	* CONVERT
	* ACTIVATE
	* BLOCKED
	* COUNTER
	* BEEN
	* ANY
	* GREATER
	* SUPPORT
	* ATTACK
	* CLOAK
	* SUBTYPEENCHANTMENT
	* CARDINAL
	* IT
	* THOSE
	* CHOOSE
	* THEM
	* YOUR
	* __ANON_15
	* DASH
	* INCUBATE
	* MAY
	* REMAIN
	* LOOKED
	* THE
	* NO
	* NAMEREFSYMBOL
	* __ANON_20
	* SUBTYPEPLANESWALKER
	* ASSIGN
	* FREQUENCY
	* SUBTYPECREATUREA
	* TARGET
	* NUMBER
	* CLASH
	* POPULATE
	* ABANDON
	* IN
	* ADD
	* ON
	* SEARCHED
	* REVEAL
	* MONSTROSITY
	* MELD
	* ABLE
	* WHO
	* MORE
	* RETURN
	* COMBATSTATUSMODIFIER
	* KEYWORDSTATUSMODIFIER
	* IF
	* TRANSFORM
	* ATTACKED
	* DISCOVER
	* __ANON_14
	* LEVEL
	* DOES
	* EXCHANGE
	* THAT
	* X
	* CONNIVE
	* DETAIN
	* UNTAP
	* AS
	* CREATE
	* CAN
	* DOUBLE
	* TYPE
	* ADAPT
	* EFFECTSTATUSMODIFIER
	* SUBTYPELAND
	* BECOME
	* LOSE
	* HAS
	* UP
	* LSQB
	* UNTIL
	* FIGHT
	* TURN
	* __ANON_19
	* FORAGE
	* BOLSTER
	* AT
	* OTHERWISE
	* THESE
	* DISCARDED
	* ATTACH
	* THIS
	* EACH
","(Transforms from Primal Amulet.)
{T}: Add one mana of any color. When that mana is spent to cast an instant or sorcery spell, copy that spell and you may choose new targets for the copy."
253,Deadeye Plunderers,282.8634100099998,False,"No terminal matches 'C' in the current parser context, at line 2 col 12

{2}{U}{B}: Create a Treasure token. (it is an artif
           ^
Expected one of: 
	* UNDER
	* TAPPEDSTATUSMODIFIER
	* STAR
	* FROM
	* OBJECTCHARACTERISTIC
	* PROLIFERATE
	* SUSPECT
	* TAKE
	* NON
	* CYCLED
	* WIN
	* REMOVE
	* BLOCK
	* SAME
	* DISCARD
	* HAD
	* CHOSE
	* GOAD
	* SEARCH
	* DRAW
	* DIE
	* LBRACE
	* EQUAL
	* GAINED
	* EXPLORES
	* COLORTERM
	* LOOK
	* SUBTYPESPELL
	* __ANON_18
	* PAY
	* LEARN
	* SHUFFLED
	* HIMSELF
	* CYCLE
	* GET
	* DEAL
	* SPEND
	* HAVE
	* CAST
	* SACRIFICE
	* A
	* DREW
	* EXERT
	* ONLY
	* ATTACHED
	* ITSELF
	* ITS
	* TAPSYMBOL
	* WITH
	* LESS
	* ADDITIONAL
	* ORDINAL
	* __ANON_17
	* __ANON_21
	* FLIP
	* AFTER
	* FATESEAL
	* PUT
	* INVESTIGATE
	* OTHER
	* ALL
	* SUBTYPECREATUREB
	* THEN
	* CONTROLLED
	* SCRY
	* HERSELF
	* MANIFEST
	* SURVEIL
	* ONTO
	* WITHOUT
	* QUALIFIER
	* PLAY
	* ZONE
	* GAIN
	* SHUFFLE
	* SACRIFICED
	* WHEN
	* PLAYERCHARACTERISTIC
	* DO
	* MILL
	* REVEALED
	* TURNED
	* SUPERTYPE
	* REGENERATE
	* UNTAPSYMBOL
	* SUBTYPEARTIFACT
	* TIMES
	* SKIP
	* WOULD
	* AN
	* CONTROL
	* TAP
	* PLAYERTERM
	* AMASS
	* DAMAGETYPE
	* WHILE
	* SUBTYPEPLANAR
	* PLAYED
	* DESTROY
	* INTO
	* UNATTACH
	* EXILE
	* ABILITYMODIFIER
	* IS
	* WHENEVER
	* SWITCH
	* THEIR
	* FOR
	* BE
	* UNATTACHED
	* PREVENT
	* CONVERT
	* ACTIVATE
	* BLOCKED
	* COUNTER
	* BEEN
	* ANY
	* GREATER
	* SUPPORT
	* ATTACK
	* CLOAK
	* SUBTYPEENCHANTMENT
	* CARDINAL
	* IT
	* THOSE
	* CHOOSE
	* THEM
	* YOUR
	* __ANON_15
	* DASH
	* INCUBATE
	* MAY
	* REMAIN
	* LOOKED
	* THE
	* NO
	* NAMEREFSYMBOL
	* __ANON_20
	* SUBTYPEPLANESWALKER
	* ASSIGN
	* FREQUENCY
	* SUBTYPECREATUREA
	* TARGET
	* NUMBER
	* CLASH
	* POPULATE
	* ABANDON
	* IN
	* ADD
	* ON
	* SEARCHED
	* REVEAL
	* MONSTROSITY
	* MELD
	* ABLE
	* WHO
	* MORE
	* RETURN
	* COMBATSTATUSMODIFIER
	* KEYWORDSTATUSMODIFIER
	* IF
	* TRANSFORM
	* ATTACKED
	* DISCOVER
	* __ANON_14
	* LEVEL
	* DOES
	* EXCHANGE
	* THAT
	* X
	* CONNIVE
	* DETAIN
	* UNTAP
	* AS
	* CREATE
	* CAN
	* DOUBLE
	* TYPE
	* ADAPT
	* EFFECTSTATUSMODIFIER
	* SUBTYPELAND
	* BECOME
	* LOSE
	* HAS
	* UP
	* LSQB
	* UNTIL
	* FIGHT
	* TURN
	* __ANON_19
	* FORAGE
	* BOLSTER
	* AT
	* OTHERWISE
	* THESE
	* DISCARDED
	* ATTACH
	* THIS
	* EACH
","~ gets +1/+1 for each artifact you control.
{2}{U}{B}: Create a Treasure token. (it is an artifact with ""{T}, Sacrifice this artifact: Add one mana of any color."".)"
254,Vanquisher's Banner,26.316566680000506,False,"No terminal matches '~' in the current parser context, at line 1 col 4

As ~ enters, choose a creature type.
   ^
Expected one of: 
	* DASH
	* WORD
","As ~ enters, choose a creature type.
Creatures you control of the chosen type get +1/+1.
Whenever you cast a creature spell of the chosen type, draw a card."
255,Spires of Orazca,75.2064839299992,False,"No terminal matches 'A' in the current parser context, at line 2 col 6

{T}: Add {C}.
     ^
Expected one of: 
	* UNDER
	* TAPPEDSTATUSMODIFIER
	* STAR
	* FROM
	* OBJECTCHARACTERISTIC
	* PROLIFERATE
	* SUSPECT
	* TAKE
	* NON
	* CYCLED
	* WIN
	* REMOVE
	* BLOCK
	* SAME
	* DISCARD
	* HAD
	* CHOSE
	* GOAD
	* SEARCH
	* DRAW
	* DIE
	* LBRACE
	* EQUAL
	* GAINED
	* EXPLORES
	* COLORTERM
	* LOOK
	* SUBTYPESPELL
	* __ANON_18
	* PAY
	* LEARN
	* SHUFFLED
	* HIMSELF
	* CYCLE
	* GET
	* DEAL
	* SPEND
	* HAVE
	* CAST
	* SACRIFICE
	* A
	* DREW
	* EXERT
	* ONLY
	* ATTACHED
	* ITSELF
	* ITS
	* TAPSYMBOL
	* WITH
	* LESS
	* ADDITIONAL
	* ORDINAL
	* __ANON_17
	* __ANON_21
	* FLIP
	* AFTER
	* FATESEAL
	* PUT
	* INVESTIGATE
	* OTHER
	* ALL
	* SUBTYPECREATUREB
	* THEN
	* CONTROLLED
	* SCRY
	* HERSELF
	* MANIFEST
	* SURVEIL
	* ONTO
	* WITHOUT
	* QUALIFIER
	* PLAY
	* ZONE
	* GAIN
	* SHUFFLE
	* SACRIFICED
	* WHEN
	* PLAYERCHARACTERISTIC
	* DO
	* MILL
	* REVEALED
	* TURNED
	* SUPERTYPE
	* REGENERATE
	* UNTAPSYMBOL
	* SUBTYPEARTIFACT
	* TIMES
	* SKIP
	* WOULD
	* AN
	* CONTROL
	* TAP
	* PLAYERTERM
	* AMASS
	* DAMAGETYPE
	* WHILE
	* SUBTYPEPLANAR
	* PLAYED
	* DESTROY
	* INTO
	* UNATTACH
	* EXILE
	* ABILITYMODIFIER
	* IS
	* WHENEVER
	* SWITCH
	* THEIR
	* FOR
	* BE
	* UNATTACHED
	* PREVENT
	* CONVERT
	* ACTIVATE
	* BLOCKED
	* COUNTER
	* BEEN
	* ANY
	* GREATER
	* SUPPORT
	* ATTACK
	* CLOAK
	* SUBTYPEENCHANTMENT
	* CARDINAL
	* IT
	* THOSE
	* CHOOSE
	* THEM
	* YOUR
	* __ANON_15
	* DASH
	* INCUBATE
	* MAY
	* REMAIN
	* LOOKED
	* THE
	* NO
	* NAMEREFSYMBOL
	* __ANON_20
	* SUBTYPEPLANESWALKER
	* ASSIGN
	* FREQUENCY
	* SUBTYPECREATUREA
	* TARGET
	* NUMBER
	* CLASH
	* POPULATE
	* ABANDON
	* IN
	* ADD
	* ON
	* SEARCHED
	* REVEAL
	* MONSTROSITY
	* MELD
	* ABLE
	* WHO
	* MORE
	* RETURN
	* COMBATSTATUSMODIFIER
	* KEYWORDSTATUSMODIFIER
	* IF
	* TRANSFORM
	* ATTACKED
	* DISCOVER
	* __ANON_14
	* LEVEL
	* DOES
	* EXCHANGE
	* THAT
	* X
	* CONNIVE
	* DETAIN
	* UNTAP
	* AS
	* CREATE
	* CAN
	* DOUBLE
	* TYPE
	* ADAPT
	* EFFECTSTATUSMODIFIER
	* SUBTYPELAND
	* BECOME
	* LOSE
	* HAS
	* UP
	* LSQB
	* UNTIL
	* FIGHT
	* TURN
	* __ANON_19
	* FORAGE
	* BOLSTER
	* AT
	* OTHERWISE
	* THESE
	* DISCARDED
	* ATTACH
	* THIS
	* EACH
","(Transforms from Thaumatic Compass.)
{T}: Add {C}.
{T}: Untap target attacking creature an opponent controls and remove it from combat."
256,Treasure Cove,76.425231833,False,"No terminal matches 'A' in the current parser context, at line 2 col 6

{T}: Add {C}.
     ^
Expected one of: 
	* UNDER
	* TAPPEDSTATUSMODIFIER
	* STAR
	* FROM
	* OBJECTCHARACTERISTIC
	* PROLIFERATE
	* SUSPECT
	* TAKE
	* NON
	* CYCLED
	* WIN
	* REMOVE
	* BLOCK
	* SAME
	* DISCARD
	* HAD
	* CHOSE
	* GOAD
	* SEARCH
	* DRAW
	* DIE
	* LBRACE
	* EQUAL
	* GAINED
	* EXPLORES
	* COLORTERM
	* LOOK
	* SUBTYPESPELL
	* __ANON_18
	* PAY
	* LEARN
	* SHUFFLED
	* HIMSELF
	* CYCLE
	* GET
	* DEAL
	* SPEND
	* HAVE
	* CAST
	* SACRIFICE
	* A
	* DREW
	* EXERT
	* ONLY
	* ATTACHED
	* ITSELF
	* ITS
	* TAPSYMBOL
	* WITH
	* LESS
	* ADDITIONAL
	* ORDINAL
	* __ANON_17
	* __ANON_21
	* FLIP
	* AFTER
	* FATESEAL
	* PUT
	* INVESTIGATE
	* OTHER
	* ALL
	* SUBTYPECREATUREB
	* THEN
	* CONTROLLED
	* SCRY
	* HERSELF
	* MANIFEST
	* SURVEIL
	* ONTO
	* WITHOUT
	* QUALIFIER
	* PLAY
	* ZONE
	* GAIN
	* SHUFFLE
	* SACRIFICED
	* WHEN
	* PLAYERCHARACTERISTIC
	* DO
	* MILL
	* REVEALED
	* TURNED
	* SUPERTYPE
	* REGENERATE
	* UNTAPSYMBOL
	* SUBTYPEARTIFACT
	* TIMES
	* SKIP
	* WOULD
	* AN
	* CONTROL
	* TAP
	* PLAYERTERM
	* AMASS
	* DAMAGETYPE
	* WHILE
	* SUBTYPEPLANAR
	* PLAYED
	* DESTROY
	* INTO
	* UNATTACH
	* EXILE
	* ABILITYMODIFIER
	* IS
	* WHENEVER
	* SWITCH
	* THEIR
	* FOR
	* BE
	* UNATTACHED
	* PREVENT
	* CONVERT
	* ACTIVATE
	* BLOCKED
	* COUNTER
	* BEEN
	* ANY
	* GREATER
	* SUPPORT
	* ATTACK
	* CLOAK
	* SUBTYPEENCHANTMENT
	* CARDINAL
	* IT
	* THOSE
	* CHOOSE
	* THEM
	* YOUR
	* __ANON_15
	* DASH
	* INCUBATE
	* MAY
	* REMAIN
	* LOOKED
	* THE
	* NO
	* NAMEREFSYMBOL
	* __ANON_20
	* SUBTYPEPLANESWALKER
	* ASSIGN
	* FREQUENCY
	* SUBTYPECREATUREA
	* TARGET
	* NUMBER
	* CLASH
	* POPULATE
	* ABANDON
	* IN
	* ADD
	* ON
	* SEARCHED
	* REVEAL
	* MONSTROSITY
	* MELD
	* ABLE
	* WHO
	* MORE
	* RETURN
	* COMBATSTATUSMODIFIER
	* KEYWORDSTATUSMODIFIER
	* IF
	* TRANSFORM
	* ATTACKED
	* DISCOVER
	* __ANON_14
	* LEVEL
	* DOES
	* EXCHANGE
	* THAT
	* X
	* CONNIVE
	* DETAIN
	* UNTAP
	* AS
	* CREATE
	* CAN
	* DOUBLE
	* TYPE
	* ADAPT
	* EFFECTSTATUSMODIFIER
	* SUBTYPELAND
	* BECOME
	* LOSE
	* HAS
	* UP
	* LSQB
	* UNTIL
	* FIGHT
	* TURN
	* __ANON_19
	* FORAGE
	* BOLSTER
	* AT
	* OTHERWISE
	* THESE
	* DISCARDED
	* ATTACH
	* THIS
	* EACH
","(Transforms from Treasure Map.)
{T}: Add {C}.
{T}, Sacrifice a Treasure: Draw a card."
257,Thaumatic Compass,90.28813691899995,False,"No terminal matches 'S' in the current parser context, at line 1 col 11

{3}, {T}: Search your library for a basic land car
          ^
Expected one of: 
	* UNDER
	* TAPPEDSTATUSMODIFIER
	* STAR
	* FROM
	* OBJECTCHARACTERISTIC
	* PROLIFERATE
	* SUSPECT
	* TAKE
	* NON
	* CYCLED
	* WIN
	* REMOVE
	* BLOCK
	* SAME
	* DISCARD
	* HAD
	* CHOSE
	* GOAD
	* SEARCH
	* DRAW
	* DIE
	* LBRACE
	* EQUAL
	* GAINED
	* EXPLORES
	* COLORTERM
	* LOOK
	* SUBTYPESPELL
	* __ANON_18
	* PAY
	* LEARN
	* SHUFFLED
	* HIMSELF
	* CYCLE
	* GET
	* DEAL
	* SPEND
	* HAVE
	* CAST
	* SACRIFICE
	* A
	* DREW
	* EXERT
	* ONLY
	* ATTACHED
	* ITSELF
	* ITS
	* TAPSYMBOL
	* WITH
	* LESS
	* ADDITIONAL
	* ORDINAL
	* __ANON_17
	* __ANON_21
	* FLIP
	* AFTER
	* FATESEAL
	* PUT
	* INVESTIGATE
	* OTHER
	* ALL
	* SUBTYPECREATUREB
	* THEN
	* CONTROLLED
	* SCRY
	* HERSELF
	* MANIFEST
	* SURVEIL
	* ONTO
	* WITHOUT
	* QUALIFIER
	* PLAY
	* ZONE
	* GAIN
	* SHUFFLE
	* SACRIFICED
	* WHEN
	* PLAYERCHARACTERISTIC
	* DO
	* MILL
	* REVEALED
	* TURNED
	* SUPERTYPE
	* REGENERATE
	* UNTAPSYMBOL
	* SUBTYPEARTIFACT
	* TIMES
	* SKIP
	* WOULD
	* AN
	* CONTROL
	* TAP
	* PLAYERTERM
	* AMASS
	* DAMAGETYPE
	* WHILE
	* SUBTYPEPLANAR
	* PLAYED
	* DESTROY
	* INTO
	* UNATTACH
	* EXILE
	* ABILITYMODIFIER
	* IS
	* WHENEVER
	* SWITCH
	* THEIR
	* FOR
	* BE
	* UNATTACHED
	* PREVENT
	* CONVERT
	* ACTIVATE
	* BLOCKED
	* COUNTER
	* BEEN
	* ANY
	* GREATER
	* SUPPORT
	* ATTACK
	* CLOAK
	* SUBTYPEENCHANTMENT
	* CARDINAL
	* IT
	* THOSE
	* CHOOSE
	* THEM
	* YOUR
	* __ANON_15
	* DASH
	* INCUBATE
	* MAY
	* REMAIN
	* LOOKED
	* THE
	* NO
	* NAMEREFSYMBOL
	* __ANON_20
	* SUBTYPEPLANESWALKER
	* ASSIGN
	* FREQUENCY
	* SUBTYPECREATUREA
	* TARGET
	* NUMBER
	* CLASH
	* POPULATE
	* ABANDON
	* IN
	* ADD
	* ON
	* SEARCHED
	* REVEAL
	* MONSTROSITY
	* MELD
	* ABLE
	* WHO
	* MORE
	* RETURN
	* COMBATSTATUSMODIFIER
	* KEYWORDSTATUSMODIFIER
	* IF
	* TRANSFORM
	* ATTACKED
	* DISCOVER
	* __ANON_14
	* LEVEL
	* DOES
	* EXCHANGE
	* THAT
	* X
	* CONNIVE
	* DETAIN
	* UNTAP
	* AS
	* CREATE
	* CAN
	* DOUBLE
	* TYPE
	* ADAPT
	* EFFECTSTATUSMODIFIER
	* SUBTYPELAND
	* BECOME
	* LOSE
	* HAS
	* UP
	* LSQB
	* UNTIL
	* FIGHT
	* TURN
	* __ANON_19
	* FORAGE
	* BOLSTER
	* AT
	* OTHERWISE
	* THESE
	* DISCARDED
	* ATTACH
	* THIS
	* EACH
","{3}, {T}: Search your library for a basic land card, reveal it, put it into your hand, then shuffle.
At the beginning of your end step, if you control seven or more lands, transform ~."
258,Treasure Map,91.17238789400017,False,"No terminal matches 'S' in the current parser context, at line 1 col 11

{1}, {T}: Scry 1. Put a landmark counter on ~. The
          ^
Expected one of: 
	* UNDER
	* TAPPEDSTATUSMODIFIER
	* STAR
	* FROM
	* OBJECTCHARACTERISTIC
	* PROLIFERATE
	* SUSPECT
	* TAKE
	* NON
	* CYCLED
	* WIN
	* REMOVE
	* BLOCK
	* SAME
	* DISCARD
	* HAD
	* CHOSE
	* GOAD
	* SEARCH
	* DRAW
	* DIE
	* LBRACE
	* EQUAL
	* GAINED
	* EXPLORES
	* COLORTERM
	* LOOK
	* SUBTYPESPELL
	* __ANON_18
	* PAY
	* LEARN
	* SHUFFLED
	* HIMSELF
	* CYCLE
	* GET
	* DEAL
	* SPEND
	* HAVE
	* CAST
	* SACRIFICE
	* A
	* DREW
	* EXERT
	* ONLY
	* ATTACHED
	* ITSELF
	* ITS
	* TAPSYMBOL
	* WITH
	* LESS
	* ADDITIONAL
	* ORDINAL
	* __ANON_17
	* __ANON_21
	* FLIP
	* AFTER
	* FATESEAL
	* PUT
	* INVESTIGATE
	* OTHER
	* ALL
	* SUBTYPECREATUREB
	* THEN
	* CONTROLLED
	* SCRY
	* HERSELF
	* MANIFEST
	* SURVEIL
	* ONTO
	* WITHOUT
	* QUALIFIER
	* PLAY
	* ZONE
	* GAIN
	* SHUFFLE
	* SACRIFICED
	* WHEN
	* PLAYERCHARACTERISTIC
	* DO
	* MILL
	* REVEALED
	* TURNED
	* SUPERTYPE
	* REGENERATE
	* UNTAPSYMBOL
	* SUBTYPEARTIFACT
	* TIMES
	* SKIP
	* WOULD
	* AN
	* CONTROL
	* TAP
	* PLAYERTERM
	* AMASS
	* DAMAGETYPE
	* WHILE
	* SUBTYPEPLANAR
	* PLAYED
	* DESTROY
	* INTO
	* UNATTACH
	* EXILE
	* ABILITYMODIFIER
	* IS
	* WHENEVER
	* SWITCH
	* THEIR
	* FOR
	* BE
	* UNATTACHED
	* PREVENT
	* CONVERT
	* ACTIVATE
	* BLOCKED
	* COUNTER
	* BEEN
	* ANY
	* GREATER
	* SUPPORT
	* ATTACK
	* CLOAK
	* SUBTYPEENCHANTMENT
	* CARDINAL
	* IT
	* THOSE
	* CHOOSE
	* THEM
	* YOUR
	* __ANON_15
	* DASH
	* INCUBATE
	* MAY
	* REMAIN
	* LOOKED
	* THE
	* NO
	* NAMEREFSYMBOL
	* __ANON_20
	* SUBTYPEPLANESWALKER
	* ASSIGN
	* FREQUENCY
	* SUBTYPECREATUREA
	* TARGET
	* NUMBER
	* CLASH
	* POPULATE
	* ABANDON
	* IN
	* ADD
	* ON
	* SEARCHED
	* REVEAL
	* MONSTROSITY
	* MELD
	* ABLE
	* WHO
	* MORE
	* RETURN
	* COMBATSTATUSMODIFIER
	* KEYWORDSTATUSMODIFIER
	* IF
	* TRANSFORM
	* ATTACKED
	* DISCOVER
	* __ANON_14
	* LEVEL
	* DOES
	* EXCHANGE
	* THAT
	* X
	* CONNIVE
	* DETAIN
	* UNTAP
	* AS
	* CREATE
	* CAN
	* DOUBLE
	* TYPE
	* ADAPT
	* EFFECTSTATUSMODIFIER
	* SUBTYPELAND
	* BECOME
	* LOSE
	* HAS
	* UP
	* LSQB
	* UNTIL
	* FIGHT
	* TURN
	* __ANON_19
	* FORAGE
	* BOLSTER
	* AT
	* OTHERWISE
	* THESE
	* DISCARDED
	* ATTACH
	* THIS
	* EACH
","{1}, {T}: Scry 1. Put a landmark counter on ~. Then if there are three or more landmark counters on it, remove those counters, transform ~, and create three Treasure tokens. (they are artifacts with ""{T}, Sacrifice this artifact: Add one mana of any color."".)"
259,Field of Ruin,50.31624838700009,False,"No terminal matches 'A' in the current parser context, at line 1 col 6

{T}: Add {C}.
     ^
Expected one of: 
	* UNDER
	* TAPPEDSTATUSMODIFIER
	* STAR
	* FROM
	* OBJECTCHARACTERISTIC
	* PROLIFERATE
	* SUSPECT
	* TAKE
	* NON
	* CYCLED
	* WIN
	* REMOVE
	* BLOCK
	* SAME
	* DISCARD
	* HAD
	* CHOSE
	* GOAD
	* SEARCH
	* DRAW
	* DIE
	* LBRACE
	* EQUAL
	* GAINED
	* EXPLORES
	* COLORTERM
	* LOOK
	* SUBTYPESPELL
	* __ANON_18
	* PAY
	* LEARN
	* SHUFFLED
	* HIMSELF
	* CYCLE
	* GET
	* DEAL
	* SPEND
	* HAVE
	* CAST
	* SACRIFICE
	* A
	* DREW
	* EXERT
	* ONLY
	* ATTACHED
	* ITSELF
	* ITS
	* TAPSYMBOL
	* WITH
	* LESS
	* ADDITIONAL
	* ORDINAL
	* __ANON_17
	* __ANON_21
	* FLIP
	* AFTER
	* FATESEAL
	* PUT
	* INVESTIGATE
	* OTHER
	* ALL
	* SUBTYPECREATUREB
	* THEN
	* CONTROLLED
	* SCRY
	* HERSELF
	* MANIFEST
	* SURVEIL
	* ONTO
	* WITHOUT
	* QUALIFIER
	* PLAY
	* ZONE
	* GAIN
	* SHUFFLE
	* SACRIFICED
	* WHEN
	* PLAYERCHARACTERISTIC
	* DO
	* MILL
	* REVEALED
	* TURNED
	* SUPERTYPE
	* REGENERATE
	* UNTAPSYMBOL
	* SUBTYPEARTIFACT
	* TIMES
	* SKIP
	* WOULD
	* AN
	* CONTROL
	* TAP
	* PLAYERTERM
	* AMASS
	* DAMAGETYPE
	* WHILE
	* SUBTYPEPLANAR
	* PLAYED
	* DESTROY
	* INTO
	* UNATTACH
	* EXILE
	* ABILITYMODIFIER
	* IS
	* WHENEVER
	* SWITCH
	* THEIR
	* FOR
	* BE
	* UNATTACHED
	* PREVENT
	* CONVERT
	* ACTIVATE
	* BLOCKED
	* COUNTER
	* BEEN
	* ANY
	* GREATER
	* SUPPORT
	* ATTACK
	* CLOAK
	* SUBTYPEENCHANTMENT
	* CARDINAL
	* IT
	* THOSE
	* CHOOSE
	* THEM
	* YOUR
	* __ANON_15
	* DASH
	* INCUBATE
	* MAY
	* REMAIN
	* LOOKED
	* THE
	* NO
	* NAMEREFSYMBOL
	* __ANON_20
	* SUBTYPEPLANESWALKER
	* ASSIGN
	* FREQUENCY
	* SUBTYPECREATUREA
	* TARGET
	* NUMBER
	* CLASH
	* POPULATE
	* ABANDON
	* IN
	* ADD
	* ON
	* SEARCHED
	* REVEAL
	* MONSTROSITY
	* MELD
	* ABLE
	* WHO
	* MORE
	* RETURN
	* COMBATSTATUSMODIFIER
	* KEYWORDSTATUSMODIFIER
	* IF
	* TRANSFORM
	* ATTACKED
	* DISCOVER
	* __ANON_14
	* LEVEL
	* DOES
	* EXCHANGE
	* THAT
	* X
	* CONNIVE
	* DETAIN
	* UNTAP
	* AS
	* CREATE
	* CAN
	* DOUBLE
	* TYPE
	* ADAPT
	* EFFECTSTATUSMODIFIER
	* SUBTYPELAND
	* BECOME
	* LOSE
	* HAS
	* UP
	* LSQB
	* UNTIL
	* FIGHT
	* TURN
	* __ANON_19
	* FORAGE
	* BOLSTER
	* AT
	* OTHERWISE
	* THESE
	* DISCARDED
	* ATTACH
	* THIS
	* EACH
","{T}: Add {C}.
{2}, {T}, Sacrifice ~: Destroy target nonbasic land an opponent controls. Each player searches their library for a basic land card, puts it onto the battlefield, then shuffles."
260,Unclaimed Territory,24.346204995000335,False,"No terminal matches '~' in the current parser context, at line 1 col 4

As ~ enters, choose a creature type.
   ^
Expected one of: 
	* DASH
	* WORD
","As ~ enters, choose a creature type.
{T}: Add {C}.
{T}: Add one mana of any color. Spend this mana only to cast a creature spell of the chosen type."
261,Unknown Shores,52.02182740199987,False,"No terminal matches 'A' in the current parser context, at line 1 col 6

{T}: Add {C}.
     ^
Expected one of: 
	* UNDER
	* TAPPEDSTATUSMODIFIER
	* STAR
	* FROM
	* OBJECTCHARACTERISTIC
	* PROLIFERATE
	* SUSPECT
	* TAKE
	* NON
	* CYCLED
	* WIN
	* REMOVE
	* BLOCK
	* SAME
	* DISCARD
	* HAD
	* CHOSE
	* GOAD
	* SEARCH
	* DRAW
	* DIE
	* LBRACE
	* EQUAL
	* GAINED
	* EXPLORES
	* COLORTERM
	* LOOK
	* SUBTYPESPELL
	* __ANON_18
	* PAY
	* LEARN
	* SHUFFLED
	* HIMSELF
	* CYCLE
	* GET
	* DEAL
	* SPEND
	* HAVE
	* CAST
	* SACRIFICE
	* A
	* DREW
	* EXERT
	* ONLY
	* ATTACHED
	* ITSELF
	* ITS
	* TAPSYMBOL
	* WITH
	* LESS
	* ADDITIONAL
	* ORDINAL
	* __ANON_17
	* __ANON_21
	* FLIP
	* AFTER
	* FATESEAL
	* PUT
	* INVESTIGATE
	* OTHER
	* ALL
	* SUBTYPECREATUREB
	* THEN
	* CONTROLLED
	* SCRY
	* HERSELF
	* MANIFEST
	* SURVEIL
	* ONTO
	* WITHOUT
	* QUALIFIER
	* PLAY
	* ZONE
	* GAIN
	* SHUFFLE
	* SACRIFICED
	* WHEN
	* PLAYERCHARACTERISTIC
	* DO
	* MILL
	* REVEALED
	* TURNED
	* SUPERTYPE
	* REGENERATE
	* UNTAPSYMBOL
	* SUBTYPEARTIFACT
	* TIMES
	* SKIP
	* WOULD
	* AN
	* CONTROL
	* TAP
	* PLAYERTERM
	* AMASS
	* DAMAGETYPE
	* WHILE
	* SUBTYPEPLANAR
	* PLAYED
	* DESTROY
	* INTO
	* UNATTACH
	* EXILE
	* ABILITYMODIFIER
	* IS
	* WHENEVER
	* SWITCH
	* THEIR
	* FOR
	* BE
	* UNATTACHED
	* PREVENT
	* CONVERT
	* ACTIVATE
	* BLOCKED
	* COUNTER
	* BEEN
	* ANY
	* GREATER
	* SUPPORT
	* ATTACK
	* CLOAK
	* SUBTYPEENCHANTMENT
	* CARDINAL
	* IT
	* THOSE
	* CHOOSE
	* THEM
	* YOUR
	* __ANON_15
	* DASH
	* INCUBATE
	* MAY
	* REMAIN
	* LOOKED
	* THE
	* NO
	* NAMEREFSYMBOL
	* __ANON_20
	* SUBTYPEPLANESWALKER
	* ASSIGN
	* FREQUENCY
	* SUBTYPECREATUREA
	* TARGET
	* NUMBER
	* CLASH
	* POPULATE
	* ABANDON
	* IN
	* ADD
	* ON
	* SEARCHED
	* REVEAL
	* MONSTROSITY
	* MELD
	* ABLE
	* WHO
	* MORE
	* RETURN
	* COMBATSTATUSMODIFIER
	* KEYWORDSTATUSMODIFIER
	* IF
	* TRANSFORM
	* ATTACKED
	* DISCOVER
	* __ANON_14
	* LEVEL
	* DOES
	* EXCHANGE
	* THAT
	* X
	* CONNIVE
	* DETAIN
	* UNTAP
	* AS
	* CREATE
	* CAN
	* DOUBLE
	* TYPE
	* ADAPT
	* EFFECTSTATUSMODIFIER
	* SUBTYPELAND
	* BECOME
	* LOSE
	* HAS
	* UP
	* LSQB
	* UNTIL
	* FIGHT
	* TURN
	* __ANON_19
	* FORAGE
	* BOLSTER
	* AT
	* OTHERWISE
	* THESE
	* DISCARDED
	* ATTACH
	* THIS
	* EACH
","{T}: Add {C}.
{1}, {T}: Add one mana of any color."
262,Dragonskull Summit,201.92629565900006,False,"No terminal matches '.' in the current parser context, at line 1 col 57

unless you control a Swamp or a Mountain.
                                        ^
Expected one of: 
	* DASH
	* WORD
","~ enters tapped unless you control a Swamp or a Mountain.
{T}: Add {B} or {R}."
263,Plains,50.80256963500051,True,,({T}: Add {W}.)
264,Drowned Catacomb,221.13131955899917,False,"No terminal matches '.' in the current parser context, at line 1 col 56

 unless you control an Island or a Swamp.
                                        ^
Expected one of: 
	* DASH
	* WORD
","~ enters tapped unless you control an Island or a Swamp.
{T}: Add {U} or {B}."
265,Rootbound Crag,199.6690662990004,False,"No terminal matches '.' in the current parser context, at line 1 col 58

nless you control a Mountain or a Forest.
                                        ^
Expected one of: 
	* DASH
	* WORD
","~ enters tapped unless you control a Mountain or a Forest.
{T}: Add {R} or {G}."
266,Glacial Fortress,201.09331631500027,False,"No terminal matches '.' in the current parser context, at line 1 col 57

unless you control a Plains or an Island.
                                        ^
Expected one of: 
	* DASH
	* WORD
","~ enters tapped unless you control a Plains or an Island.
{T}: Add {W} or {U}."
267,Island,50.49131613999998,True,,({T}: Add {U}.)
268,"Tishana, Voice of Thunder",476.1999723549998,False,"No terminal matches '.' in the current parser context, at line 2 col 30

You have no maximum hand size.
                             ^
Expected one of: 
	* DASH
	* WORD
","~f's power and toughness are each equal to the number of cards in your hand.
You have no maximum hand size.
When ~ enters, draw a card for each creature you control."
269,Sunpetal Grove,200.98844937900049,False,"No terminal matches '.' in the current parser context, at line 1 col 56

 unless you control a Forest or a Plains.
                                        ^
Expected one of: 
	* DASH
	* WORD
","~ enters tapped unless you control a Forest or a Plains.
{T}: Add {G} or {W}."
270,Swamp,50.60659408599986,True,,({T}: Add {B}.)
271,Castaway's Despair,24.635662360000424,False,"No terminal matches '~' in the current parser context, at line 2 col 6

When ~ enters, tap enchanted creature.
     ^
Expected one of: 
	* DASH
	* WORD
","Enchant creature
When ~ enters, tap enchanted creature.
Enchanted creature does not untap during its controller's untap step."
272,Grasping Current,26.272839541000394,False,"No terminal matches ''' in the current parser context, at line 1 col 49

p to two target creatures to their owner's hand.
                                        ^
Expected one of: 
	* DASH
	* WORD
","Return up to two target creatures to their owner's hand.
Search your library and/or graveyard for a card named Jace, Ingenious Mind-Mage, reveal it, and put it into your hand. If you searched your library this way, shuffle."
273,Jace's Sentinel,26.651510437999605,False,"No terminal matches ',' in the current parser context, at line 1 col 43

 long as you control a Jace planeswalker, ~ gets +1/+0 and can not be blocked.
                                        ^
Expected one of: 
	* DASH
	* WORD
","As long as you control a Jace planeswalker, ~ gets +1/+0 and can not be blocked."
274,Mountain,50.48699998800021,True,,({T}: Add {R}.)
275,Forest,50.05030109699965,True,,({T}: Add {G}.)
276,"Jace, Ingenious Mind-Mage",50.10102752500006,False,"No terminal matches 'D' in the current parser context, at line 1 col 7

[+1]: Draw a card.
      ^
Expected one of: 
	* UNDER
	* TAPPEDSTATUSMODIFIER
	* STAR
	* FROM
	* OBJECTCHARACTERISTIC
	* PROLIFERATE
	* SUSPECT
	* TAKE
	* NON
	* CYCLED
	* WIN
	* REMOVE
	* BLOCK
	* SAME
	* DISCARD
	* HAD
	* CHOSE
	* GOAD
	* SEARCH
	* DRAW
	* DIE
	* LBRACE
	* EQUAL
	* GAINED
	* EXPLORES
	* COLORTERM
	* LOOK
	* SUBTYPESPELL
	* __ANON_18
	* PAY
	* LEARN
	* SHUFFLED
	* HIMSELF
	* CYCLE
	* GET
	* DEAL
	* SPEND
	* HAVE
	* CAST
	* SACRIFICE
	* A
	* DREW
	* EXERT
	* ONLY
	* ATTACHED
	* ITSELF
	* ITS
	* TAPSYMBOL
	* WITH
	* LESS
	* ADDITIONAL
	* ORDINAL
	* __ANON_17
	* __ANON_21
	* FLIP
	* AFTER
	* FATESEAL
	* PUT
	* INVESTIGATE
	* OTHER
	* ALL
	* SUBTYPECREATUREB
	* THEN
	* CONTROLLED
	* SCRY
	* HERSELF
	* MANIFEST
	* SURVEIL
	* ONTO
	* WITHOUT
	* QUALIFIER
	* PLAY
	* ZONE
	* GAIN
	* SHUFFLE
	* SACRIFICED
	* WHEN
	* PLAYERCHARACTERISTIC
	* DO
	* MILL
	* REVEALED
	* TURNED
	* SUPERTYPE
	* REGENERATE
	* UNTAPSYMBOL
	* SUBTYPEARTIFACT
	* TIMES
	* SKIP
	* WOULD
	* AN
	* CONTROL
	* TAP
	* PLAYERTERM
	* AMASS
	* DAMAGETYPE
	* WHILE
	* SUBTYPEPLANAR
	* PLAYED
	* DESTROY
	* INTO
	* UNATTACH
	* EXILE
	* ABILITYMODIFIER
	* IS
	* WHENEVER
	* SWITCH
	* THEIR
	* FOR
	* BE
	* UNATTACHED
	* PREVENT
	* CONVERT
	* ACTIVATE
	* BLOCKED
	* COUNTER
	* BEEN
	* ANY
	* GREATER
	* SUPPORT
	* ATTACK
	* CLOAK
	* SUBTYPEENCHANTMENT
	* CARDINAL
	* IT
	* THOSE
	* CHOOSE
	* THEM
	* YOUR
	* __ANON_15
	* DASH
	* INCUBATE
	* MAY
	* REMAIN
	* LOOKED
	* THE
	* NO
	* NAMEREFSYMBOL
	* __ANON_20
	* SUBTYPEPLANESWALKER
	* ASSIGN
	* FREQUENCY
	* SUBTYPECREATUREA
	* TARGET
	* NUMBER
	* CLASH
	* POPULATE
	* ABANDON
	* IN
	* ADD
	* ON
	* SEARCHED
	* REVEAL
	* MONSTROSITY
	* MELD
	* ABLE
	* WHO
	* MORE
	* RETURN
	* COMBATSTATUSMODIFIER
	* KEYWORDSTATUSMODIFIER
	* IF
	* TRANSFORM
	* ATTACKED
	* DISCOVER
	* __ANON_14
	* LEVEL
	* DOES
	* EXCHANGE
	* THAT
	* X
	* CONNIVE
	* DETAIN
	* UNTAP
	* AS
	* CREATE
	* CAN
	* DOUBLE
	* TYPE
	* ADAPT
	* EFFECTSTATUSMODIFIER
	* SUBTYPELAND
	* BECOME
	* LOSE
	* HAS
	* UP
	* LSQB
	* UNTIL
	* FIGHT
	* TURN
	* __ANON_19
	* FORAGE
	* BOLSTER
	* AT
	* OTHERWISE
	* THESE
	* DISCARDED
	* ATTACH
	* THIS
	* EACH
","[+1]: Draw a card.
[+1]: Untap all creatures you control.
[−9]: Gain control of up to three target creatures."
277,Sun-Blessed Mount,19.727709095000137,False,"No terminal matches '~' in the current parser context, at line 1 col 6

When ~ enters, you may search your library an
     ^
Expected one of: 
	* DASH
	* WORD
","When ~ enters, you may search your library and/or graveyard for a card named Huatli, Dinosaur Knight, reveal it, then put it into your hand. If you searched your library this way, shuffle."
278,Huatli's Spurring,20.63930898200033,False,"No terminal matches '+' in the current parser context, at line 1 col 22

Target creature gets +2/+0 until end of turn. If you control 
                     ^
Expected one of: 
	* DASH
	* WORD
","Target creature gets +2/+0 until end of turn. If you control a Huatli planeswalker, that creature gets +4/+0 until end of turn instead."
279,Huatli's Snubhorn,24.48997103900001,False,"No terminal matches '(' in the current parser context, at line 1 col 11

Vigilance (Attacking does not cause this creature 
          ^
Expected one of: 
	* DASH
	* WORD
",Vigilance (Attacking does not cause this creature to tap.)
280,"Huatli, Dinosaur Knight",40.60936390799998,False,"No terminal matches 'P' in the current parser context, at line 1 col 7

[+2]: Put two +1/+1 counters on up to one targ
      ^
Expected one of: 
	* UNDER
	* TAPPEDSTATUSMODIFIER
	* STAR
	* FROM
	* OBJECTCHARACTERISTIC
	* PROLIFERATE
	* SUSPECT
	* TAKE
	* NON
	* CYCLED
	* WIN
	* REMOVE
	* BLOCK
	* SAME
	* DISCARD
	* HAD
	* CHOSE
	* GOAD
	* SEARCH
	* DRAW
	* DIE
	* LBRACE
	* EQUAL
	* GAINED
	* EXPLORES
	* COLORTERM
	* LOOK
	* SUBTYPESPELL
	* __ANON_18
	* PAY
	* LEARN
	* SHUFFLED
	* HIMSELF
	* CYCLE
	* GET
	* DEAL
	* SPEND
	* HAVE
	* CAST
	* SACRIFICE
	* A
	* DREW
	* EXERT
	* ONLY
	* ATTACHED
	* ITSELF
	* ITS
	* TAPSYMBOL
	* WITH
	* LESS
	* ADDITIONAL
	* ORDINAL
	* __ANON_17
	* __ANON_21
	* FLIP
	* AFTER
	* FATESEAL
	* PUT
	* INVESTIGATE
	* OTHER
	* ALL
	* SUBTYPECREATUREB
	* THEN
	* CONTROLLED
	* SCRY
	* HERSELF
	* MANIFEST
	* SURVEIL
	* ONTO
	* WITHOUT
	* QUALIFIER
	* PLAY
	* ZONE
	* GAIN
	* SHUFFLE
	* SACRIFICED
	* WHEN
	* PLAYERCHARACTERISTIC
	* DO
	* MILL
	* REVEALED
	* TURNED
	* SUPERTYPE
	* REGENERATE
	* UNTAPSYMBOL
	* SUBTYPEARTIFACT
	* TIMES
	* SKIP
	* WOULD
	* AN
	* CONTROL
	* TAP
	* PLAYERTERM
	* AMASS
	* DAMAGETYPE
	* WHILE
	* SUBTYPEPLANAR
	* PLAYED
	* DESTROY
	* INTO
	* UNATTACH
	* EXILE
	* ABILITYMODIFIER
	* IS
	* WHENEVER
	* SWITCH
	* THEIR
	* FOR
	* BE
	* UNATTACHED
	* PREVENT
	* CONVERT
	* ACTIVATE
	* BLOCKED
	* COUNTER
	* BEEN
	* ANY
	* GREATER
	* SUPPORT
	* ATTACK
	* CLOAK
	* SUBTYPEENCHANTMENT
	* CARDINAL
	* IT
	* THOSE
	* CHOOSE
	* THEM
	* YOUR
	* __ANON_15
	* DASH
	* INCUBATE
	* MAY
	* REMAIN
	* LOOKED
	* THE
	* NO
	* NAMEREFSYMBOL
	* __ANON_20
	* SUBTYPEPLANESWALKER
	* ASSIGN
	* FREQUENCY
	* SUBTYPECREATUREA
	* TARGET
	* NUMBER
	* CLASH
	* POPULATE
	* ABANDON
	* IN
	* ADD
	* ON
	* SEARCHED
	* REVEAL
	* MONSTROSITY
	* MELD
	* ABLE
	* WHO
	* MORE
	* RETURN
	* COMBATSTATUSMODIFIER
	* KEYWORDSTATUSMODIFIER
	* IF
	* TRANSFORM
	* ATTACKED
	* DISCOVER
	* __ANON_14
	* LEVEL
	* DOES
	* EXCHANGE
	* THAT
	* X
	* CONNIVE
	* DETAIN
	* UNTAP
	* AS
	* CREATE
	* CAN
	* DOUBLE
	* TYPE
	* ADAPT
	* EFFECTSTATUSMODIFIER
	* SUBTYPELAND
	* BECOME
	* LOSE
	* HAS
	* UP
	* LSQB
	* UNTIL
	* FIGHT
	* TURN
	* __ANON_19
	* FORAGE
	* BOLSTER
	* AT
	* OTHERWISE
	* THESE
	* DISCARDED
	* ATTACH
	* THIS
	* EACH
","[+2]: Put two +1/+1 counters on up to one target Dinosaur you control.
[−3]: Target Dinosaur you control deals damage equal to its power to target creature you do not control.
[−7]: Dinosaurs you control get +4/+4 until end of turn."
281,Elaborate Firecannon,510.8964304880001,False,"No terminal matches ',' in the current parser context, at line 3 col 32

At the beginning of your upkeep, you may discard a card. If you do, unt
                               ^
Expected one of: 
	* DASH
	* WORD
","~ does not untap during your untap step.
{4}, {T}: ~ deals 2 damage to any target.
At the beginning of your upkeep, you may discard a card. If you do, untap ~."
282,Woodland Stream,108.77528760800033,False,"No terminal matches 'A' in the current parser context, at line 2 col 6

{T}: Add {G} or {U}.
     ^
Expected one of: 
	* UNDER
	* TAPPEDSTATUSMODIFIER
	* STAR
	* FROM
	* OBJECTCHARACTERISTIC
	* PROLIFERATE
	* SUSPECT
	* TAKE
	* NON
	* CYCLED
	* WIN
	* REMOVE
	* BLOCK
	* SAME
	* DISCARD
	* HAD
	* CHOSE
	* GOAD
	* SEARCH
	* DRAW
	* DIE
	* LBRACE
	* EQUAL
	* GAINED
	* EXPLORES
	* COLORTERM
	* LOOK
	* SUBTYPESPELL
	* __ANON_18
	* PAY
	* LEARN
	* SHUFFLED
	* HIMSELF
	* CYCLE
	* GET
	* DEAL
	* SPEND
	* HAVE
	* CAST
	* SACRIFICE
	* A
	* DREW
	* EXERT
	* ONLY
	* ATTACHED
	* ITSELF
	* ITS
	* TAPSYMBOL
	* WITH
	* LESS
	* ADDITIONAL
	* ORDINAL
	* __ANON_17
	* __ANON_21
	* FLIP
	* AFTER
	* FATESEAL
	* PUT
	* INVESTIGATE
	* OTHER
	* ALL
	* SUBTYPECREATUREB
	* THEN
	* CONTROLLED
	* SCRY
	* HERSELF
	* MANIFEST
	* SURVEIL
	* ONTO
	* WITHOUT
	* QUALIFIER
	* PLAY
	* ZONE
	* GAIN
	* SHUFFLE
	* SACRIFICED
	* WHEN
	* PLAYERCHARACTERISTIC
	* DO
	* MILL
	* REVEALED
	* TURNED
	* SUPERTYPE
	* REGENERATE
	* UNTAPSYMBOL
	* SUBTYPEARTIFACT
	* TIMES
	* SKIP
	* WOULD
	* AN
	* CONTROL
	* TAP
	* PLAYERTERM
	* AMASS
	* DAMAGETYPE
	* WHILE
	* SUBTYPEPLANAR
	* PLAYED
	* DESTROY
	* INTO
	* UNATTACH
	* EXILE
	* ABILITYMODIFIER
	* IS
	* WHENEVER
	* SWITCH
	* THEIR
	* FOR
	* BE
	* UNATTACHED
	* PREVENT
	* CONVERT
	* ACTIVATE
	* BLOCKED
	* COUNTER
	* BEEN
	* ANY
	* GREATER
	* SUPPORT
	* ATTACK
	* CLOAK
	* SUBTYPEENCHANTMENT
	* CARDINAL
	* IT
	* THOSE
	* CHOOSE
	* THEM
	* YOUR
	* __ANON_15
	* DASH
	* INCUBATE
	* MAY
	* REMAIN
	* LOOKED
	* THE
	* NO
	* NAMEREFSYMBOL
	* __ANON_20
	* SUBTYPEPLANESWALKER
	* ASSIGN
	* FREQUENCY
	* SUBTYPECREATUREA
	* TARGET
	* NUMBER
	* CLASH
	* POPULATE
	* ABANDON
	* IN
	* ADD
	* ON
	* SEARCHED
	* REVEAL
	* MONSTROSITY
	* MELD
	* ABLE
	* WHO
	* MORE
	* RETURN
	* COMBATSTATUSMODIFIER
	* KEYWORDSTATUSMODIFIER
	* IF
	* TRANSFORM
	* ATTACKED
	* DISCOVER
	* __ANON_14
	* LEVEL
	* DOES
	* EXCHANGE
	* THAT
	* X
	* CONNIVE
	* DETAIN
	* UNTAP
	* AS
	* CREATE
	* CAN
	* DOUBLE
	* TYPE
	* ADAPT
	* EFFECTSTATUSMODIFIER
	* SUBTYPELAND
	* BECOME
	* LOSE
	* HAS
	* UP
	* LSQB
	* UNTIL
	* FIGHT
	* TURN
	* __ANON_19
	* FORAGE
	* BOLSTER
	* AT
	* OTHERWISE
	* THESE
	* DISCARDED
	* ATTACH
	* THIS
	* EACH
","~ enters tapped.
{T}: Add {G} or {U}."
283,Stone Quarry,83.19044790800035,False,"No terminal matches 'A' in the current parser context, at line 2 col 6

{T}: Add {R} or {W}.
     ^
Expected one of: 
	* UNDER
	* TAPPEDSTATUSMODIFIER
	* STAR
	* FROM
	* OBJECTCHARACTERISTIC
	* PROLIFERATE
	* SUSPECT
	* TAKE
	* NON
	* CYCLED
	* WIN
	* REMOVE
	* BLOCK
	* SAME
	* DISCARD
	* HAD
	* CHOSE
	* GOAD
	* SEARCH
	* DRAW
	* DIE
	* LBRACE
	* EQUAL
	* GAINED
	* EXPLORES
	* COLORTERM
	* LOOK
	* SUBTYPESPELL
	* __ANON_18
	* PAY
	* LEARN
	* SHUFFLED
	* HIMSELF
	* CYCLE
	* GET
	* DEAL
	* SPEND
	* HAVE
	* CAST
	* SACRIFICE
	* A
	* DREW
	* EXERT
	* ONLY
	* ATTACHED
	* ITSELF
	* ITS
	* TAPSYMBOL
	* WITH
	* LESS
	* ADDITIONAL
	* ORDINAL
	* __ANON_17
	* __ANON_21
	* FLIP
	* AFTER
	* FATESEAL
	* PUT
	* INVESTIGATE
	* OTHER
	* ALL
	* SUBTYPECREATUREB
	* THEN
	* CONTROLLED
	* SCRY
	* HERSELF
	* MANIFEST
	* SURVEIL
	* ONTO
	* WITHOUT
	* QUALIFIER
	* PLAY
	* ZONE
	* GAIN
	* SHUFFLE
	* SACRIFICED
	* WHEN
	* PLAYERCHARACTERISTIC
	* DO
	* MILL
	* REVEALED
	* TURNED
	* SUPERTYPE
	* REGENERATE
	* UNTAPSYMBOL
	* SUBTYPEARTIFACT
	* TIMES
	* SKIP
	* WOULD
	* AN
	* CONTROL
	* TAP
	* PLAYERTERM
	* AMASS
	* DAMAGETYPE
	* WHILE
	* SUBTYPEPLANAR
	* PLAYED
	* DESTROY
	* INTO
	* UNATTACH
	* EXILE
	* ABILITYMODIFIER
	* IS
	* WHENEVER
	* SWITCH
	* THEIR
	* FOR
	* BE
	* UNATTACHED
	* PREVENT
	* CONVERT
	* ACTIVATE
	* BLOCKED
	* COUNTER
	* BEEN
	* ANY
	* GREATER
	* SUPPORT
	* ATTACK
	* CLOAK
	* SUBTYPEENCHANTMENT
	* CARDINAL
	* IT
	* THOSE
	* CHOOSE
	* THEM
	* YOUR
	* __ANON_15
	* DASH
	* INCUBATE
	* MAY
	* REMAIN
	* LOOKED
	* THE
	* NO
	* NAMEREFSYMBOL
	* __ANON_20
	* SUBTYPEPLANESWALKER
	* ASSIGN
	* FREQUENCY
	* SUBTYPECREATUREA
	* TARGET
	* NUMBER
	* CLASH
	* POPULATE
	* ABANDON
	* IN
	* ADD
	* ON
	* SEARCHED
	* REVEAL
	* MONSTROSITY
	* MELD
	* ABLE
	* WHO
	* MORE
	* RETURN
	* COMBATSTATUSMODIFIER
	* KEYWORDSTATUSMODIFIER
	* IF
	* TRANSFORM
	* ATTACKED
	* DISCOVER
	* __ANON_14
	* LEVEL
	* DOES
	* EXCHANGE
	* THAT
	* X
	* CONNIVE
	* DETAIN
	* UNTAP
	* AS
	* CREATE
	* CAN
	* DOUBLE
	* TYPE
	* ADAPT
	* EFFECTSTATUSMODIFIER
	* SUBTYPELAND
	* BECOME
	* LOSE
	* HAS
	* UP
	* LSQB
	* UNTIL
	* FIGHT
	* TURN
	* __ANON_19
	* FORAGE
	* BOLSTER
	* AT
	* OTHERWISE
	* THESE
	* DISCARDED
	* ATTACH
	* THIS
	* EACH
","~ enters tapped.
{T}: Add {R} or {W}."
