,name,duration,parsed,error,text
0,Aven Cloudchaser,22.452399085999986,False,"No terminal matches '(' in the current parser context, at line 1 col 8

Flying (This creature can not be blocked except
       ^
Expected one of: 
	* WORD
	* DASH
","Flying (This creature can not be blocked except by creatures with flying or reach.)
When ~ enters, destroy target enchantment."
1,Aura of Silence,22.831957531,False,"No terminal matches '{' in the current parser context, at line 1 col 58

antment spells your opponents cast cost {2} more to cast.
                                        ^
Expected one of: 
	* WORD
	* DASH
","Artifact and enchantment spells your opponents cast cost {2} more to cast.
Sacrifice ~: Destroy target artifact or enchantment."
2,Angelic Chorus,22.72236381899998,False,"No terminal matches ',' in the current parser context, at line 1 col 39

Whenever a creature you control enters, you gain life equal to its toughness.
                                      ^
Expected one of: 
	* WORD
	* DASH
","Whenever a creature you control enters, you gain life equal to its toughness."
3,Angel of Mercy,22.788754420000004,False,"No terminal matches '~' in the current parser context, at line 2 col 6

When ~ enters, you gain 3 life.
     ^
Expected one of: 
	* WORD
	* DASH
","Flying
When ~ enters, you gain 3 life."
4,Angelic Wall,22.77619285,False,"No terminal matches '(' in the current parser context, at line 1 col 10

Defender (This creature can not attack.)
         ^
Expected one of: 
	* WORD
	* DASH
","Defender (This creature can not attack.)
Flying"
5,Ancestor's Chosen,22.88305676799999,False,"No terminal matches '(' in the current parser context, at line 1 col 14

First strike (This creature deals combat damage befor
             ^
Expected one of: 
	* WORD
	* DASH
","First strike (This creature deals combat damage before creatures without first strike.)
When ~ enters, you gain 1 life for each card in your graveyard."
6,Angelic Blessing,22.887000314999995,False,"No terminal matches '+' in the current parser context, at line 1 col 22

Target creature gets +3/+3 and gains flying until end of turn
                     ^
Expected one of: 
	* WORD
	* DASH
",Target creature gets +3/+3 and gains flying until end of turn. (It can not be blocked except by creatures with flying or reach.)
7,Demystify,23.957216779999982,False,"No terminal matches '.' in the current parser context, at line 1 col 27

Destroy target enchantment.
                          ^
Expected one of: 
	* WORD
	* DASH
",Destroy target enchantment.
8,Bandage,24.45290590100001,False,"No terminal matches '1' in the current parser context, at line 1 col 18

Prevent the next 1 damage that would be dealt to any targ
                 ^
Expected one of: 
	* WORD
	* DASH
","Prevent the next 1 damage that would be dealt to any target this turn.
Draw a card."
9,Benalish Knight,24.78364223600002,False,"No terminal matches '(' in the current parser context, at line 1 col 7

Flash (You may cast this spell any time you co
      ^
Expected one of: 
	* WORD
	* DASH
","Flash (You may cast this spell any time you could cast an instant.)
First strike (This creature deals combat damage before creatures without first strike.)"
10,Beacon of Immortality,25.04583625700002,False,"No terminal matches ''' in the current parser context, at line 1 col 21

Double target player's life total. Shuffle ~ into its owner'
                    ^
Expected one of: 
	* WORD
	* DASH
",Double target player's life total. Shuffle ~ into its owner's library.
11,"Cho-Manno, Revolutionary",25.037062692000006,False,"No terminal matches '~' in the current parser context, at line 1 col 43

event all damage that would be dealt to ~f.
                                        ^
Expected one of: 
	* WORD
	* DASH
",Prevent all damage that would be dealt to ~f.
12,Condemn,25.076210881999998,False,"No terminal matches ''' in the current parser context, at line 1 col 57

king creature on the bottom of its owner's library. Its controller gains life eq
                                        ^
Expected one of: 
	* WORD
	* DASH
",Put target attacking creature on the bottom of its owner's library. Its controller gains life equal to its toughness.
13,Field Marshal,25.122807265999995,False,"No terminal matches '+' in the current parser context, at line 1 col 29

Other Soldier creatures get +1/+1 and have first strike. (They deal 
                            ^
Expected one of: 
	* WORD
	* DASH
",Other Soldier creatures get +1/+1 and have first strike. (They deal combat damage before creatures without first strike.)
14,Glorious Anthem,22.50512909600002,False,"No terminal matches '+' in the current parser context, at line 1 col 27

Creatures you control get +1/+1.
                          ^
Expected one of: 
	* WORD
	* DASH
",Creatures you control get +1/+1.
15,Heart of Light,22.821220386999983,False,"No terminal matches '(' in the current parser context, at line 1 col 18

Enchant creature (Target a creature as you cast this. Thi
                 ^
Expected one of: 
	* WORD
	* DASH
","Enchant creature (Target a creature as you cast this. This card enters attached to that creature.)
Prevent all damage that would be dealt to and dealt by enchanted creature."
16,High Ground,22.80735871799999,False,"No terminal matches '.' in the current parser context, at line 1 col 71

block an additional creature each combat.
                                        ^
Expected one of: 
	* WORD
	* DASH
",Each creature you control can block an additional creature each combat.
17,Holy Day,22.898587755000023,False,"No terminal matches '.' in the current parser context, at line 1 col 56

bat damage that would be dealt this turn.
                                        ^
Expected one of: 
	* WORD
	* DASH
",Prevent all combat damage that would be dealt this turn.
18,Holy Strength,22.817187848000003,False,"No terminal matches '+' in the current parser context, at line 2 col 25

Enchanted creature gets +1/+2.
                        ^
Expected one of: 
	* WORD
	* DASH
","Enchant creature
Enchanted creature gets +1/+2."
19,Ghost Warden,46.67960101699998,False,"No terminal matches 'T' in the current parser context, at line 1 col 6

{T}: Target creature gets +1/+1 until end of 
     ^
Expected one of: 
	* OTHERWISE
	* MELD
	* BEEN
	* LOSE
	* REMOVE
	* SHUFFLED
	* __ANON_17
	* TAPPEDSTATUSMODIFIER
	* ONTO
	* IN
	* TAP
	* OBJECTCHARACTERISTIC
	* SPEND
	* ADD
	* TAKE
	* FROM
	* TURN
	* ATTACH
	* DETAIN
	* CONTROL
	* AFTER
	* DISCARD
	* CREATE
	* ADAPT
	* THAT
	* INTO
	* __ANON_20
	* MONSTROSITY
	* DOUBLE
	* THEM
	* ANY
	* SUBTYPECREATUREA
	* ALL
	* WITH
	* THEN
	* MILL
	* AMASS
	* PLAY
	* UNATTACH
	* EXPLORES
	* DIE
	* ORDINAL
	* COUNTER
	* SUBTYPELAND
	* CLASH
	* __ANON_15
	* YOUR
	* AT
	* WITHOUT
	* CHOSE
	* SUBTYPEENCHANTMENT
	* SCRY
	* DRAW
	* SAME
	* ACTIVATE
	* PROLIFERATE
	* CAST
	* BLOCK
	* IS
	* FIGHT
	* LEARN
	* GAINED
	* EXILE
	* UNDER
	* HERSELF
	* LOOK
	* SACRIFICED
	* INVESTIGATE
	* A
	* LBRACE
	* NO
	* SUBTYPECREATUREB
	* SEARCH
	* SKIP
	* ATTACK
	* BECOME
	* THEIR
	* FATESEAL
	* LESS
	* REGENERATE
	* SURVEIL
	* PLAYERCHARACTERISTIC
	* ABANDON
	* DOES
	* DISCOVER
	* SUBTYPEPLANESWALKER
	* ITSELF
	* UNTIL
	* CARDINAL
	* EXCHANGE
	* SUBTYPESPELL
	* DREW
	* DASH
	* ABILITYMODIFIER
	* TYPE
	* SUSPECT
	* FLIP
	* HAS
	* CONNIVE
	* UP
	* SUPPORT
	* AN
	* GAIN
	* STAR
	* X
	* NON
	* FREQUENCY
	* OTHER
	* __ANON_18
	* SWITCH
	* UNATTACHED
	* DO
	* WOULD
	* BOLSTER
	* CLOAK
	* ATTACHED
	* TRANSFORM
	* HIMSELF
	* REVEALED
	* CHOOSE
	* MANIFEST
	* NAMEREFSYMBOL
	* BLOCKED
	* SEARCHED
	* TARGET
	* BE
	* SUBTYPEARTIFACT
	* THIS
	* IT
	* WHEN
	* EFFECTSTATUSMODIFIER
	* WHENEVER
	* GOAD
	* PLAYED
	* POPULATE
	* AS
	* __ANON_14
	* GREATER
	* MAY
	* FOR
	* HAD
	* HAVE
	* MORE
	* NUMBER
	* PLAYERTERM
	* PAY
	* ABLE
	* ASSIGN
	* TAPSYMBOL
	* QUALIFIER
	* ONLY
	* COMBATSTATUSMODIFIER
	* ATTACKED
	* GET
	* SUBTYPEPLANAR
	* FORAGE
	* CAN
	* CYCLED
	* __ANON_21
	* PREVENT
	* KEYWORDSTATUSMODIFIER
	* RETURN
	* TIMES
	* PUT
	* ZONE
	* ITS
	* REVEAL
	* INCUBATE
	* ON
	* UNTAPSYMBOL
	* SHUFFLE
	* UNTAP
	* THOSE
	* WIN
	* DEAL
	* COLORTERM
	* EQUAL
	* WHILE
	* LOOKED
	* CYCLE
	* SUPERTYPE
	* LSQB
	* SACRIFICE
	* REMAIN
	* IF
	* EXERT
	* THESE
	* DESTROY
	* EACH
	* WHO
	* THE
	* LEVEL
	* ADDITIONAL
	* TURNED
	* CONVERT
	* DAMAGETYPE
	* __ANON_19
	* CONTROLLED
	* DISCARDED
",{T}: Target creature gets +1/+1 until end of turn.
20,Loyal Sentry,24.727058788999955,False,"No terminal matches '~' in the current parser context, at line 1 col 6

When ~ blocks a creature, destroy that creatu
     ^
Expected one of: 
	* WORD
	* DASH
","When ~ blocks a creature, destroy that creature and ~."
21,Hail of Arrows,59.79899347,False,"No terminal matches 'X' in the current parser context, at line 1 col 9

~ deals X damage divided as you choose among any
        ^
Expected one of: 
	* MELD
	* IN
	* SHUFFLED
	* LOSE
	* REMOVE
	* TAPPEDSTATUSMODIFIER
	* __ANON_17
	* ONTO
	* OBJECTCHARACTERISTIC
	* TAP
	* SPEND
	* ADD
	* TAKE
	* FROM
	* TURN
	* ATTACH
	* DETAIN
	* CONTROL
	* DISCARD
	* CREATE
	* ADAPT
	* THAT
	* INTO
	* __ANON_20
	* MONSTROSITY
	* DOUBLE
	* THEM
	* ANY
	* SUBTYPECREATUREA
	* ALL
	* WITH
	* AMASS
	* MILL
	* PLAY
	* UNATTACH
	* EXPLORES
	* ORDINAL
	* DIE
	* COUNTER
	* SUBTYPELAND
	* CLASH
	* __ANON_15
	* YOUR
	* WITHOUT
	* CHOSE
	* SUBTYPEENCHANTMENT
	* SCRY
	* DRAW
	* SAME
	* ACTIVATE
	* PROLIFERATE
	* CAST
	* BLOCK
	* LEARN
	* FIGHT
	* GAINED
	* EXILE
	* UNDER
	* HERSELF
	* LOOK
	* SACRIFICED
	* INVESTIGATE
	* A
	* NO
	* LBRACE
	* SUBTYPECREATUREB
	* SEARCH
	* SKIP
	* ATTACK
	* THEIR
	* FATESEAL
	* LESS
	* REGENERATE
	* SURVEIL
	* PLAYERCHARACTERISTIC
	* ABANDON
	* DISCOVER
	* SUBTYPEPLANESWALKER
	* ITSELF
	* CARDINAL
	* EXCHANGE
	* SUBTYPESPELL
	* DREW
	* ABILITYMODIFIER
	* TYPE
	* SUSPECT
	* FLIP
	* CONNIVE
	* UP
	* SUPPORT
	* AN
	* GAIN
	* STAR
	* X
	* NON
	* FREQUENCY
	* OTHER
	* __ANON_18
	* SWITCH
	* UNATTACHED
	* CLOAK
	* BOLSTER
	* ATTACHED
	* TRANSFORM
	* REVEALED
	* HIMSELF
	* CHOOSE
	* MANIFEST
	* BLOCKED
	* NAMEREFSYMBOL
	* SEARCHED
	* TARGET
	* SUBTYPEARTIFACT
	* THIS
	* IT
	* EFFECTSTATUSMODIFIER
	* GOAD
	* PLAYED
	* POPULATE
	* __ANON_14
	* GREATER
	* MORE
	* NUMBER
	* PLAYERTERM
	* PAY
	* ABLE
	* ASSIGN
	* QUALIFIER
	* ONLY
	* COMBATSTATUSMODIFIER
	* ATTACKED
	* GET
	* SUBTYPEPLANAR
	* FORAGE
	* CYCLED
	* __ANON_21
	* PREVENT
	* KEYWORDSTATUSMODIFIER
	* RETURN
	* TIMES
	* PUT
	* ZONE
	* ITS
	* REVEAL
	* INCUBATE
	* ON
	* SHUFFLE
	* UNTAP
	* THOSE
	* WIN
	* DEAL
	* COLORTERM
	* EQUAL
	* LOOKED
	* CYCLE
	* SUPERTYPE
	* SACRIFICE
	* REMAIN
	* EXERT
	* EACH
	* THESE
	* DESTROY
	* WHO
	* ADDITIONAL
	* THE
	* LEVEL
	* TURNED
	* CONVERT
	* DAMAGETYPE
	* __ANON_19
	* CONTROLLED
	* DISCARDED
",~ deals X damage divided as you choose among any number of target attacking creatures.
22,Luminesce,25.397594914000024,False,"No terminal matches '.' in the current parser context, at line 1 col 75

ces and red sources would deal this turn.
                                        ^
Expected one of: 
	* WORD
	* DASH
",Prevent all damage that black sources and red sources would deal this turn.
23,Kjeldoran Royal Guard,49.376522428000044,False,"No terminal matches 'A' in the current parser context, at line 1 col 6

{T}: All combat damage that would be dealt to
     ^
Expected one of: 
	* OTHERWISE
	* MELD
	* BEEN
	* LOSE
	* REMOVE
	* SHUFFLED
	* __ANON_17
	* TAPPEDSTATUSMODIFIER
	* ONTO
	* IN
	* TAP
	* OBJECTCHARACTERISTIC
	* SPEND
	* ADD
	* TAKE
	* FROM
	* TURN
	* ATTACH
	* DETAIN
	* CONTROL
	* AFTER
	* DISCARD
	* CREATE
	* ADAPT
	* THAT
	* INTO
	* __ANON_20
	* MONSTROSITY
	* DOUBLE
	* THEM
	* ANY
	* SUBTYPECREATUREA
	* ALL
	* WITH
	* THEN
	* MILL
	* AMASS
	* PLAY
	* UNATTACH
	* EXPLORES
	* DIE
	* ORDINAL
	* COUNTER
	* SUBTYPELAND
	* CLASH
	* __ANON_15
	* YOUR
	* AT
	* WITHOUT
	* CHOSE
	* SUBTYPEENCHANTMENT
	* SCRY
	* DRAW
	* SAME
	* ACTIVATE
	* PROLIFERATE
	* CAST
	* BLOCK
	* IS
	* FIGHT
	* LEARN
	* GAINED
	* EXILE
	* UNDER
	* HERSELF
	* LOOK
	* SACRIFICED
	* INVESTIGATE
	* A
	* LBRACE
	* NO
	* SUBTYPECREATUREB
	* SEARCH
	* SKIP
	* ATTACK
	* BECOME
	* THEIR
	* FATESEAL
	* LESS
	* REGENERATE
	* SURVEIL
	* PLAYERCHARACTERISTIC
	* ABANDON
	* DOES
	* DISCOVER
	* SUBTYPEPLANESWALKER
	* ITSELF
	* UNTIL
	* CARDINAL
	* EXCHANGE
	* SUBTYPESPELL
	* DREW
	* DASH
	* ABILITYMODIFIER
	* TYPE
	* SUSPECT
	* FLIP
	* HAS
	* CONNIVE
	* UP
	* SUPPORT
	* AN
	* GAIN
	* STAR
	* X
	* NON
	* FREQUENCY
	* OTHER
	* __ANON_18
	* SWITCH
	* UNATTACHED
	* DO
	* WOULD
	* BOLSTER
	* CLOAK
	* ATTACHED
	* TRANSFORM
	* HIMSELF
	* REVEALED
	* CHOOSE
	* MANIFEST
	* NAMEREFSYMBOL
	* BLOCKED
	* SEARCHED
	* TARGET
	* BE
	* SUBTYPEARTIFACT
	* THIS
	* IT
	* WHEN
	* EFFECTSTATUSMODIFIER
	* WHENEVER
	* GOAD
	* PLAYED
	* POPULATE
	* AS
	* __ANON_14
	* GREATER
	* MAY
	* FOR
	* HAD
	* HAVE
	* MORE
	* NUMBER
	* PLAYERTERM
	* PAY
	* ABLE
	* ASSIGN
	* TAPSYMBOL
	* QUALIFIER
	* ONLY
	* COMBATSTATUSMODIFIER
	* ATTACKED
	* GET
	* SUBTYPEPLANAR
	* FORAGE
	* CAN
	* CYCLED
	* __ANON_21
	* PREVENT
	* KEYWORDSTATUSMODIFIER
	* RETURN
	* TIMES
	* PUT
	* ZONE
	* ITS
	* REVEAL
	* INCUBATE
	* ON
	* UNTAPSYMBOL
	* SHUFFLE
	* UNTAP
	* THOSE
	* WIN
	* DEAL
	* COLORTERM
	* EQUAL
	* WHILE
	* LOOKED
	* CYCLE
	* SUPERTYPE
	* LSQB
	* SACRIFICE
	* REMAIN
	* IF
	* EXERT
	* THESE
	* DESTROY
	* EACH
	* WHO
	* THE
	* LEVEL
	* ADDITIONAL
	* TURNED
	* CONVERT
	* DAMAGETYPE
	* __ANON_19
	* CONTROLLED
	* DISCARDED
",{T}: All combat damage that would be dealt to you by unblocked creatures this turn is dealt to ~ instead.
24,Mobilization,24.947282895,False,"No terminal matches '.' in the current parser context, at line 1 col 33

Soldier creatures have vigilance.
                                ^
Expected one of: 
	* WORD
	* DASH
","Soldier creatures have vigilance.
{2}{W}: Create a 1/1 white Soldier creature token."
25,Ballista Squad,138.997598196,False,"No terminal matches 'X' in the current parser context, at line 1 col 22

{X}{W}, {T}: ~ deals X damage to target attacking or blocking
                     ^
Expected one of: 
	* MELD
	* IN
	* SHUFFLED
	* LOSE
	* REMOVE
	* TAPPEDSTATUSMODIFIER
	* __ANON_17
	* ONTO
	* OBJECTCHARACTERISTIC
	* TAP
	* SPEND
	* ADD
	* TAKE
	* FROM
	* TURN
	* ATTACH
	* DETAIN
	* CONTROL
	* DISCARD
	* CREATE
	* ADAPT
	* THAT
	* INTO
	* __ANON_20
	* MONSTROSITY
	* DOUBLE
	* THEM
	* ANY
	* SUBTYPECREATUREA
	* ALL
	* WITH
	* AMASS
	* MILL
	* PLAY
	* UNATTACH
	* EXPLORES
	* ORDINAL
	* DIE
	* COUNTER
	* SUBTYPELAND
	* CLASH
	* __ANON_15
	* YOUR
	* WITHOUT
	* CHOSE
	* SUBTYPEENCHANTMENT
	* SCRY
	* DRAW
	* SAME
	* ACTIVATE
	* PROLIFERATE
	* CAST
	* BLOCK
	* LEARN
	* FIGHT
	* GAINED
	* EXILE
	* UNDER
	* HERSELF
	* LOOK
	* SACRIFICED
	* INVESTIGATE
	* A
	* NO
	* LBRACE
	* SUBTYPECREATUREB
	* SEARCH
	* SKIP
	* ATTACK
	* THEIR
	* FATESEAL
	* LESS
	* REGENERATE
	* SURVEIL
	* PLAYERCHARACTERISTIC
	* ABANDON
	* DISCOVER
	* SUBTYPEPLANESWALKER
	* ITSELF
	* CARDINAL
	* EXCHANGE
	* SUBTYPESPELL
	* DREW
	* ABILITYMODIFIER
	* TYPE
	* SUSPECT
	* FLIP
	* CONNIVE
	* UP
	* SUPPORT
	* AN
	* GAIN
	* STAR
	* X
	* NON
	* FREQUENCY
	* OTHER
	* __ANON_18
	* SWITCH
	* UNATTACHED
	* CLOAK
	* BOLSTER
	* ATTACHED
	* TRANSFORM
	* REVEALED
	* HIMSELF
	* CHOOSE
	* MANIFEST
	* BLOCKED
	* NAMEREFSYMBOL
	* SEARCHED
	* TARGET
	* SUBTYPEARTIFACT
	* THIS
	* IT
	* EFFECTSTATUSMODIFIER
	* GOAD
	* PLAYED
	* POPULATE
	* __ANON_14
	* GREATER
	* MORE
	* NUMBER
	* PLAYERTERM
	* PAY
	* ABLE
	* ASSIGN
	* QUALIFIER
	* ONLY
	* COMBATSTATUSMODIFIER
	* ATTACKED
	* GET
	* SUBTYPEPLANAR
	* FORAGE
	* CYCLED
	* __ANON_21
	* PREVENT
	* KEYWORDSTATUSMODIFIER
	* RETURN
	* TIMES
	* PUT
	* ZONE
	* ITS
	* REVEAL
	* INCUBATE
	* ON
	* SHUFFLE
	* UNTAP
	* THOSE
	* WIN
	* DEAL
	* COLORTERM
	* EQUAL
	* LOOKED
	* CYCLE
	* SUPERTYPE
	* SACRIFICE
	* REMAIN
	* EXERT
	* EACH
	* THESE
	* DESTROY
	* WHO
	* ADDITIONAL
	* THE
	* LEVEL
	* TURNED
	* CONVERT
	* DAMAGETYPE
	* __ANON_19
	* CONTROLLED
	* DISCARDED
","{X}{W}, {T}: ~ deals X damage to target attacking or blocking creature."
26,Pacifism,23.041750693999973,False,"No terminal matches '.' in the current parser context, at line 2 col 43

chanted creature can not attack or block.
                                        ^
Expected one of: 
	* WORD
	* DASH
","Enchant creature
Enchanted creature can not attack or block."
27,Paladin en-Vec,22.529382542000008,False,"No terminal matches ',' in the current parser context, at line 1 col 13

First strike, protection from black and from red (Th
            ^
Expected one of: 
	* WORD
	* DASH
","First strike, protection from black and from red (This creature deals combat damage before creatures without first strike. It can not be blocked, targeted, dealt damage, or enchanted by anything black or red.)"
28,Pariah,25.31178534099996,False,"No terminal matches '.' in the current parser context, at line 2 col 77

u is dealt to enchanted creature instead.
                                        ^
Expected one of: 
	* WORD
	* DASH
","Enchant creature
All damage that would be dealt to you is dealt to enchanted creature instead."
29,Loxodon Mystic,87.29432190800003,False,"No terminal matches 'T' in the current parser context, at line 1 col 11

{W}, {T}: Tap target creature.
          ^
Expected one of: 
	* OTHERWISE
	* MELD
	* BEEN
	* LOSE
	* REMOVE
	* SHUFFLED
	* __ANON_17
	* TAPPEDSTATUSMODIFIER
	* ONTO
	* IN
	* TAP
	* OBJECTCHARACTERISTIC
	* SPEND
	* ADD
	* TAKE
	* FROM
	* TURN
	* ATTACH
	* DETAIN
	* CONTROL
	* AFTER
	* DISCARD
	* CREATE
	* ADAPT
	* THAT
	* INTO
	* __ANON_20
	* MONSTROSITY
	* DOUBLE
	* THEM
	* ANY
	* SUBTYPECREATUREA
	* ALL
	* WITH
	* THEN
	* MILL
	* AMASS
	* PLAY
	* UNATTACH
	* EXPLORES
	* DIE
	* ORDINAL
	* COUNTER
	* SUBTYPELAND
	* CLASH
	* __ANON_15
	* YOUR
	* AT
	* WITHOUT
	* CHOSE
	* SUBTYPEENCHANTMENT
	* SCRY
	* DRAW
	* SAME
	* ACTIVATE
	* PROLIFERATE
	* CAST
	* BLOCK
	* IS
	* FIGHT
	* LEARN
	* GAINED
	* EXILE
	* UNDER
	* HERSELF
	* LOOK
	* SACRIFICED
	* INVESTIGATE
	* A
	* LBRACE
	* NO
	* SUBTYPECREATUREB
	* SEARCH
	* SKIP
	* ATTACK
	* BECOME
	* THEIR
	* FATESEAL
	* LESS
	* REGENERATE
	* SURVEIL
	* PLAYERCHARACTERISTIC
	* ABANDON
	* DOES
	* DISCOVER
	* SUBTYPEPLANESWALKER
	* ITSELF
	* UNTIL
	* CARDINAL
	* EXCHANGE
	* SUBTYPESPELL
	* DREW
	* DASH
	* ABILITYMODIFIER
	* TYPE
	* SUSPECT
	* FLIP
	* HAS
	* CONNIVE
	* UP
	* SUPPORT
	* AN
	* GAIN
	* STAR
	* X
	* NON
	* FREQUENCY
	* OTHER
	* __ANON_18
	* SWITCH
	* UNATTACHED
	* DO
	* WOULD
	* BOLSTER
	* CLOAK
	* ATTACHED
	* TRANSFORM
	* HIMSELF
	* REVEALED
	* CHOOSE
	* MANIFEST
	* NAMEREFSYMBOL
	* BLOCKED
	* SEARCHED
	* TARGET
	* BE
	* SUBTYPEARTIFACT
	* THIS
	* IT
	* WHEN
	* EFFECTSTATUSMODIFIER
	* WHENEVER
	* GOAD
	* PLAYED
	* POPULATE
	* AS
	* __ANON_14
	* GREATER
	* MAY
	* FOR
	* HAD
	* HAVE
	* MORE
	* NUMBER
	* PLAYERTERM
	* PAY
	* ABLE
	* ASSIGN
	* TAPSYMBOL
	* QUALIFIER
	* ONLY
	* COMBATSTATUSMODIFIER
	* ATTACKED
	* GET
	* SUBTYPEPLANAR
	* FORAGE
	* CAN
	* CYCLED
	* __ANON_21
	* PREVENT
	* KEYWORDSTATUSMODIFIER
	* RETURN
	* TIMES
	* PUT
	* ZONE
	* ITS
	* REVEAL
	* INCUBATE
	* ON
	* UNTAPSYMBOL
	* SHUFFLE
	* UNTAP
	* THOSE
	* WIN
	* DEAL
	* COLORTERM
	* EQUAL
	* WHILE
	* LOOKED
	* CYCLE
	* SUPERTYPE
	* LSQB
	* SACRIFICE
	* REMAIN
	* IF
	* EXERT
	* THESE
	* DESTROY
	* EACH
	* WHO
	* THE
	* LEVEL
	* ADDITIONAL
	* TURNED
	* CONVERT
	* DAMAGETYPE
	* __ANON_19
	* CONTROLLED
	* DISCARDED
","{W}, {T}: Tap target creature."
30,Reviving Dose,24.774743725999997,False,"No terminal matches '3' in the current parser context, at line 1 col 10

You gain 3 life.
         ^
Expected one of: 
	* WORD
	* DASH
","You gain 3 life.
Draw a card."
31,Reya Dawnbringer,24.864481946000012,False,"No terminal matches ',' in the current parser context, at line 2 col 32

At the beginning of your upkeep, you may return target creature card fr
                               ^
Expected one of: 
	* WORD
	* DASH
","Flying
At the beginning of your upkeep, you may return target creature card from your graveyard to the battlefield."
32,Righteousness,24.73804052400004,False,"No terminal matches '+' in the current parser context, at line 1 col 31

Target blocking creature gets +7/+7 until end of turn.
                              ^
Expected one of: 
	* WORD
	* DASH
",Target blocking creature gets +7/+7 until end of turn.
33,Rule of Law,22.697617261999994,False,"No terminal matches '.' in the current parser context, at line 1 col 55

n not cast more than one spell each turn.
                                        ^
Expected one of: 
	* WORD
	* DASH
",Each player can not cast more than one spell each turn.
34,Icatian Priest,105.58596028600005,False,"No terminal matches 'T' in the current parser context, at line 1 col 12

{1}{W}{W}: Target creature gets +1/+1 until end of 
           ^
Expected one of: 
	* OTHERWISE
	* MELD
	* BEEN
	* LOSE
	* REMOVE
	* SHUFFLED
	* __ANON_17
	* TAPPEDSTATUSMODIFIER
	* ONTO
	* IN
	* TAP
	* OBJECTCHARACTERISTIC
	* SPEND
	* ADD
	* TAKE
	* FROM
	* TURN
	* ATTACH
	* DETAIN
	* CONTROL
	* AFTER
	* DISCARD
	* CREATE
	* ADAPT
	* THAT
	* INTO
	* __ANON_20
	* MONSTROSITY
	* DOUBLE
	* THEM
	* ANY
	* SUBTYPECREATUREA
	* ALL
	* WITH
	* THEN
	* MILL
	* AMASS
	* PLAY
	* UNATTACH
	* EXPLORES
	* DIE
	* ORDINAL
	* COUNTER
	* SUBTYPELAND
	* CLASH
	* __ANON_15
	* YOUR
	* AT
	* WITHOUT
	* CHOSE
	* SUBTYPEENCHANTMENT
	* SCRY
	* DRAW
	* SAME
	* ACTIVATE
	* PROLIFERATE
	* CAST
	* BLOCK
	* IS
	* FIGHT
	* LEARN
	* GAINED
	* EXILE
	* UNDER
	* HERSELF
	* LOOK
	* SACRIFICED
	* INVESTIGATE
	* A
	* LBRACE
	* NO
	* SUBTYPECREATUREB
	* SEARCH
	* SKIP
	* ATTACK
	* BECOME
	* THEIR
	* FATESEAL
	* LESS
	* REGENERATE
	* SURVEIL
	* PLAYERCHARACTERISTIC
	* ABANDON
	* DOES
	* DISCOVER
	* SUBTYPEPLANESWALKER
	* ITSELF
	* UNTIL
	* CARDINAL
	* EXCHANGE
	* SUBTYPESPELL
	* DREW
	* DASH
	* ABILITYMODIFIER
	* TYPE
	* SUSPECT
	* FLIP
	* HAS
	* CONNIVE
	* UP
	* SUPPORT
	* AN
	* GAIN
	* STAR
	* X
	* NON
	* FREQUENCY
	* OTHER
	* __ANON_18
	* SWITCH
	* UNATTACHED
	* DO
	* WOULD
	* BOLSTER
	* CLOAK
	* ATTACHED
	* TRANSFORM
	* HIMSELF
	* REVEALED
	* CHOOSE
	* MANIFEST
	* NAMEREFSYMBOL
	* BLOCKED
	* SEARCHED
	* TARGET
	* BE
	* SUBTYPEARTIFACT
	* THIS
	* IT
	* WHEN
	* EFFECTSTATUSMODIFIER
	* WHENEVER
	* GOAD
	* PLAYED
	* POPULATE
	* AS
	* __ANON_14
	* GREATER
	* MAY
	* FOR
	* HAD
	* HAVE
	* MORE
	* NUMBER
	* PLAYERTERM
	* PAY
	* ABLE
	* ASSIGN
	* TAPSYMBOL
	* QUALIFIER
	* ONLY
	* COMBATSTATUSMODIFIER
	* ATTACKED
	* GET
	* SUBTYPEPLANAR
	* FORAGE
	* CAN
	* CYCLED
	* __ANON_21
	* PREVENT
	* KEYWORDSTATUSMODIFIER
	* RETURN
	* TIMES
	* PUT
	* ZONE
	* ITS
	* REVEAL
	* INCUBATE
	* ON
	* UNTAPSYMBOL
	* SHUFFLE
	* UNTAP
	* THOSE
	* WIN
	* DEAL
	* COLORTERM
	* EQUAL
	* WHILE
	* LOOKED
	* CYCLE
	* SUPERTYPE
	* LSQB
	* SACRIFICE
	* REMAIN
	* IF
	* EXERT
	* THESE
	* DESTROY
	* EACH
	* WHO
	* THE
	* LEVEL
	* ADDITIONAL
	* TURNED
	* CONVERT
	* DAMAGETYPE
	* __ANON_19
	* CONTROLLED
	* DISCARDED
",{1}{W}{W}: Target creature gets +1/+1 until end of turn.
35,Serra Angel,24.633852691000016,False,"No terminal matches ',' in the current parser context, at line 1 col 7

Flying, vigilance
      ^
Expected one of: 
	* WORD
	* DASH
","Flying, vigilance"
36,Serra's Embrace,22.760836143000006,False,"No terminal matches '+' in the current parser context, at line 2 col 25

Enchanted creature gets +2/+2 and has flying and vigilance. (Att
                        ^
Expected one of: 
	* WORD
	* DASH
","Enchant creature
Enchanted creature gets +2/+2 and has flying and vigilance. (Attacking does not cause it to tap.)"
37,Skyhunter Prowler,22.810986346999982,False,"No terminal matches ',' in the current parser context, at line 1 col 7

Flying, vigilance (This creature can not be bl
      ^
Expected one of: 
	* WORD
	* DASH
","Flying, vigilance (This creature can not be blocked except by creatures with flying or reach, and attacking does not cause this creature to tap.)"
38,Skyhunter Patrol,24.649415251999983,False,"No terminal matches ',' in the current parser context, at line 1 col 7

Flying, first strike (This creature can not be
      ^
Expected one of: 
	* WORD
	* DASH
","Flying, first strike (This creature can not be blocked except by creatures with flying or reach, and it deals combat damage before creatures without first strike.)"
39,Nomad Mythmaker,87.07486473400002,False,"No terminal matches 'P' in the current parser context, at line 1 col 11

{W}, {T}: Put target Aura card from a graveyard on
          ^
Expected one of: 
	* OTHERWISE
	* MELD
	* BEEN
	* LOSE
	* REMOVE
	* SHUFFLED
	* __ANON_17
	* TAPPEDSTATUSMODIFIER
	* ONTO
	* IN
	* TAP
	* OBJECTCHARACTERISTIC
	* SPEND
	* ADD
	* TAKE
	* FROM
	* TURN
	* ATTACH
	* DETAIN
	* CONTROL
	* AFTER
	* DISCARD
	* CREATE
	* ADAPT
	* THAT
	* INTO
	* __ANON_20
	* MONSTROSITY
	* DOUBLE
	* THEM
	* ANY
	* SUBTYPECREATUREA
	* ALL
	* WITH
	* THEN
	* MILL
	* AMASS
	* PLAY
	* UNATTACH
	* EXPLORES
	* DIE
	* ORDINAL
	* COUNTER
	* SUBTYPELAND
	* CLASH
	* __ANON_15
	* YOUR
	* AT
	* WITHOUT
	* CHOSE
	* SUBTYPEENCHANTMENT
	* SCRY
	* DRAW
	* SAME
	* ACTIVATE
	* PROLIFERATE
	* CAST
	* BLOCK
	* IS
	* FIGHT
	* LEARN
	* GAINED
	* EXILE
	* UNDER
	* HERSELF
	* LOOK
	* SACRIFICED
	* INVESTIGATE
	* A
	* LBRACE
	* NO
	* SUBTYPECREATUREB
	* SEARCH
	* SKIP
	* ATTACK
	* BECOME
	* THEIR
	* FATESEAL
	* LESS
	* REGENERATE
	* SURVEIL
	* PLAYERCHARACTERISTIC
	* ABANDON
	* DOES
	* DISCOVER
	* SUBTYPEPLANESWALKER
	* ITSELF
	* UNTIL
	* CARDINAL
	* EXCHANGE
	* SUBTYPESPELL
	* DREW
	* DASH
	* ABILITYMODIFIER
	* TYPE
	* SUSPECT
	* FLIP
	* HAS
	* CONNIVE
	* UP
	* SUPPORT
	* AN
	* GAIN
	* STAR
	* X
	* NON
	* FREQUENCY
	* OTHER
	* __ANON_18
	* SWITCH
	* UNATTACHED
	* DO
	* WOULD
	* BOLSTER
	* CLOAK
	* ATTACHED
	* TRANSFORM
	* HIMSELF
	* REVEALED
	* CHOOSE
	* MANIFEST
	* NAMEREFSYMBOL
	* BLOCKED
	* SEARCHED
	* TARGET
	* BE
	* SUBTYPEARTIFACT
	* THIS
	* IT
	* WHEN
	* EFFECTSTATUSMODIFIER
	* WHENEVER
	* GOAD
	* PLAYED
	* POPULATE
	* AS
	* __ANON_14
	* GREATER
	* MAY
	* FOR
	* HAD
	* HAVE
	* MORE
	* NUMBER
	* PLAYERTERM
	* PAY
	* ABLE
	* ASSIGN
	* TAPSYMBOL
	* QUALIFIER
	* ONLY
	* COMBATSTATUSMODIFIER
	* ATTACKED
	* GET
	* SUBTYPEPLANAR
	* FORAGE
	* CAN
	* CYCLED
	* __ANON_21
	* PREVENT
	* KEYWORDSTATUSMODIFIER
	* RETURN
	* TIMES
	* PUT
	* ZONE
	* ITS
	* REVEAL
	* INCUBATE
	* ON
	* UNTAPSYMBOL
	* SHUFFLE
	* UNTAP
	* THOSE
	* WIN
	* DEAL
	* COLORTERM
	* EQUAL
	* WHILE
	* LOOKED
	* CYCLE
	* SUPERTYPE
	* LSQB
	* SACRIFICE
	* REMAIN
	* IF
	* EXERT
	* THESE
	* DESTROY
	* EACH
	* WHO
	* THE
	* LEVEL
	* ADDITIONAL
	* TURNED
	* CONVERT
	* DAMAGETYPE
	* __ANON_19
	* CONTROLLED
	* DISCARDED
","{W}, {T}: Put target Aura card from a graveyard onto the battlefield under your control attached to a creature you control."
40,Skyhunter Skirmisher,24.401953977000005,False,"No terminal matches ',' in the current parser context, at line 1 col 7

Flying, double strike
      ^
Expected one of: 
	* WORD
	* DASH
","Flying, double strike"
41,Samite Healer,47.11837052999999,False,"No terminal matches 'P' in the current parser context, at line 1 col 6

{T}: Prevent the next 1 damage that would be 
     ^
Expected one of: 
	* OTHERWISE
	* MELD
	* BEEN
	* LOSE
	* REMOVE
	* SHUFFLED
	* __ANON_17
	* TAPPEDSTATUSMODIFIER
	* ONTO
	* IN
	* TAP
	* OBJECTCHARACTERISTIC
	* SPEND
	* ADD
	* TAKE
	* FROM
	* TURN
	* ATTACH
	* DETAIN
	* CONTROL
	* AFTER
	* DISCARD
	* CREATE
	* ADAPT
	* THAT
	* INTO
	* __ANON_20
	* MONSTROSITY
	* DOUBLE
	* THEM
	* ANY
	* SUBTYPECREATUREA
	* ALL
	* WITH
	* THEN
	* MILL
	* AMASS
	* PLAY
	* UNATTACH
	* EXPLORES
	* DIE
	* ORDINAL
	* COUNTER
	* SUBTYPELAND
	* CLASH
	* __ANON_15
	* YOUR
	* AT
	* WITHOUT
	* CHOSE
	* SUBTYPEENCHANTMENT
	* SCRY
	* DRAW
	* SAME
	* ACTIVATE
	* PROLIFERATE
	* CAST
	* BLOCK
	* IS
	* FIGHT
	* LEARN
	* GAINED
	* EXILE
	* UNDER
	* HERSELF
	* LOOK
	* SACRIFICED
	* INVESTIGATE
	* A
	* LBRACE
	* NO
	* SUBTYPECREATUREB
	* SEARCH
	* SKIP
	* ATTACK
	* BECOME
	* THEIR
	* FATESEAL
	* LESS
	* REGENERATE
	* SURVEIL
	* PLAYERCHARACTERISTIC
	* ABANDON
	* DOES
	* DISCOVER
	* SUBTYPEPLANESWALKER
	* ITSELF
	* UNTIL
	* CARDINAL
	* EXCHANGE
	* SUBTYPESPELL
	* DREW
	* DASH
	* ABILITYMODIFIER
	* TYPE
	* SUSPECT
	* FLIP
	* HAS
	* CONNIVE
	* UP
	* SUPPORT
	* AN
	* GAIN
	* STAR
	* X
	* NON
	* FREQUENCY
	* OTHER
	* __ANON_18
	* SWITCH
	* UNATTACHED
	* DO
	* WOULD
	* BOLSTER
	* CLOAK
	* ATTACHED
	* TRANSFORM
	* HIMSELF
	* REVEALED
	* CHOOSE
	* MANIFEST
	* NAMEREFSYMBOL
	* BLOCKED
	* SEARCHED
	* TARGET
	* BE
	* SUBTYPEARTIFACT
	* THIS
	* IT
	* WHEN
	* EFFECTSTATUSMODIFIER
	* WHENEVER
	* GOAD
	* PLAYED
	* POPULATE
	* AS
	* __ANON_14
	* GREATER
	* MAY
	* FOR
	* HAD
	* HAVE
	* MORE
	* NUMBER
	* PLAYERTERM
	* PAY
	* ABLE
	* ASSIGN
	* TAPSYMBOL
	* QUALIFIER
	* ONLY
	* COMBATSTATUSMODIFIER
	* ATTACKED
	* GET
	* SUBTYPEPLANAR
	* FORAGE
	* CAN
	* CYCLED
	* __ANON_21
	* PREVENT
	* KEYWORDSTATUSMODIFIER
	* RETURN
	* TIMES
	* PUT
	* ZONE
	* ITS
	* REVEAL
	* INCUBATE
	* ON
	* UNTAPSYMBOL
	* SHUFFLE
	* UNTAP
	* THOSE
	* WIN
	* DEAL
	* COLORTERM
	* EQUAL
	* WHILE
	* LOOKED
	* CYCLE
	* SUPERTYPE
	* LSQB
	* SACRIFICE
	* REMAIN
	* IF
	* EXERT
	* THESE
	* DESTROY
	* EACH
	* WHO
	* THE
	* LEVEL
	* ADDITIONAL
	* TURNED
	* CONVERT
	* DAMAGETYPE
	* __ANON_19
	* CONTROLLED
	* DISCARDED
",{T}: Prevent the next 1 damage that would be dealt to any target this turn.
42,Soul Warden,24.761640768999996,False,"No terminal matches ',' in the current parser context, at line 1 col 33

Whenever another creature enters, you gain 1 life.
                                ^
Expected one of: 
	* WORD
	* DASH
","Whenever another creature enters, you gain 1 life."
43,Spirit Link,24.849842077000005,False,"No terminal matches '(' in the current parser context, at line 1 col 18

Enchant creature (Target a creature as you cast this. Thi
                 ^
Expected one of: 
	* WORD
	* DASH
","Enchant creature (Target a creature as you cast this. This card enters attached to that creature.)
Whenever enchanted creature deals damage, you gain that much life."
44,Steadfast Guard,24.932094087999985,False,"No terminal matches '(' in the current parser context, at line 1 col 11

Vigilance (Attacking does not cause this creature 
          ^
Expected one of: 
	* WORD
	* DASH
",Vigilance (Attacking does not cause this creature to tap.)
45,Story Circle,24.625740638000025,False,"No terminal matches '~' in the current parser context, at line 1 col 4

As ~ enters, choose a color.
   ^
Expected one of: 
	* WORD
	* DASH
","As ~ enters, choose a color.
{W}: The next time a source of your choice of the chosen color would deal damage to you this turn, prevent that damage."
46,Suntail Hawk,24.672684951000008,False,"Unexpected end-of-input. Expected one of: 
	* DASH
	* WORD
",Flying
47,Tempest of Light,22.874693865999973,False,"No terminal matches '.' in the current parser context, at line 1 col 25

Destroy all enchantments.
                        ^
Expected one of: 
	* WORD
	* DASH
",Destroy all enchantments.
48,Treasure Hunter,24.793635644000005,False,"No terminal matches '~' in the current parser context, at line 1 col 6

When ~ enters, you may return target artifact
     ^
Expected one of: 
	* WORD
	* DASH
","When ~ enters, you may return target artifact card from your graveyard to your hand."
49,True Believer,23.011034696000024,False,"No terminal matches '.' in the current parser context, at line 1 col 16

You have shroud. (You can not be the target of spells o
               ^
Expected one of: 
	* WORD
	* DASH
",You have shroud. (You can not be the target of spells or abilities.)
50,Honor Guard,179.91363775300005,True,,{W}: ~ gets +0/+1 until end of turn.
51,Tundra Wolves,24.623367437000013,False,"No terminal matches '(' in the current parser context, at line 1 col 14

First strike (This creature deals combat damage befor
             ^
Expected one of: 
	* WORD
	* DASH
",First strike (This creature deals combat damage before creatures without first strike.)
52,Venerable Monk,22.963579398000036,False,"No terminal matches '~' in the current parser context, at line 1 col 6

When ~ enters, you gain 2 life.
     ^
Expected one of: 
	* WORD
	* DASH
","When ~ enters, you gain 2 life."
53,Spirit Weaver,67.547559089,False,"No terminal matches 'T' in the current parser context, at line 1 col 6

{2}: Target green or blue creature gets +0/+1
     ^
Expected one of: 
	* OTHERWISE
	* MELD
	* BEEN
	* LOSE
	* REMOVE
	* SHUFFLED
	* __ANON_17
	* TAPPEDSTATUSMODIFIER
	* ONTO
	* IN
	* TAP
	* OBJECTCHARACTERISTIC
	* SPEND
	* ADD
	* TAKE
	* FROM
	* TURN
	* ATTACH
	* DETAIN
	* CONTROL
	* AFTER
	* DISCARD
	* CREATE
	* ADAPT
	* THAT
	* INTO
	* __ANON_20
	* MONSTROSITY
	* DOUBLE
	* THEM
	* ANY
	* SUBTYPECREATUREA
	* ALL
	* WITH
	* THEN
	* MILL
	* AMASS
	* PLAY
	* UNATTACH
	* EXPLORES
	* DIE
	* ORDINAL
	* COUNTER
	* SUBTYPELAND
	* CLASH
	* __ANON_15
	* YOUR
	* AT
	* WITHOUT
	* CHOSE
	* SUBTYPEENCHANTMENT
	* SCRY
	* DRAW
	* SAME
	* ACTIVATE
	* PROLIFERATE
	* CAST
	* BLOCK
	* IS
	* FIGHT
	* LEARN
	* GAINED
	* EXILE
	* UNDER
	* HERSELF
	* LOOK
	* SACRIFICED
	* INVESTIGATE
	* A
	* LBRACE
	* NO
	* SUBTYPECREATUREB
	* SEARCH
	* SKIP
	* ATTACK
	* BECOME
	* THEIR
	* FATESEAL
	* LESS
	* REGENERATE
	* SURVEIL
	* PLAYERCHARACTERISTIC
	* ABANDON
	* DOES
	* DISCOVER
	* SUBTYPEPLANESWALKER
	* ITSELF
	* UNTIL
	* CARDINAL
	* EXCHANGE
	* SUBTYPESPELL
	* DREW
	* DASH
	* ABILITYMODIFIER
	* TYPE
	* SUSPECT
	* FLIP
	* HAS
	* CONNIVE
	* UP
	* SUPPORT
	* AN
	* GAIN
	* STAR
	* X
	* NON
	* FREQUENCY
	* OTHER
	* __ANON_18
	* SWITCH
	* UNATTACHED
	* DO
	* WOULD
	* BOLSTER
	* CLOAK
	* ATTACHED
	* TRANSFORM
	* HIMSELF
	* REVEALED
	* CHOOSE
	* MANIFEST
	* NAMEREFSYMBOL
	* BLOCKED
	* SEARCHED
	* TARGET
	* BE
	* SUBTYPEARTIFACT
	* THIS
	* IT
	* WHEN
	* EFFECTSTATUSMODIFIER
	* WHENEVER
	* GOAD
	* PLAYED
	* POPULATE
	* AS
	* __ANON_14
	* GREATER
	* MAY
	* FOR
	* HAD
	* HAVE
	* MORE
	* NUMBER
	* PLAYERTERM
	* PAY
	* ABLE
	* ASSIGN
	* TAPSYMBOL
	* QUALIFIER
	* ONLY
	* COMBATSTATUSMODIFIER
	* ATTACKED
	* GET
	* SUBTYPEPLANAR
	* FORAGE
	* CAN
	* CYCLED
	* __ANON_21
	* PREVENT
	* KEYWORDSTATUSMODIFIER
	* RETURN
	* TIMES
	* PUT
	* ZONE
	* ITS
	* REVEAL
	* INCUBATE
	* ON
	* UNTAPSYMBOL
	* SHUFFLE
	* UNTAP
	* THOSE
	* WIN
	* DEAL
	* COLORTERM
	* EQUAL
	* WHILE
	* LOOKED
	* CYCLE
	* SUPERTYPE
	* LSQB
	* SACRIFICE
	* REMAIN
	* IF
	* EXERT
	* THESE
	* DESTROY
	* EACH
	* WHO
	* THE
	* LEVEL
	* ADDITIONAL
	* TURNED
	* CONVERT
	* DAMAGETYPE
	* __ANON_19
	* CONTROLLED
	* DISCARDED
",{2}: Target green or blue creature gets +0/+1 until end of turn.
54,Voice of All,24.928879010999992,False,"No terminal matches '~' in the current parser context, at line 2 col 4

As ~ enters, choose a color.
   ^
Expected one of: 
	* WORD
	* DASH
","Flying
As ~ enters, choose a color.
~ has protection from the chosen color."
55,Wall of Swords,24.98039778399999,False,"No terminal matches '(' in the current parser context, at line 1 col 10

Defender (This creature can not attack.)
         ^
Expected one of: 
	* WORD
	* DASH
","Defender (This creature can not attack.)
Flying"
56,Warrior's Honor,24.608611888999974,False,"No terminal matches '+' in the current parser context, at line 1 col 27

Creatures you control get +1/+1 until end of turn.
                          ^
Expected one of: 
	* WORD
	* DASH
",Creatures you control get +1/+1 until end of turn.
57,Windborn Muse,22.584314983000013,False,"No terminal matches '{' in the current parser context, at line 2 col 59

attack you unless their controller pays {2} for each creature they control that 
                                        ^
Expected one of: 
	* WORD
	* DASH
","Flying
Creatures can not attack you unless their controller pays {2} for each creature they control that is attacking you."
58,Wild Griffin,24.35206388299997,False,"Unexpected end-of-input. Expected one of: 
	* DASH
	* WORD
",Flying
59,Wrath of God,24.882056799999987,False,"No terminal matches '.' in the current parser context, at line 1 col 22

Destroy all creatures. They can not be regenerated.
                     ^
Expected one of: 
	* WORD
	* DASH
",Destroy all creatures. They can not be regenerated.
60,Starlight Invoker,86.14053787299997,False,"No terminal matches 'Y' in the current parser context, at line 1 col 9

{7}{W}: You gain 5 life.
        ^
Expected one of: 
	* OTHERWISE
	* MELD
	* BEEN
	* LOSE
	* REMOVE
	* SHUFFLED
	* __ANON_17
	* TAPPEDSTATUSMODIFIER
	* ONTO
	* IN
	* TAP
	* OBJECTCHARACTERISTIC
	* SPEND
	* ADD
	* TAKE
	* FROM
	* TURN
	* ATTACH
	* DETAIN
	* CONTROL
	* AFTER
	* DISCARD
	* CREATE
	* ADAPT
	* THAT
	* INTO
	* __ANON_20
	* MONSTROSITY
	* DOUBLE
	* THEM
	* ANY
	* SUBTYPECREATUREA
	* ALL
	* WITH
	* THEN
	* MILL
	* AMASS
	* PLAY
	* UNATTACH
	* EXPLORES
	* DIE
	* ORDINAL
	* COUNTER
	* SUBTYPELAND
	* CLASH
	* __ANON_15
	* YOUR
	* AT
	* WITHOUT
	* CHOSE
	* SUBTYPEENCHANTMENT
	* SCRY
	* DRAW
	* SAME
	* ACTIVATE
	* PROLIFERATE
	* CAST
	* BLOCK
	* IS
	* FIGHT
	* LEARN
	* GAINED
	* EXILE
	* UNDER
	* HERSELF
	* LOOK
	* SACRIFICED
	* INVESTIGATE
	* A
	* LBRACE
	* NO
	* SUBTYPECREATUREB
	* SEARCH
	* SKIP
	* ATTACK
	* BECOME
	* THEIR
	* FATESEAL
	* LESS
	* REGENERATE
	* SURVEIL
	* PLAYERCHARACTERISTIC
	* ABANDON
	* DOES
	* DISCOVER
	* SUBTYPEPLANESWALKER
	* ITSELF
	* UNTIL
	* CARDINAL
	* EXCHANGE
	* SUBTYPESPELL
	* DREW
	* DASH
	* ABILITYMODIFIER
	* TYPE
	* SUSPECT
	* FLIP
	* HAS
	* CONNIVE
	* UP
	* SUPPORT
	* AN
	* GAIN
	* STAR
	* X
	* NON
	* FREQUENCY
	* OTHER
	* __ANON_18
	* SWITCH
	* UNATTACHED
	* DO
	* WOULD
	* BOLSTER
	* CLOAK
	* ATTACHED
	* TRANSFORM
	* HIMSELF
	* REVEALED
	* CHOOSE
	* MANIFEST
	* NAMEREFSYMBOL
	* BLOCKED
	* SEARCHED
	* TARGET
	* BE
	* SUBTYPEARTIFACT
	* THIS
	* IT
	* WHEN
	* EFFECTSTATUSMODIFIER
	* WHENEVER
	* GOAD
	* PLAYED
	* POPULATE
	* AS
	* __ANON_14
	* GREATER
	* MAY
	* FOR
	* HAD
	* HAVE
	* MORE
	* NUMBER
	* PLAYERTERM
	* PAY
	* ABLE
	* ASSIGN
	* TAPSYMBOL
	* QUALIFIER
	* ONLY
	* COMBATSTATUSMODIFIER
	* ATTACKED
	* GET
	* SUBTYPEPLANAR
	* FORAGE
	* CAN
	* CYCLED
	* __ANON_21
	* PREVENT
	* KEYWORDSTATUSMODIFIER
	* RETURN
	* TIMES
	* PUT
	* ZONE
	* ITS
	* REVEAL
	* INCUBATE
	* ON
	* UNTAPSYMBOL
	* SHUFFLE
	* UNTAP
	* THOSE
	* WIN
	* DEAL
	* COLORTERM
	* EQUAL
	* WHILE
	* LOOKED
	* CYCLE
	* SUPERTYPE
	* LSQB
	* SACRIFICE
	* REMAIN
	* IF
	* EXERT
	* THESE
	* DESTROY
	* EACH
	* WHO
	* THE
	* LEVEL
	* ADDITIONAL
	* TURNED
	* CONVERT
	* DAMAGETYPE
	* __ANON_19
	* CONTROLLED
	* DISCARDED
",{7}{W}: You gain 5 life.
61,Youthful Knight,24.896718745999976,False,"Unexpected end-of-input. Expected one of: 
	* DASH
	* WORD
",First strike
62,Academy Researchers,24.938053921000005,False,"No terminal matches '~' in the current parser context, at line 1 col 6

When ~ enters, you may put an Aura card from 
     ^
Expected one of: 
	* WORD
	* DASH
","When ~ enters, you may put an Aura card from your hand onto the battlefield attached to ~."
63,Air Elemental,22.669069659,False,"Unexpected end-of-input. Expected one of: 
	* DASH
	* WORD
",Flying
64,Aura Graft,24.47441224399995,False,"No terminal matches '.' in the current parser context, at line 1 col 60

get Aura that is attached to a permanent. Attach it to another permanent it can 
                                        ^
Expected one of: 
	* WORD
	* DASH
",Gain control of target Aura that is attached to a permanent. Attach it to another permanent it can enchant.
65,Aven Fisher,25.047396188999983,False,"No terminal matches '(' in the current parser context, at line 1 col 8

Flying (This creature can not be blocked except
       ^
Expected one of: 
	* WORD
	* DASH
","Flying (This creature can not be blocked except by creatures with flying or reach.)
When ~ dies, you may draw a card."
66,Aven Windreader,24.956533570999966,False,"No terminal matches '(' in the current parser context, at line 1 col 8

Flying (This creature can not be blocked except
       ^
Expected one of: 
	* WORD
	* DASH
","Flying (This creature can not be blocked except by creatures with flying or reach.)
{1}{U}: Target player reveals the top card of their library."
67,Boomerang,24.883518789999982,False,"No terminal matches ''' in the current parser context, at line 1 col 37

Return target permanent to its owner's hand.
                                    ^
Expected one of: 
	* WORD
	* DASH
",Return target permanent to its owner's hand.
68,Cancel,24.605961017000027,False,"No terminal matches '.' in the current parser context, at line 1 col 21

Counter target spell.
                    ^
Expected one of: 
	* WORD
	* DASH
",Counter target spell.
69,Cephalid Constable,24.658316513999978,False,"No terminal matches '~' in the current parser context, at line 1 col 10

Whenever ~ deals combat damage to a player, retur
         ^
Expected one of: 
	* WORD
	* DASH
","Whenever ~ deals combat damage to a player, return up to that many target permanents that player controls to their owner's hand."
70,Arcanis the Omnipotent,46.87035592400002,False,"No terminal matches 'D' in the current parser context, at line 1 col 6

{T}: Draw three cards.
     ^
Expected one of: 
	* OTHERWISE
	* MELD
	* BEEN
	* LOSE
	* REMOVE
	* SHUFFLED
	* __ANON_17
	* TAPPEDSTATUSMODIFIER
	* ONTO
	* IN
	* TAP
	* OBJECTCHARACTERISTIC
	* SPEND
	* ADD
	* TAKE
	* FROM
	* TURN
	* ATTACH
	* DETAIN
	* CONTROL
	* AFTER
	* DISCARD
	* CREATE
	* ADAPT
	* THAT
	* INTO
	* __ANON_20
	* MONSTROSITY
	* DOUBLE
	* THEM
	* ANY
	* SUBTYPECREATUREA
	* ALL
	* WITH
	* THEN
	* MILL
	* AMASS
	* PLAY
	* UNATTACH
	* EXPLORES
	* DIE
	* ORDINAL
	* COUNTER
	* SUBTYPELAND
	* CLASH
	* __ANON_15
	* YOUR
	* AT
	* WITHOUT
	* CHOSE
	* SUBTYPEENCHANTMENT
	* SCRY
	* DRAW
	* SAME
	* ACTIVATE
	* PROLIFERATE
	* CAST
	* BLOCK
	* IS
	* FIGHT
	* LEARN
	* GAINED
	* EXILE
	* UNDER
	* HERSELF
	* LOOK
	* SACRIFICED
	* INVESTIGATE
	* A
	* LBRACE
	* NO
	* SUBTYPECREATUREB
	* SEARCH
	* SKIP
	* ATTACK
	* BECOME
	* THEIR
	* FATESEAL
	* LESS
	* REGENERATE
	* SURVEIL
	* PLAYERCHARACTERISTIC
	* ABANDON
	* DOES
	* DISCOVER
	* SUBTYPEPLANESWALKER
	* ITSELF
	* UNTIL
	* CARDINAL
	* EXCHANGE
	* SUBTYPESPELL
	* DREW
	* DASH
	* ABILITYMODIFIER
	* TYPE
	* SUSPECT
	* FLIP
	* HAS
	* CONNIVE
	* UP
	* SUPPORT
	* AN
	* GAIN
	* STAR
	* X
	* NON
	* FREQUENCY
	* OTHER
	* __ANON_18
	* SWITCH
	* UNATTACHED
	* DO
	* WOULD
	* BOLSTER
	* CLOAK
	* ATTACHED
	* TRANSFORM
	* HIMSELF
	* REVEALED
	* CHOOSE
	* MANIFEST
	* NAMEREFSYMBOL
	* BLOCKED
	* SEARCHED
	* TARGET
	* BE
	* SUBTYPEARTIFACT
	* THIS
	* IT
	* WHEN
	* EFFECTSTATUSMODIFIER
	* WHENEVER
	* GOAD
	* PLAYED
	* POPULATE
	* AS
	* __ANON_14
	* GREATER
	* MAY
	* FOR
	* HAD
	* HAVE
	* MORE
	* NUMBER
	* PLAYERTERM
	* PAY
	* ABLE
	* ASSIGN
	* TAPSYMBOL
	* QUALIFIER
	* ONLY
	* COMBATSTATUSMODIFIER
	* ATTACKED
	* GET
	* SUBTYPEPLANAR
	* FORAGE
	* CAN
	* CYCLED
	* __ANON_21
	* PREVENT
	* KEYWORDSTATUSMODIFIER
	* RETURN
	* TIMES
	* PUT
	* ZONE
	* ITS
	* REVEAL
	* INCUBATE
	* ON
	* UNTAPSYMBOL
	* SHUFFLE
	* UNTAP
	* THOSE
	* WIN
	* DEAL
	* COLORTERM
	* EQUAL
	* WHILE
	* LOOKED
	* CYCLE
	* SUPERTYPE
	* LSQB
	* SACRIFICE
	* REMAIN
	* IF
	* EXERT
	* THESE
	* DESTROY
	* EACH
	* WHO
	* THE
	* LEVEL
	* ADDITIONAL
	* TURNED
	* CONVERT
	* DAMAGETYPE
	* __ANON_19
	* CONTROLLED
	* DISCARDED
","{T}: Draw three cards.
{2}{U}{U}: Return ~ to its owner's hand."
71,Clone,24.92892882000001,False,"No terminal matches '~' in the current parser context, at line 1 col 14

You may have ~ enter as a copy of any creature on the
             ^
Expected one of: 
	* WORD
	* DASH
",You may have ~ enter as a copy of any creature on the battlefield.
72,Cloud Elemental,24.56967282300002,False,"No terminal matches '~' in the current parser context, at line 2 col 1

~ can block only creatures with flying.
^
Expected one of: 
	* WORD
	* DASH
","Flying
~ can block only creatures with flying."
73,Cloud Sprite,24.92472382799997,False,"No terminal matches '(' in the current parser context, at line 1 col 8

Flying (This creature can not be blocked except
       ^
Expected one of: 
	* WORD
	* DASH
","Flying (This creature can not be blocked except by creatures with flying or reach.)
~ can block only creatures with flying."
74,Counsel of the Soratami,22.697289498000032,False,"No terminal matches '.' in the current parser context, at line 1 col 15

Draw two cards.
              ^
Expected one of: 
	* WORD
	* DASH
",Draw two cards.
75,Ambassador Laquatus,67.61168466699996,False,"No terminal matches 'T' in the current parser context, at line 1 col 6

{3}: Target player mills three cards.
     ^
Expected one of: 
	* OTHERWISE
	* MELD
	* BEEN
	* LOSE
	* REMOVE
	* SHUFFLED
	* __ANON_17
	* TAPPEDSTATUSMODIFIER
	* ONTO
	* IN
	* TAP
	* OBJECTCHARACTERISTIC
	* SPEND
	* ADD
	* TAKE
	* FROM
	* TURN
	* ATTACH
	* DETAIN
	* CONTROL
	* AFTER
	* DISCARD
	* CREATE
	* ADAPT
	* THAT
	* INTO
	* __ANON_20
	* MONSTROSITY
	* DOUBLE
	* THEM
	* ANY
	* SUBTYPECREATUREA
	* ALL
	* WITH
	* THEN
	* MILL
	* AMASS
	* PLAY
	* UNATTACH
	* EXPLORES
	* DIE
	* ORDINAL
	* COUNTER
	* SUBTYPELAND
	* CLASH
	* __ANON_15
	* YOUR
	* AT
	* WITHOUT
	* CHOSE
	* SUBTYPEENCHANTMENT
	* SCRY
	* DRAW
	* SAME
	* ACTIVATE
	* PROLIFERATE
	* CAST
	* BLOCK
	* IS
	* FIGHT
	* LEARN
	* GAINED
	* EXILE
	* UNDER
	* HERSELF
	* LOOK
	* SACRIFICED
	* INVESTIGATE
	* A
	* LBRACE
	* NO
	* SUBTYPECREATUREB
	* SEARCH
	* SKIP
	* ATTACK
	* BECOME
	* THEIR
	* FATESEAL
	* LESS
	* REGENERATE
	* SURVEIL
	* PLAYERCHARACTERISTIC
	* ABANDON
	* DOES
	* DISCOVER
	* SUBTYPEPLANESWALKER
	* ITSELF
	* UNTIL
	* CARDINAL
	* EXCHANGE
	* SUBTYPESPELL
	* DREW
	* DASH
	* ABILITYMODIFIER
	* TYPE
	* SUSPECT
	* FLIP
	* HAS
	* CONNIVE
	* UP
	* SUPPORT
	* AN
	* GAIN
	* STAR
	* X
	* NON
	* FREQUENCY
	* OTHER
	* __ANON_18
	* SWITCH
	* UNATTACHED
	* DO
	* WOULD
	* BOLSTER
	* CLOAK
	* ATTACHED
	* TRANSFORM
	* HIMSELF
	* REVEALED
	* CHOOSE
	* MANIFEST
	* NAMEREFSYMBOL
	* BLOCKED
	* SEARCHED
	* TARGET
	* BE
	* SUBTYPEARTIFACT
	* THIS
	* IT
	* WHEN
	* EFFECTSTATUSMODIFIER
	* WHENEVER
	* GOAD
	* PLAYED
	* POPULATE
	* AS
	* __ANON_14
	* GREATER
	* MAY
	* FOR
	* HAD
	* HAVE
	* MORE
	* NUMBER
	* PLAYERTERM
	* PAY
	* ABLE
	* ASSIGN
	* TAPSYMBOL
	* QUALIFIER
	* ONLY
	* COMBATSTATUSMODIFIER
	* ATTACKED
	* GET
	* SUBTYPEPLANAR
	* FORAGE
	* CAN
	* CYCLED
	* __ANON_21
	* PREVENT
	* KEYWORDSTATUSMODIFIER
	* RETURN
	* TIMES
	* PUT
	* ZONE
	* ITS
	* REVEAL
	* INCUBATE
	* ON
	* UNTAPSYMBOL
	* SHUFFLE
	* UNTAP
	* THOSE
	* WIN
	* DEAL
	* COLORTERM
	* EQUAL
	* WHILE
	* LOOKED
	* CYCLE
	* SUPERTYPE
	* LSQB
	* SACRIFICE
	* REMAIN
	* IF
	* EXERT
	* THESE
	* DESTROY
	* EACH
	* WHO
	* THE
	* LEVEL
	* ADDITIONAL
	* TURNED
	* CONVERT
	* DAMAGETYPE
	* __ANON_19
	* CONTROLLED
	* DISCARDED
",{3}: Target player mills three cards.
76,Dehydration,24.411132113000008,False,"No terminal matches '(' in the current parser context, at line 1 col 18

Enchant creature (Target a creature as you cast this. Thi
                 ^
Expected one of: 
	* WORD
	* DASH
","Enchant creature (Target a creature as you cast this. This card enters attached to that creature.)
Enchanted creature does not untap during its controller's untap step."
77,Deluge,25.077789668000037,False,"No terminal matches '.' in the current parser context, at line 1 col 33

Tap all creatures without flying.
                                ^
Expected one of: 
	* WORD
	* DASH
",Tap all creatures without flying.
78,Fugitive Wizard,3.6169999475532677e-06,False,'text',
79,Denizen of the Deep,22.545647433,False,"No terminal matches '~' in the current parser context, at line 1 col 6

When ~ enters, return each other creature you
     ^
Expected one of: 
	* WORD
	* DASH
","When ~ enters, return each other creature you control to its owner's hand."
80,Discombobulate,22.745786296999995,False,"No terminal matches '.' in the current parser context, at line 1 col 21

Counter target spell. Look at the top four cards of your lib
                    ^
Expected one of: 
	* WORD
	* DASH
","Counter target spell. Look at the top four cards of your library, then put them back in any order."
81,Lumengrid Warden,2.9760000188616687e-06,False,'text',
82,Dreamborn Muse,24.812599446000036,False,"No terminal matches ''' in the current parser context, at line 1 col 32

At the beginning of each player's upkeep, that player mills X cards, wh
                               ^
Expected one of: 
	* WORD
	* DASH
","At the beginning of each player's upkeep, that player mills X cards, where X is the number of cards in their hand."
83,Evacuation,24.521850094,False,"No terminal matches ''' in the current parser context, at line 1 col 37

Return all creatures to their owners' hands.
                                    ^
Expected one of: 
	* WORD
	* DASH
",Return all creatures to their owners' hands.
84,Crafty Pathmage,47.09194715799998,False,"No terminal matches 'T' in the current parser context, at line 1 col 6

{T}: Target creature with power 2 or less can
     ^
Expected one of: 
	* OTHERWISE
	* MELD
	* BEEN
	* LOSE
	* REMOVE
	* SHUFFLED
	* __ANON_17
	* TAPPEDSTATUSMODIFIER
	* ONTO
	* IN
	* TAP
	* OBJECTCHARACTERISTIC
	* SPEND
	* ADD
	* TAKE
	* FROM
	* TURN
	* ATTACH
	* DETAIN
	* CONTROL
	* AFTER
	* DISCARD
	* CREATE
	* ADAPT
	* THAT
	* INTO
	* __ANON_20
	* MONSTROSITY
	* DOUBLE
	* THEM
	* ANY
	* SUBTYPECREATUREA
	* ALL
	* WITH
	* THEN
	* MILL
	* AMASS
	* PLAY
	* UNATTACH
	* EXPLORES
	* DIE
	* ORDINAL
	* COUNTER
	* SUBTYPELAND
	* CLASH
	* __ANON_15
	* YOUR
	* AT
	* WITHOUT
	* CHOSE
	* SUBTYPEENCHANTMENT
	* SCRY
	* DRAW
	* SAME
	* ACTIVATE
	* PROLIFERATE
	* CAST
	* BLOCK
	* IS
	* FIGHT
	* LEARN
	* GAINED
	* EXILE
	* UNDER
	* HERSELF
	* LOOK
	* SACRIFICED
	* INVESTIGATE
	* A
	* LBRACE
	* NO
	* SUBTYPECREATUREB
	* SEARCH
	* SKIP
	* ATTACK
	* BECOME
	* THEIR
	* FATESEAL
	* LESS
	* REGENERATE
	* SURVEIL
	* PLAYERCHARACTERISTIC
	* ABANDON
	* DOES
	* DISCOVER
	* SUBTYPEPLANESWALKER
	* ITSELF
	* UNTIL
	* CARDINAL
	* EXCHANGE
	* SUBTYPESPELL
	* DREW
	* DASH
	* ABILITYMODIFIER
	* TYPE
	* SUSPECT
	* FLIP
	* HAS
	* CONNIVE
	* UP
	* SUPPORT
	* AN
	* GAIN
	* STAR
	* X
	* NON
	* FREQUENCY
	* OTHER
	* __ANON_18
	* SWITCH
	* UNATTACHED
	* DO
	* WOULD
	* BOLSTER
	* CLOAK
	* ATTACHED
	* TRANSFORM
	* HIMSELF
	* REVEALED
	* CHOOSE
	* MANIFEST
	* NAMEREFSYMBOL
	* BLOCKED
	* SEARCHED
	* TARGET
	* BE
	* SUBTYPEARTIFACT
	* THIS
	* IT
	* WHEN
	* EFFECTSTATUSMODIFIER
	* WHENEVER
	* GOAD
	* PLAYED
	* POPULATE
	* AS
	* __ANON_14
	* GREATER
	* MAY
	* FOR
	* HAD
	* HAVE
	* MORE
	* NUMBER
	* PLAYERTERM
	* PAY
	* ABLE
	* ASSIGN
	* TAPSYMBOL
	* QUALIFIER
	* ONLY
	* COMBATSTATUSMODIFIER
	* ATTACKED
	* GET
	* SUBTYPEPLANAR
	* FORAGE
	* CAN
	* CYCLED
	* __ANON_21
	* PREVENT
	* KEYWORDSTATUSMODIFIER
	* RETURN
	* TIMES
	* PUT
	* ZONE
	* ITS
	* REVEAL
	* INCUBATE
	* ON
	* UNTAPSYMBOL
	* SHUFFLE
	* UNTAP
	* THOSE
	* WIN
	* DEAL
	* COLORTERM
	* EQUAL
	* WHILE
	* LOOKED
	* CYCLE
	* SUPERTYPE
	* LSQB
	* SACRIFICE
	* REMAIN
	* IF
	* EXERT
	* THESE
	* DESTROY
	* EACH
	* WHO
	* THE
	* LEVEL
	* ADDITIONAL
	* TURNED
	* CONVERT
	* DAMAGETYPE
	* __ANON_19
	* CONTROLLED
	* DISCARDED
",{T}: Target creature with power 2 or less can not be blocked this turn.
85,Flashfreeze,24.700184637000007,False,"No terminal matches '.' in the current parser context, at line 1 col 34

Counter target red or green spell.
                                 ^
Expected one of: 
	* WORD
	* DASH
",Counter target red or green spell.
86,Fog Elemental,24.544059149000077,False,"No terminal matches '(' in the current parser context, at line 1 col 8

Flying (This creature can not be blocked except
       ^
Expected one of: 
	* WORD
	* DASH
","Flying (This creature can not be blocked except by creatures with flying or reach.)
When ~ attacks or blocks, sacrifice it at end of combat."
87,Hurkyl's Recall,24.637345516000096,False,"No terminal matches '.' in the current parser context, at line 1 col 54

tifacts target player owns to their hand.
                                        ^
Expected one of: 
	* WORD
	* DASH
",Return all artifacts target player owns to their hand.
88,Mahamoti Djinn,24.558979802999943,False,"No terminal matches '(' in the current parser context, at line 1 col 8

Flying (This creature can not be blocked except
       ^
Expected one of: 
	* WORD
	* DASH
",Flying (This creature can not be blocked except by creatures with flying or reach.)
89,March of the Machines,22.897736448000046,False,"No terminal matches '.' in the current parser context, at line 1 col 104

d toughness each equal to its mana value. (Equipment that is a creature can not 
                                        ^
Expected one of: 
	* WORD
	* DASH
",Each noncreature artifact is an artifact creature with power and toughness each equal to its mana value. (Equipment that is a creature can not equip a creature.)
90,Mind Bend,23.080274719000045,False,"No terminal matches '.' in the current parser context, at line 1 col 130

ther or one basic land type with another. (For example, you may change ""nonblack
                                        ^
Expected one of: 
	* WORD
	* DASH
","Change the text of target permanent by replacing all instances of one color word with another or one basic land type with another. (For example, you may change ""nonblack creature"" to ""nongreen creature"" or ""forestwalk"" to ""islandwalk."". This effect lasts indefinitely.)"
91,Peek,22.954389935999984,False,"No terminal matches ''' in the current parser context, at line 1 col 22

Look at target player's hand.
                     ^
Expected one of: 
	* WORD
	* DASH
","Look at target player's hand.
Draw a card."
92,Persuasion,22.684880693999958,False,"No terminal matches '(' in the current parser context, at line 1 col 18

Enchant creature (Target a creature as you cast this. Thi
                 ^
Expected one of: 
	* WORD
	* DASH
","Enchant creature (Target a creature as you cast this. This card enters attached to that creature.)
You control enchanted creature."
93,Plagiarize,24.783171143000004,False,"No terminal matches ',' in the current parser context, at line 1 col 18

Until end of turn, if target player would draw a card, in
                 ^
Expected one of: 
	* WORD
	* DASH
","Until end of turn, if target player would draw a card, instead that player skips that draw and you draw a card."
94,Merfolk Looter,47.153963947999955,False,"No terminal matches 'D' in the current parser context, at line 1 col 6

{T}: Draw a card, then discard a card.
     ^
Expected one of: 
	* OTHERWISE
	* MELD
	* BEEN
	* LOSE
	* REMOVE
	* SHUFFLED
	* __ANON_17
	* TAPPEDSTATUSMODIFIER
	* ONTO
	* IN
	* TAP
	* OBJECTCHARACTERISTIC
	* SPEND
	* ADD
	* TAKE
	* FROM
	* TURN
	* ATTACH
	* DETAIN
	* CONTROL
	* AFTER
	* DISCARD
	* CREATE
	* ADAPT
	* THAT
	* INTO
	* __ANON_20
	* MONSTROSITY
	* DOUBLE
	* THEM
	* ANY
	* SUBTYPECREATUREA
	* ALL
	* WITH
	* THEN
	* MILL
	* AMASS
	* PLAY
	* UNATTACH
	* EXPLORES
	* DIE
	* ORDINAL
	* COUNTER
	* SUBTYPELAND
	* CLASH
	* __ANON_15
	* YOUR
	* AT
	* WITHOUT
	* CHOSE
	* SUBTYPEENCHANTMENT
	* SCRY
	* DRAW
	* SAME
	* ACTIVATE
	* PROLIFERATE
	* CAST
	* BLOCK
	* IS
	* FIGHT
	* LEARN
	* GAINED
	* EXILE
	* UNDER
	* HERSELF
	* LOOK
	* SACRIFICED
	* INVESTIGATE
	* A
	* LBRACE
	* NO
	* SUBTYPECREATUREB
	* SEARCH
	* SKIP
	* ATTACK
	* BECOME
	* THEIR
	* FATESEAL
	* LESS
	* REGENERATE
	* SURVEIL
	* PLAYERCHARACTERISTIC
	* ABANDON
	* DOES
	* DISCOVER
	* SUBTYPEPLANESWALKER
	* ITSELF
	* UNTIL
	* CARDINAL
	* EXCHANGE
	* SUBTYPESPELL
	* DREW
	* DASH
	* ABILITYMODIFIER
	* TYPE
	* SUSPECT
	* FLIP
	* HAS
	* CONNIVE
	* UP
	* SUPPORT
	* AN
	* GAIN
	* STAR
	* X
	* NON
	* FREQUENCY
	* OTHER
	* __ANON_18
	* SWITCH
	* UNATTACHED
	* DO
	* WOULD
	* BOLSTER
	* CLOAK
	* ATTACHED
	* TRANSFORM
	* HIMSELF
	* REVEALED
	* CHOOSE
	* MANIFEST
	* NAMEREFSYMBOL
	* BLOCKED
	* SEARCHED
	* TARGET
	* BE
	* SUBTYPEARTIFACT
	* THIS
	* IT
	* WHEN
	* EFFECTSTATUSMODIFIER
	* WHENEVER
	* GOAD
	* PLAYED
	* POPULATE
	* AS
	* __ANON_14
	* GREATER
	* MAY
	* FOR
	* HAD
	* HAVE
	* MORE
	* NUMBER
	* PLAYERTERM
	* PAY
	* ABLE
	* ASSIGN
	* TAPSYMBOL
	* QUALIFIER
	* ONLY
	* COMBATSTATUSMODIFIER
	* ATTACKED
	* GET
	* SUBTYPEPLANAR
	* FORAGE
	* CAN
	* CYCLED
	* __ANON_21
	* PREVENT
	* KEYWORDSTATUSMODIFIER
	* RETURN
	* TIMES
	* PUT
	* ZONE
	* ITS
	* REVEAL
	* INCUBATE
	* ON
	* UNTAPSYMBOL
	* SHUFFLE
	* UNTAP
	* THOSE
	* WIN
	* DEAL
	* COLORTERM
	* EQUAL
	* WHILE
	* LOOKED
	* CYCLE
	* SUPERTYPE
	* LSQB
	* SACRIFICE
	* REMAIN
	* IF
	* EXERT
	* THESE
	* DESTROY
	* EACH
	* WHO
	* THE
	* LEVEL
	* ADDITIONAL
	* TURNED
	* CONVERT
	* DAMAGETYPE
	* __ANON_19
	* CONTROLLED
	* DISCARDED
","{T}: Draw a card, then discard a card."
95,Reminisce,24.494676683999955,False,"No terminal matches '.' in the current parser context, at line 1 col 58

ffles their graveyard into their library.
                                        ^
Expected one of: 
	* WORD
	* DASH
",Target player shuffles their graveyard into their library.
96,Remove Soul,24.529628902000013,False,"No terminal matches '.' in the current parser context, at line 1 col 30

Counter target creature spell.
                             ^
Expected one of: 
	* WORD
	* DASH
",Counter target creature spell.
97,Robe of Mirrors,24.70476296000004,False,"No terminal matches '(' in the current parser context, at line 1 col 18

Enchant creature (Target a creature as you cast this. Thi
                 ^
Expected one of: 
	* WORD
	* DASH
","Enchant creature (Target a creature as you cast this. This card enters attached to that creature.)
Enchanted creature has shroud. (It can not be the target of spells or abilities.)"
98,Horseshoe Crab,67.410401729,False,"No terminal matches 'U' in the current parser context, at line 1 col 6

{U}: Untap ~.
     ^
Expected one of: 
	* OTHERWISE
	* MELD
	* BEEN
	* LOSE
	* REMOVE
	* SHUFFLED
	* __ANON_17
	* TAPPEDSTATUSMODIFIER
	* ONTO
	* IN
	* TAP
	* OBJECTCHARACTERISTIC
	* SPEND
	* ADD
	* TAKE
	* FROM
	* TURN
	* ATTACH
	* DETAIN
	* CONTROL
	* AFTER
	* DISCARD
	* CREATE
	* ADAPT
	* THAT
	* INTO
	* __ANON_20
	* MONSTROSITY
	* DOUBLE
	* THEM
	* ANY
	* SUBTYPECREATUREA
	* ALL
	* WITH
	* THEN
	* MILL
	* AMASS
	* PLAY
	* UNATTACH
	* EXPLORES
	* DIE
	* ORDINAL
	* COUNTER
	* SUBTYPELAND
	* CLASH
	* __ANON_15
	* YOUR
	* AT
	* WITHOUT
	* CHOSE
	* SUBTYPEENCHANTMENT
	* SCRY
	* DRAW
	* SAME
	* ACTIVATE
	* PROLIFERATE
	* CAST
	* BLOCK
	* IS
	* FIGHT
	* LEARN
	* GAINED
	* EXILE
	* UNDER
	* HERSELF
	* LOOK
	* SACRIFICED
	* INVESTIGATE
	* A
	* LBRACE
	* NO
	* SUBTYPECREATUREB
	* SEARCH
	* SKIP
	* ATTACK
	* BECOME
	* THEIR
	* FATESEAL
	* LESS
	* REGENERATE
	* SURVEIL
	* PLAYERCHARACTERISTIC
	* ABANDON
	* DOES
	* DISCOVER
	* SUBTYPEPLANESWALKER
	* ITSELF
	* UNTIL
	* CARDINAL
	* EXCHANGE
	* SUBTYPESPELL
	* DREW
	* DASH
	* ABILITYMODIFIER
	* TYPE
	* SUSPECT
	* FLIP
	* HAS
	* CONNIVE
	* UP
	* SUPPORT
	* AN
	* GAIN
	* STAR
	* X
	* NON
	* FREQUENCY
	* OTHER
	* __ANON_18
	* SWITCH
	* UNATTACHED
	* DO
	* WOULD
	* BOLSTER
	* CLOAK
	* ATTACHED
	* TRANSFORM
	* HIMSELF
	* REVEALED
	* CHOOSE
	* MANIFEST
	* NAMEREFSYMBOL
	* BLOCKED
	* SEARCHED
	* TARGET
	* BE
	* SUBTYPEARTIFACT
	* THIS
	* IT
	* WHEN
	* EFFECTSTATUSMODIFIER
	* WHENEVER
	* GOAD
	* PLAYED
	* POPULATE
	* AS
	* __ANON_14
	* GREATER
	* MAY
	* FOR
	* HAD
	* HAVE
	* MORE
	* NUMBER
	* PLAYERTERM
	* PAY
	* ABLE
	* ASSIGN
	* TAPSYMBOL
	* QUALIFIER
	* ONLY
	* COMBATSTATUSMODIFIER
	* ATTACKED
	* GET
	* SUBTYPEPLANAR
	* FORAGE
	* CAN
	* CYCLED
	* __ANON_21
	* PREVENT
	* KEYWORDSTATUSMODIFIER
	* RETURN
	* TIMES
	* PUT
	* ZONE
	* ITS
	* REVEAL
	* INCUBATE
	* ON
	* UNTAPSYMBOL
	* SHUFFLE
	* UNTAP
	* THOSE
	* WIN
	* DEAL
	* COLORTERM
	* EQUAL
	* WHILE
	* LOOKED
	* CYCLE
	* SUPERTYPE
	* LSQB
	* SACRIFICE
	* REMAIN
	* IF
	* EXERT
	* THESE
	* DESTROY
	* EACH
	* WHO
	* THE
	* LEVEL
	* ADDITIONAL
	* TURNED
	* CONVERT
	* DAMAGETYPE
	* __ANON_19
	* CONTROLLED
	* DISCARDED
",{U}: Untap ~.
99,Rootwater Commando,25.141120442999977,False,"No terminal matches '(' in the current parser context, at line 1 col 12

Islandwalk (This creature can not be blocked as lon
           ^
Expected one of: 
	* WORD
	* DASH
",Islandwalk (This creature can not be blocked as long as defending player controls an Island.)
100,Sage Owl,24.748490005999997,False,"No terminal matches '~' in the current parser context, at line 2 col 6

When ~ enters, look at the top four cards of 
     ^
Expected one of: 
	* WORD
	* DASH
","Flying
When ~ enters, look at the top four cards of your library, then put them back in any order."
101,Scalpelexis,24.304602346000024,False,"No terminal matches '(' in the current parser context, at line 1 col 8

Flying (This creature can not be blocked except
       ^
Expected one of: 
	* WORD
	* DASH
","Flying (This creature can not be blocked except by creatures with flying or reach.)
Whenever ~ deals combat damage to a player, that player exiles the top four cards of their library. If two or more of those cards have the same name, repeat this process."
102,Shimmering Wings,24.630991638999944,False,"No terminal matches '(' in the current parser context, at line 1 col 18

Enchant creature (Target a creature as you cast this. Thi
                 ^
Expected one of: 
	* WORD
	* DASH
","Enchant creature (Target a creature as you cast this. This card enters attached to that creature.)
Enchanted creature has flying. (It can not be blocked except by creatures with flying or reach.)
{U}: Return ~ to its owner's hand."
103,Sift,22.979094092999958,False,"No terminal matches ',' in the current parser context, at line 1 col 17

Draw three cards, then discard a card.
                ^
Expected one of: 
	* WORD
	* DASH
","Draw three cards, then discard a card."
104,Rootwater Matriarch,47.09640807999995,False,"No terminal matches 'G' in the current parser context, at line 1 col 6

{T}: Gain control of target creature for as l
     ^
Expected one of: 
	* OTHERWISE
	* MELD
	* BEEN
	* LOSE
	* REMOVE
	* SHUFFLED
	* __ANON_17
	* TAPPEDSTATUSMODIFIER
	* ONTO
	* IN
	* TAP
	* OBJECTCHARACTERISTIC
	* SPEND
	* ADD
	* TAKE
	* FROM
	* TURN
	* ATTACH
	* DETAIN
	* CONTROL
	* AFTER
	* DISCARD
	* CREATE
	* ADAPT
	* THAT
	* INTO
	* __ANON_20
	* MONSTROSITY
	* DOUBLE
	* THEM
	* ANY
	* SUBTYPECREATUREA
	* ALL
	* WITH
	* THEN
	* MILL
	* AMASS
	* PLAY
	* UNATTACH
	* EXPLORES
	* DIE
	* ORDINAL
	* COUNTER
	* SUBTYPELAND
	* CLASH
	* __ANON_15
	* YOUR
	* AT
	* WITHOUT
	* CHOSE
	* SUBTYPEENCHANTMENT
	* SCRY
	* DRAW
	* SAME
	* ACTIVATE
	* PROLIFERATE
	* CAST
	* BLOCK
	* IS
	* FIGHT
	* LEARN
	* GAINED
	* EXILE
	* UNDER
	* HERSELF
	* LOOK
	* SACRIFICED
	* INVESTIGATE
	* A
	* LBRACE
	* NO
	* SUBTYPECREATUREB
	* SEARCH
	* SKIP
	* ATTACK
	* BECOME
	* THEIR
	* FATESEAL
	* LESS
	* REGENERATE
	* SURVEIL
	* PLAYERCHARACTERISTIC
	* ABANDON
	* DOES
	* DISCOVER
	* SUBTYPEPLANESWALKER
	* ITSELF
	* UNTIL
	* CARDINAL
	* EXCHANGE
	* SUBTYPESPELL
	* DREW
	* DASH
	* ABILITYMODIFIER
	* TYPE
	* SUSPECT
	* FLIP
	* HAS
	* CONNIVE
	* UP
	* SUPPORT
	* AN
	* GAIN
	* STAR
	* X
	* NON
	* FREQUENCY
	* OTHER
	* __ANON_18
	* SWITCH
	* UNATTACHED
	* DO
	* WOULD
	* BOLSTER
	* CLOAK
	* ATTACHED
	* TRANSFORM
	* HIMSELF
	* REVEALED
	* CHOOSE
	* MANIFEST
	* NAMEREFSYMBOL
	* BLOCKED
	* SEARCHED
	* TARGET
	* BE
	* SUBTYPEARTIFACT
	* THIS
	* IT
	* WHEN
	* EFFECTSTATUSMODIFIER
	* WHENEVER
	* GOAD
	* PLAYED
	* POPULATE
	* AS
	* __ANON_14
	* GREATER
	* MAY
	* FOR
	* HAD
	* HAVE
	* MORE
	* NUMBER
	* PLAYERTERM
	* PAY
	* ABLE
	* ASSIGN
	* TAPSYMBOL
	* QUALIFIER
	* ONLY
	* COMBATSTATUSMODIFIER
	* ATTACKED
	* GET
	* SUBTYPEPLANAR
	* FORAGE
	* CAN
	* CYCLED
	* __ANON_21
	* PREVENT
	* KEYWORDSTATUSMODIFIER
	* RETURN
	* TIMES
	* PUT
	* ZONE
	* ITS
	* REVEAL
	* INCUBATE
	* ON
	* UNTAPSYMBOL
	* SHUFFLE
	* UNTAP
	* THOSE
	* WIN
	* DEAL
	* COLORTERM
	* EQUAL
	* WHILE
	* LOOKED
	* CYCLE
	* SUPERTYPE
	* LSQB
	* SACRIFICE
	* REMAIN
	* IF
	* EXERT
	* THESE
	* DESTROY
	* EACH
	* WHO
	* THE
	* LEVEL
	* ADDITIONAL
	* TURNED
	* CONVERT
	* DAMAGETYPE
	* __ANON_19
	* CONTROLLED
	* DISCARDED
",{T}: Gain control of target creature for as long as that creature is enchanted.
105,Snapping Drake,24.274138746999938,False,"No terminal matches '(' in the current parser context, at line 1 col 8

Flying (This creature can not be blocked except
       ^
Expected one of: 
	* WORD
	* DASH
",Flying (This creature can not be blocked except by creatures with flying or reach.)
106,Spiketail Hatchling,22.957555695999986,False,"No terminal matches '(' in the current parser context, at line 1 col 8

Flying (This creature can not be blocked except
       ^
Expected one of: 
	* WORD
	* DASH
","Flying (This creature can not be blocked except by creatures with flying or reach.)
Sacrifice ~: Counter target spell unless its controller pays {1}."
107,Puppeteer,87.20192898900007,False,"No terminal matches 'Y' in the current parser context, at line 1 col 11

{U}, {T}: You may tap or untap target creature.
          ^
Expected one of: 
	* OTHERWISE
	* MELD
	* BEEN
	* LOSE
	* REMOVE
	* SHUFFLED
	* __ANON_17
	* TAPPEDSTATUSMODIFIER
	* ONTO
	* IN
	* TAP
	* OBJECTCHARACTERISTIC
	* SPEND
	* ADD
	* TAKE
	* FROM
	* TURN
	* ATTACH
	* DETAIN
	* CONTROL
	* AFTER
	* DISCARD
	* CREATE
	* ADAPT
	* THAT
	* INTO
	* __ANON_20
	* MONSTROSITY
	* DOUBLE
	* THEM
	* ANY
	* SUBTYPECREATUREA
	* ALL
	* WITH
	* THEN
	* MILL
	* AMASS
	* PLAY
	* UNATTACH
	* EXPLORES
	* DIE
	* ORDINAL
	* COUNTER
	* SUBTYPELAND
	* CLASH
	* __ANON_15
	* YOUR
	* AT
	* WITHOUT
	* CHOSE
	* SUBTYPEENCHANTMENT
	* SCRY
	* DRAW
	* SAME
	* ACTIVATE
	* PROLIFERATE
	* CAST
	* BLOCK
	* IS
	* FIGHT
	* LEARN
	* GAINED
	* EXILE
	* UNDER
	* HERSELF
	* LOOK
	* SACRIFICED
	* INVESTIGATE
	* A
	* LBRACE
	* NO
	* SUBTYPECREATUREB
	* SEARCH
	* SKIP
	* ATTACK
	* BECOME
	* THEIR
	* FATESEAL
	* LESS
	* REGENERATE
	* SURVEIL
	* PLAYERCHARACTERISTIC
	* ABANDON
	* DOES
	* DISCOVER
	* SUBTYPEPLANESWALKER
	* ITSELF
	* UNTIL
	* CARDINAL
	* EXCHANGE
	* SUBTYPESPELL
	* DREW
	* DASH
	* ABILITYMODIFIER
	* TYPE
	* SUSPECT
	* FLIP
	* HAS
	* CONNIVE
	* UP
	* SUPPORT
	* AN
	* GAIN
	* STAR
	* X
	* NON
	* FREQUENCY
	* OTHER
	* __ANON_18
	* SWITCH
	* UNATTACHED
	* DO
	* WOULD
	* BOLSTER
	* CLOAK
	* ATTACHED
	* TRANSFORM
	* HIMSELF
	* REVEALED
	* CHOOSE
	* MANIFEST
	* NAMEREFSYMBOL
	* BLOCKED
	* SEARCHED
	* TARGET
	* BE
	* SUBTYPEARTIFACT
	* THIS
	* IT
	* WHEN
	* EFFECTSTATUSMODIFIER
	* WHENEVER
	* GOAD
	* PLAYED
	* POPULATE
	* AS
	* __ANON_14
	* GREATER
	* MAY
	* FOR
	* HAD
	* HAVE
	* MORE
	* NUMBER
	* PLAYERTERM
	* PAY
	* ABLE
	* ASSIGN
	* TAPSYMBOL
	* QUALIFIER
	* ONLY
	* COMBATSTATUSMODIFIER
	* ATTACKED
	* GET
	* SUBTYPEPLANAR
	* FORAGE
	* CAN
	* CYCLED
	* __ANON_21
	* PREVENT
	* KEYWORDSTATUSMODIFIER
	* RETURN
	* TIMES
	* PUT
	* ZONE
	* ITS
	* REVEAL
	* INCUBATE
	* ON
	* UNTAPSYMBOL
	* SHUFFLE
	* UNTAP
	* THOSE
	* WIN
	* DEAL
	* COLORTERM
	* EQUAL
	* WHILE
	* LOOKED
	* CYCLE
	* SUPERTYPE
	* LSQB
	* SACRIFICE
	* REMAIN
	* IF
	* EXERT
	* THESE
	* DESTROY
	* EACH
	* WHO
	* THE
	* LEVEL
	* ADDITIONAL
	* TURNED
	* CONVERT
	* DAMAGETYPE
	* __ANON_19
	* CONTROLLED
	* DISCARDED
","{U}, {T}: You may tap or untap target creature."
108,Sunken Hope,25.03064115699999,False,"No terminal matches ''' in the current parser context, at line 1 col 32

At the beginning of each player's upkeep, that player returns a creatur
                               ^
Expected one of: 
	* WORD
	* DASH
","At the beginning of each player's upkeep, that player returns a creature they control to its owner's hand."
109,Telepathy,22.744540481000058,False,"No terminal matches '.' in the current parser context, at line 1 col 46

opponents play with their hands revealed.
                                        ^
Expected one of: 
	* WORD
	* DASH
",Your opponents play with their hands revealed.
110,Telling Time,22.683173328000066,False,"No terminal matches '.' in the current parser context, at line 1 col 44

k at the top three cards of your library. Put one of those cards into your hand,
                                        ^
Expected one of: 
	* WORD
	* DASH
","Look at the top three cards of your library. Put one of those cards into your hand, one on top of your library, and one on the bottom of your library."
111,Thieving Magpie,24.886222228000065,False,"No terminal matches '(' in the current parser context, at line 1 col 8

Flying (This creature can not be blocked except
       ^
Expected one of: 
	* WORD
	* DASH
","Flying (This creature can not be blocked except by creatures with flying or reach.)
Whenever ~ deals damage to an opponent, draw a card."
112,Tidings,24.61907787000007,False,"No terminal matches '.' in the current parser context, at line 1 col 16

Draw four cards.
               ^
Expected one of: 
	* WORD
	* DASH
",Draw four cards.
113,Phantom Warrior,120.07184530899997,True,,~ can not be blocked.
114,Sky Weaver,66.09619306100001,False,"No terminal matches 'T' in the current parser context, at line 1 col 6

{2}: Target white or black creature gains fly
     ^
Expected one of: 
	* OTHERWISE
	* MELD
	* BEEN
	* LOSE
	* REMOVE
	* SHUFFLED
	* __ANON_17
	* TAPPEDSTATUSMODIFIER
	* ONTO
	* IN
	* TAP
	* OBJECTCHARACTERISTIC
	* SPEND
	* ADD
	* TAKE
	* FROM
	* TURN
	* ATTACH
	* DETAIN
	* CONTROL
	* AFTER
	* DISCARD
	* CREATE
	* ADAPT
	* THAT
	* INTO
	* __ANON_20
	* MONSTROSITY
	* DOUBLE
	* THEM
	* ANY
	* SUBTYPECREATUREA
	* ALL
	* WITH
	* THEN
	* MILL
	* AMASS
	* PLAY
	* UNATTACH
	* EXPLORES
	* DIE
	* ORDINAL
	* COUNTER
	* SUBTYPELAND
	* CLASH
	* __ANON_15
	* YOUR
	* AT
	* WITHOUT
	* CHOSE
	* SUBTYPEENCHANTMENT
	* SCRY
	* DRAW
	* SAME
	* ACTIVATE
	* PROLIFERATE
	* CAST
	* BLOCK
	* IS
	* FIGHT
	* LEARN
	* GAINED
	* EXILE
	* UNDER
	* HERSELF
	* LOOK
	* SACRIFICED
	* INVESTIGATE
	* A
	* LBRACE
	* NO
	* SUBTYPECREATUREB
	* SEARCH
	* SKIP
	* ATTACK
	* BECOME
	* THEIR
	* FATESEAL
	* LESS
	* REGENERATE
	* SURVEIL
	* PLAYERCHARACTERISTIC
	* ABANDON
	* DOES
	* DISCOVER
	* SUBTYPEPLANESWALKER
	* ITSELF
	* UNTIL
	* CARDINAL
	* EXCHANGE
	* SUBTYPESPELL
	* DREW
	* DASH
	* ABILITYMODIFIER
	* TYPE
	* SUSPECT
	* FLIP
	* HAS
	* CONNIVE
	* UP
	* SUPPORT
	* AN
	* GAIN
	* STAR
	* X
	* NON
	* FREQUENCY
	* OTHER
	* __ANON_18
	* SWITCH
	* UNATTACHED
	* DO
	* WOULD
	* BOLSTER
	* CLOAK
	* ATTACHED
	* TRANSFORM
	* HIMSELF
	* REVEALED
	* CHOOSE
	* MANIFEST
	* NAMEREFSYMBOL
	* BLOCKED
	* SEARCHED
	* TARGET
	* BE
	* SUBTYPEARTIFACT
	* THIS
	* IT
	* WHEN
	* EFFECTSTATUSMODIFIER
	* WHENEVER
	* GOAD
	* PLAYED
	* POPULATE
	* AS
	* __ANON_14
	* GREATER
	* MAY
	* FOR
	* HAD
	* HAVE
	* MORE
	* NUMBER
	* PLAYERTERM
	* PAY
	* ABLE
	* ASSIGN
	* TAPSYMBOL
	* QUALIFIER
	* ONLY
	* COMBATSTATUSMODIFIER
	* ATTACKED
	* GET
	* SUBTYPEPLANAR
	* FORAGE
	* CAN
	* CYCLED
	* __ANON_21
	* PREVENT
	* KEYWORDSTATUSMODIFIER
	* RETURN
	* TIMES
	* PUT
	* ZONE
	* ITS
	* REVEAL
	* INCUBATE
	* ON
	* UNTAPSYMBOL
	* SHUFFLE
	* UNTAP
	* THOSE
	* WIN
	* DEAL
	* COLORTERM
	* EQUAL
	* WHILE
	* LOOKED
	* CYCLE
	* SUPERTYPE
	* LSQB
	* SACRIFICE
	* REMAIN
	* IF
	* EXERT
	* THESE
	* DESTROY
	* EACH
	* WHO
	* THE
	* LEVEL
	* ADDITIONAL
	* TURNED
	* CONVERT
	* DAMAGETYPE
	* __ANON_19
	* CONTROLLED
	* DISCARDED
",{2}: Target white or black creature gains flying until end of turn. (It can not be blocked except by creatures with flying or reach.)
115,Time Stop,24.943089258999976,False,"No terminal matches '.' in the current parser context, at line 1 col 13

End the turn. (Exile all spells and abilities from t
            ^
Expected one of: 
	* WORD
	* DASH
","End the turn. (Exile all spells and abilities from the stack, including this card. The player whose turn it is discards down to their maximum hand size. Damage wears off, and ""this turn"" and ""until end of turn"" effects end.)"
116,Time Stretch,24.85685102399998,False,"No terminal matches '.' in the current parser context, at line 1 col 51

yer takes two extra turns after this one.
                                        ^
Expected one of: 
	* WORD
	* DASH
",Target player takes two extra turns after this one.
117,Traumatize,24.904629092999926,False,"No terminal matches ',' in the current parser context, at line 1 col 39

Target player mills half their library, rounded down.
                                      ^
Expected one of: 
	* WORD
	* DASH
","Target player mills half their library, rounded down."
118,Twincast,24.629377371000032,False,"No terminal matches '.' in the current parser context, at line 1 col 37

Copy target instant or sorcery spell. You may choose new targets for the cop
                                    ^
Expected one of: 
	* WORD
	* DASH
",Copy target instant or sorcery spell. You may choose new targets for the copy.
119,Twitch,24.91498886699992,False,"No terminal matches ',' in the current parser context, at line 1 col 37

You may tap or untap target artifact, creature, or land.
                                    ^
Expected one of: 
	* WORD
	* DASH
","You may tap or untap target artifact, creature, or land.
Draw a card."
120,Unsummon,25.15012441700003,False,"No terminal matches ''' in the current parser context, at line 1 col 36

Return target creature to its owner's hand.
                                   ^
Expected one of: 
	* WORD
	* DASH
",Return target creature to its owner's hand.
121,Wall of Air,24.735742852000044,False,"No terminal matches ',' in the current parser context, at line 1 col 9

Defender, flying (This creature can not attack, 
        ^
Expected one of: 
	* WORD
	* DASH
","Defender, flying (This creature can not attack, and it can block creatures with flying.)"
122,Afflict,24.815796195000075,False,"No terminal matches '-' in the current parser context, at line 1 col 22

Target creature gets -1/-1 until end of turn.
                     ^
Expected one of: 
	* WORD
	* DASH
","Target creature gets -1/-1 until end of turn.
Draw a card."
123,Agonizing Memories,24.735093911000035,False,"No terminal matches ''' in the current parser context, at line 1 col 22

Look at target player's hand and choose two cards from it. Pu
                     ^
Expected one of: 
	* WORD
	* DASH
",Look at target player's hand and choose two cards from it. Put them on top of that player's library in any order.
124,Ascendant Evincar,25.16083288899995,False,"No terminal matches '(' in the current parser context, at line 1 col 8

Flying (This creature can not be blocked except
       ^
Expected one of: 
	* WORD
	* DASH
","Flying (This creature can not be blocked except by creatures with flying or reach.)
Other black creatures get +1/+1.
Nonblack creatures get -1/-1."
125,Assassinate,22.50512323600003,False,"No terminal matches '.' in the current parser context, at line 1 col 31

Destroy target tapped creature.
                              ^
Expected one of: 
	* WORD
	* DASH
",Destroy target tapped creature.
126,Beacon of Unrest,22.616452760000016,False,"No terminal matches '.' in the current parser context, at line 1 col 94

 onto the battlefield under your control. Shuffle ~ into its owner's library.
                                        ^
Expected one of: 
	* WORD
	* DASH
",Put target artifact or creature card from a graveyard onto the battlefield under your control. Shuffle ~ into its owner's library.
127,Bog Wraith,23.048241731000076,False,"No terminal matches '(' in the current parser context, at line 1 col 11

Swampwalk (This creature can not be blocked as lon
          ^
Expected one of: 
	* WORD
	* DASH
",Swampwalk (This creature can not be blocked as long as defending player controls a Swamp.)
128,Consume Spirit,22.997314639000024,False,"No terminal matches '.' in the current parser context, at line 1 col 27

Spend only black mana on X.
                          ^
Expected one of: 
	* WORD
	* DASH
","Spend only black mana on X.
~ deals X damage to any target and you gain X life."
129,Contaminated Bond,24.914241471000082,False,"No terminal matches '(' in the current parser context, at line 1 col 18

Enchant creature (Target a creature as you cast this. Thi
                 ^
Expected one of: 
	* WORD
	* DASH
","Enchant creature (Target a creature as you cast this. This card enters attached to that creature.)
Whenever enchanted creature attacks or blocks, its controller loses 3 life."
130,Dross Crocodile,4.106999995201477e-06,False,'text',
131,Cruel Edict,22.875326901999983,False,"No terminal matches '.' in the current parser context, at line 1 col 54

nt sacrifices a creature of their choice.
                                        ^
Expected one of: 
	* WORD
	* DASH
",Target opponent sacrifices a creature of their choice.
132,Deathmark,24.358238922000055,False,"No terminal matches '.' in the current parser context, at line 1 col 39

Destroy target green or white creature.
                                      ^
Expected one of: 
	* WORD
	* DASH
",Destroy target green or white creature.
133,Diabolic Tutor,24.82330867899998,False,"No terminal matches ',' in the current parser context, at line 1 col 31

Search your library for a card, put that card into your hand, then shu
                              ^
Expected one of: 
	* WORD
	* DASH
","Search your library for a card, put that card into your hand, then shuffle."
134,Distress,24.84811387700006,False,"No terminal matches '.' in the current parser context, at line 1 col 33

Target player reveals their hand. You choose a nonland card from it. Tha
                                ^
Expected one of: 
	* WORD
	* DASH
",Target player reveals their hand. You choose a nonland card from it. That player discards that card.
135,Dusk Imp,24.430055326,False,"Unexpected end-of-input. Expected one of: 
	* DASH
	* WORD
",Flying
136,Vedalken Mastermind,87.71348807699997,False,"No terminal matches 'R' in the current parser context, at line 1 col 11

{U}, {T}: Return target permanent you control to i
          ^
Expected one of: 
	* OTHERWISE
	* MELD
	* BEEN
	* LOSE
	* REMOVE
	* SHUFFLED
	* __ANON_17
	* TAPPEDSTATUSMODIFIER
	* ONTO
	* IN
	* TAP
	* OBJECTCHARACTERISTIC
	* SPEND
	* ADD
	* TAKE
	* FROM
	* TURN
	* ATTACH
	* DETAIN
	* CONTROL
	* AFTER
	* DISCARD
	* CREATE
	* ADAPT
	* THAT
	* INTO
	* __ANON_20
	* MONSTROSITY
	* DOUBLE
	* THEM
	* ANY
	* SUBTYPECREATUREA
	* ALL
	* WITH
	* THEN
	* MILL
	* AMASS
	* PLAY
	* UNATTACH
	* EXPLORES
	* DIE
	* ORDINAL
	* COUNTER
	* SUBTYPELAND
	* CLASH
	* __ANON_15
	* YOUR
	* AT
	* WITHOUT
	* CHOSE
	* SUBTYPEENCHANTMENT
	* SCRY
	* DRAW
	* SAME
	* ACTIVATE
	* PROLIFERATE
	* CAST
	* BLOCK
	* IS
	* FIGHT
	* LEARN
	* GAINED
	* EXILE
	* UNDER
	* HERSELF
	* LOOK
	* SACRIFICED
	* INVESTIGATE
	* A
	* LBRACE
	* NO
	* SUBTYPECREATUREB
	* SEARCH
	* SKIP
	* ATTACK
	* BECOME
	* THEIR
	* FATESEAL
	* LESS
	* REGENERATE
	* SURVEIL
	* PLAYERCHARACTERISTIC
	* ABANDON
	* DOES
	* DISCOVER
	* SUBTYPEPLANESWALKER
	* ITSELF
	* UNTIL
	* CARDINAL
	* EXCHANGE
	* SUBTYPESPELL
	* DREW
	* DASH
	* ABILITYMODIFIER
	* TYPE
	* SUSPECT
	* FLIP
	* HAS
	* CONNIVE
	* UP
	* SUPPORT
	* AN
	* GAIN
	* STAR
	* X
	* NON
	* FREQUENCY
	* OTHER
	* __ANON_18
	* SWITCH
	* UNATTACHED
	* DO
	* WOULD
	* BOLSTER
	* CLOAK
	* ATTACHED
	* TRANSFORM
	* HIMSELF
	* REVEALED
	* CHOOSE
	* MANIFEST
	* NAMEREFSYMBOL
	* BLOCKED
	* SEARCHED
	* TARGET
	* BE
	* SUBTYPEARTIFACT
	* THIS
	* IT
	* WHEN
	* EFFECTSTATUSMODIFIER
	* WHENEVER
	* GOAD
	* PLAYED
	* POPULATE
	* AS
	* __ANON_14
	* GREATER
	* MAY
	* FOR
	* HAD
	* HAVE
	* MORE
	* NUMBER
	* PLAYERTERM
	* PAY
	* ABLE
	* ASSIGN
	* TAPSYMBOL
	* QUALIFIER
	* ONLY
	* COMBATSTATUSMODIFIER
	* ATTACKED
	* GET
	* SUBTYPEPLANAR
	* FORAGE
	* CAN
	* CYCLED
	* __ANON_21
	* PREVENT
	* KEYWORDSTATUSMODIFIER
	* RETURN
	* TIMES
	* PUT
	* ZONE
	* ITS
	* REVEAL
	* INCUBATE
	* ON
	* UNTAPSYMBOL
	* SHUFFLE
	* UNTAP
	* THOSE
	* WIN
	* DEAL
	* COLORTERM
	* EQUAL
	* WHILE
	* LOOKED
	* CYCLE
	* SUPERTYPE
	* LSQB
	* SACRIFICE
	* REMAIN
	* IF
	* EXERT
	* THESE
	* DESTROY
	* EACH
	* WHO
	* THE
	* LEVEL
	* ADDITIONAL
	* TURNED
	* CONVERT
	* DAMAGETYPE
	* __ANON_19
	* CONTROLLED
	* DISCARDED
","{U}, {T}: Return target permanent you control to its owner's hand."
137,Fear,24.79499723799995,False,"No terminal matches '(' in the current parser context, at line 1 col 18

Enchant creature (Target a creature as you cast this. Thi
                 ^
Expected one of: 
	* WORD
	* DASH
","Enchant creature (Target a creature as you cast this. This card enters attached to that creature.)
Enchanted creature has fear. (It can not be blocked except by artifact creatures and/or black creatures.)"
138,Festering Goblin,24.7358571069999,False,"No terminal matches '~' in the current parser context, at line 1 col 6

When ~ dies, target creature gets -1/-1 until
     ^
Expected one of: 
	* WORD
	* DASH
","When ~ dies, target creature gets -1/-1 until end of turn."
139,Grave Pact,24.582287232,False,"No terminal matches ',' in the current parser context, at line 1 col 37

Whenever a creature you control dies, each other player sacrifices a creatur
                                    ^
Expected one of: 
	* WORD
	* DASH
","Whenever a creature you control dies, each other player sacrifices a creature of their choice."
140,Graveborn Muse,24.817243637999923,False,"No terminal matches ',' in the current parser context, at line 1 col 32

At the beginning of your upkeep, you draw X cards and you lose X life, 
                               ^
Expected one of: 
	* WORD
	* DASH
","At the beginning of your upkeep, you draw X cards and you lose X life, where X is the number of Zombies you control."
141,Gravedigger,24.673455051999895,False,"No terminal matches '~' in the current parser context, at line 1 col 6

When ~ enters, you may return target creature
     ^
Expected one of: 
	* WORD
	* DASH
","When ~ enters, you may return target creature card from your graveyard to your hand."
142,Drudge Skeletons,65.80932098200003,False,"No terminal matches 'R' in the current parser context, at line 1 col 6

{B}: Regenerate ~. (The next time this creatu
     ^
Expected one of: 
	* OTHERWISE
	* MELD
	* BEEN
	* LOSE
	* REMOVE
	* SHUFFLED
	* __ANON_17
	* TAPPEDSTATUSMODIFIER
	* ONTO
	* IN
	* TAP
	* OBJECTCHARACTERISTIC
	* SPEND
	* ADD
	* TAKE
	* FROM
	* TURN
	* ATTACH
	* DETAIN
	* CONTROL
	* AFTER
	* DISCARD
	* CREATE
	* ADAPT
	* THAT
	* INTO
	* __ANON_20
	* MONSTROSITY
	* DOUBLE
	* THEM
	* ANY
	* SUBTYPECREATUREA
	* ALL
	* WITH
	* THEN
	* MILL
	* AMASS
	* PLAY
	* UNATTACH
	* EXPLORES
	* DIE
	* ORDINAL
	* COUNTER
	* SUBTYPELAND
	* CLASH
	* __ANON_15
	* YOUR
	* AT
	* WITHOUT
	* CHOSE
	* SUBTYPEENCHANTMENT
	* SCRY
	* DRAW
	* SAME
	* ACTIVATE
	* PROLIFERATE
	* CAST
	* BLOCK
	* IS
	* FIGHT
	* LEARN
	* GAINED
	* EXILE
	* UNDER
	* HERSELF
	* LOOK
	* SACRIFICED
	* INVESTIGATE
	* A
	* LBRACE
	* NO
	* SUBTYPECREATUREB
	* SEARCH
	* SKIP
	* ATTACK
	* BECOME
	* THEIR
	* FATESEAL
	* LESS
	* REGENERATE
	* SURVEIL
	* PLAYERCHARACTERISTIC
	* ABANDON
	* DOES
	* DISCOVER
	* SUBTYPEPLANESWALKER
	* ITSELF
	* UNTIL
	* CARDINAL
	* EXCHANGE
	* SUBTYPESPELL
	* DREW
	* DASH
	* ABILITYMODIFIER
	* TYPE
	* SUSPECT
	* FLIP
	* HAS
	* CONNIVE
	* UP
	* SUPPORT
	* AN
	* GAIN
	* STAR
	* X
	* NON
	* FREQUENCY
	* OTHER
	* __ANON_18
	* SWITCH
	* UNATTACHED
	* DO
	* WOULD
	* BOLSTER
	* CLOAK
	* ATTACHED
	* TRANSFORM
	* HIMSELF
	* REVEALED
	* CHOOSE
	* MANIFEST
	* NAMEREFSYMBOL
	* BLOCKED
	* SEARCHED
	* TARGET
	* BE
	* SUBTYPEARTIFACT
	* THIS
	* IT
	* WHEN
	* EFFECTSTATUSMODIFIER
	* WHENEVER
	* GOAD
	* PLAYED
	* POPULATE
	* AS
	* __ANON_14
	* GREATER
	* MAY
	* FOR
	* HAD
	* HAVE
	* MORE
	* NUMBER
	* PLAYERTERM
	* PAY
	* ABLE
	* ASSIGN
	* TAPSYMBOL
	* QUALIFIER
	* ONLY
	* COMBATSTATUSMODIFIER
	* ATTACKED
	* GET
	* SUBTYPEPLANAR
	* FORAGE
	* CAN
	* CYCLED
	* __ANON_21
	* PREVENT
	* KEYWORDSTATUSMODIFIER
	* RETURN
	* TIMES
	* PUT
	* ZONE
	* ITS
	* REVEAL
	* INCUBATE
	* ON
	* UNTAPSYMBOL
	* SHUFFLE
	* UNTAP
	* THOSE
	* WIN
	* DEAL
	* COLORTERM
	* EQUAL
	* WHILE
	* LOOKED
	* CYCLE
	* SUPERTYPE
	* LSQB
	* SACRIFICE
	* REMAIN
	* IF
	* EXERT
	* THESE
	* DESTROY
	* EACH
	* WHO
	* THE
	* LEVEL
	* ADDITIONAL
	* TURNED
	* CONVERT
	* DAMAGETYPE
	* __ANON_19
	* CONTROLLED
	* DISCARDED
","{B}: Regenerate ~. (The next time this creature would be destroyed this turn, instead tap it, remove it from combat, and heal all damage on it.)"
143,Doomed Necromancer,83.158371375,False,"No terminal matches 'S' in the current parser context, at line 1 col 11

{B}, {T}, Sacrifice ~: Return target creature card
          ^
Expected one of: 
	* MELD
	* IN
	* SHUFFLED
	* LOSE
	* REMOVE
	* TAPPEDSTATUSMODIFIER
	* __ANON_17
	* ONTO
	* OBJECTCHARACTERISTIC
	* TAP
	* SPEND
	* ADD
	* TAKE
	* FROM
	* TURN
	* ATTACH
	* DETAIN
	* CONTROL
	* DISCARD
	* CREATE
	* ADAPT
	* THAT
	* INTO
	* __ANON_20
	* MONSTROSITY
	* DOUBLE
	* THEM
	* ANY
	* SUBTYPECREATUREA
	* ALL
	* WITH
	* AMASS
	* MILL
	* PLAY
	* UNATTACH
	* EXPLORES
	* DIE
	* COUNTER
	* ORDINAL
	* SUBTYPELAND
	* CLASH
	* __ANON_15
	* YOUR
	* WITHOUT
	* CHOSE
	* SUBTYPEENCHANTMENT
	* SCRY
	* DRAW
	* SAME
	* ACTIVATE
	* PROLIFERATE
	* CAST
	* BLOCK
	* LEARN
	* FIGHT
	* GAINED
	* EXILE
	* UNDER
	* HERSELF
	* LOOK
	* SACRIFICED
	* INVESTIGATE
	* A
	* NO
	* LBRACE
	* SUBTYPECREATUREB
	* SEARCH
	* SKIP
	* ATTACK
	* THEIR
	* FATESEAL
	* LESS
	* REGENERATE
	* SURVEIL
	* PLAYERCHARACTERISTIC
	* ABANDON
	* DISCOVER
	* SUBTYPEPLANESWALKER
	* ITSELF
	* EXCHANGE
	* CARDINAL
	* SUBTYPESPELL
	* DREW
	* ABILITYMODIFIER
	* TYPE
	* SUSPECT
	* FLIP
	* CONNIVE
	* SUPPORT
	* UP
	* AN
	* GAIN
	* STAR
	* X
	* NON
	* FREQUENCY
	* OTHER
	* __ANON_18
	* SWITCH
	* UNATTACHED
	* CLOAK
	* BOLSTER
	* ATTACHED
	* TRANSFORM
	* REVEALED
	* HIMSELF
	* CHOOSE
	* MANIFEST
	* BLOCKED
	* NAMEREFSYMBOL
	* SEARCHED
	* TARGET
	* SUBTYPEARTIFACT
	* THIS
	* IT
	* EFFECTSTATUSMODIFIER
	* GOAD
	* PLAYED
	* POPULATE
	* __ANON_14
	* GREATER
	* MORE
	* NUMBER
	* PLAYERTERM
	* PAY
	* ABLE
	* ASSIGN
	* TAPSYMBOL
	* QUALIFIER
	* ONLY
	* COMBATSTATUSMODIFIER
	* ATTACKED
	* GET
	* SUBTYPEPLANAR
	* FORAGE
	* CYCLED
	* __ANON_21
	* PREVENT
	* KEYWORDSTATUSMODIFIER
	* RETURN
	* TIMES
	* PUT
	* ZONE
	* ITS
	* REVEAL
	* INCUBATE
	* ON
	* UNTAPSYMBOL
	* SHUFFLE
	* UNTAP
	* THOSE
	* WIN
	* DEAL
	* COLORTERM
	* EQUAL
	* LOOKED
	* CYCLE
	* SUPERTYPE
	* LSQB
	* SACRIFICE
	* REMAIN
	* EXERT
	* EACH
	* THESE
	* DESTROY
	* WHO
	* ADDITIONAL
	* THE
	* LEVEL
	* TURNED
	* CONVERT
	* DAMAGETYPE
	* __ANON_19
	* CONTROLLED
	* DISCARDED
","{B}, {T}, Sacrifice ~: Return target creature card from your graveyard to the battlefield."
144,Head Games,24.759262326999988,False,"No terminal matches '.' in the current parser context, at line 1 col 71

 from their hand on top of their library. Search that player's library for that 
                                        ^
Expected one of: 
	* WORD
	* DASH
","Target opponent puts the cards from their hand on top of their library. Search that player's library for that many cards. The player puts those cards into their hand, then shuffles."
145,Hidden Horror,24.913117844999988,False,"No terminal matches '~' in the current parser context, at line 1 col 6

When ~ enters, sacrifice it unless you discar
     ^
Expected one of: 
	* WORD
	* DASH
","When ~ enters, sacrifice it unless you discard a creature card."
146,Highway Robber,22.97930510599997,False,"No terminal matches '~' in the current parser context, at line 1 col 6

When ~ enters, target opponent loses 2 life a
     ^
Expected one of: 
	* WORD
	* DASH
","When ~ enters, target opponent loses 2 life and you gain 2 life."
147,Hypnotic Specter,24.710367276999932,False,"No terminal matches '~' in the current parser context, at line 2 col 10

Whenever ~ deals damage to an opponent, that play
         ^
Expected one of: 
	* WORD
	* DASH
","Flying
Whenever ~ deals damage to an opponent, that player discards a card at random."
148,Mass of Ghouls,3.7270000348144094e-06,False,'text',
149,Lord of the Pit,22.72997374299996,False,"No terminal matches ',' in the current parser context, at line 1 col 7

Flying, trample
      ^
Expected one of: 
	* WORD
	* DASH
","Flying, trample
At the beginning of your upkeep, sacrifice a creature other than ~. If you can not, ~ deals 7 damage to you."
150,Lord of the Undead,24.835377117000007,False,"No terminal matches '+' in the current parser context, at line 1 col 28

Other Zombie creatures get +1/+1.
                           ^
Expected one of: 
	* WORD
	* DASH
","Other Zombie creatures get +1/+1.
{1}{B}, {T}: Return target Zombie card from your graveyard to your hand."
151,Hate Weaver,67.28895267099995,False,"No terminal matches 'T' in the current parser context, at line 1 col 6

{2}: Target blue or red creature gets +1/+0 u
     ^
Expected one of: 
	* OTHERWISE
	* MELD
	* BEEN
	* LOSE
	* REMOVE
	* SHUFFLED
	* __ANON_17
	* TAPPEDSTATUSMODIFIER
	* ONTO
	* IN
	* TAP
	* OBJECTCHARACTERISTIC
	* SPEND
	* ADD
	* TAKE
	* FROM
	* TURN
	* ATTACH
	* DETAIN
	* CONTROL
	* AFTER
	* DISCARD
	* CREATE
	* ADAPT
	* THAT
	* INTO
	* __ANON_20
	* MONSTROSITY
	* DOUBLE
	* THEM
	* ANY
	* SUBTYPECREATUREA
	* ALL
	* WITH
	* THEN
	* MILL
	* AMASS
	* PLAY
	* UNATTACH
	* EXPLORES
	* DIE
	* ORDINAL
	* COUNTER
	* SUBTYPELAND
	* CLASH
	* __ANON_15
	* YOUR
	* AT
	* WITHOUT
	* CHOSE
	* SUBTYPEENCHANTMENT
	* SCRY
	* DRAW
	* SAME
	* ACTIVATE
	* PROLIFERATE
	* CAST
	* BLOCK
	* IS
	* FIGHT
	* LEARN
	* GAINED
	* EXILE
	* UNDER
	* HERSELF
	* LOOK
	* SACRIFICED
	* INVESTIGATE
	* A
	* LBRACE
	* NO
	* SUBTYPECREATUREB
	* SEARCH
	* SKIP
	* ATTACK
	* BECOME
	* THEIR
	* FATESEAL
	* LESS
	* REGENERATE
	* SURVEIL
	* PLAYERCHARACTERISTIC
	* ABANDON
	* DOES
	* DISCOVER
	* SUBTYPEPLANESWALKER
	* ITSELF
	* UNTIL
	* CARDINAL
	* EXCHANGE
	* SUBTYPESPELL
	* DREW
	* DASH
	* ABILITYMODIFIER
	* TYPE
	* SUSPECT
	* FLIP
	* HAS
	* CONNIVE
	* UP
	* SUPPORT
	* AN
	* GAIN
	* STAR
	* X
	* NON
	* FREQUENCY
	* OTHER
	* __ANON_18
	* SWITCH
	* UNATTACHED
	* DO
	* WOULD
	* BOLSTER
	* CLOAK
	* ATTACHED
	* TRANSFORM
	* HIMSELF
	* REVEALED
	* CHOOSE
	* MANIFEST
	* NAMEREFSYMBOL
	* BLOCKED
	* SEARCHED
	* TARGET
	* BE
	* SUBTYPEARTIFACT
	* THIS
	* IT
	* WHEN
	* EFFECTSTATUSMODIFIER
	* WHENEVER
	* GOAD
	* PLAYED
	* POPULATE
	* AS
	* __ANON_14
	* GREATER
	* MAY
	* FOR
	* HAD
	* HAVE
	* MORE
	* NUMBER
	* PLAYERTERM
	* PAY
	* ABLE
	* ASSIGN
	* TAPSYMBOL
	* QUALIFIER
	* ONLY
	* COMBATSTATUSMODIFIER
	* ATTACKED
	* GET
	* SUBTYPEPLANAR
	* FORAGE
	* CAN
	* CYCLED
	* __ANON_21
	* PREVENT
	* KEYWORDSTATUSMODIFIER
	* RETURN
	* TIMES
	* PUT
	* ZONE
	* ITS
	* REVEAL
	* INCUBATE
	* ON
	* UNTAPSYMBOL
	* SHUFFLE
	* UNTAP
	* THOSE
	* WIN
	* DEAL
	* COLORTERM
	* EQUAL
	* WHILE
	* LOOKED
	* CYCLE
	* SUPERTYPE
	* LSQB
	* SACRIFICE
	* REMAIN
	* IF
	* EXERT
	* THESE
	* DESTROY
	* EACH
	* WHO
	* THE
	* LEVEL
	* ADDITIONAL
	* TURNED
	* CONVERT
	* DAMAGETYPE
	* __ANON_19
	* CONTROLLED
	* DISCARDED
",{2}: Target blue or red creature gets +1/+0 until end of turn.
152,Megrim,24.76010440799996,False,"No terminal matches ',' in the current parser context, at line 1 col 37

Whenever an opponent discards a card, ~ deals 2 damage to that player.
                                    ^
Expected one of: 
	* WORD
	* DASH
","Whenever an opponent discards a card, ~ deals 2 damage to that player."
153,Sea Monster,270.744195244,False,"No terminal matches '.' in the current parser context, at line 1 col 60

less defending player controls an Island.
                                        ^
Expected one of: 
	* WORD
	* DASH
",~ can not attack unless defending player controls an Island.
154,Midnight Ritual,24.732108582000023,False,"No terminal matches '.' in the current parser context, at line 1 col 50

arget creature cards from your graveyard. For each creature card exiled this way
                                        ^
Expected one of: 
	* WORD
	* DASH
","Exile X target creature cards from your graveyard. For each creature card exiled this way, create a 2/2 black Zombie creature token."
155,Mind Rot,24.878882437000016,False,"No terminal matches '.' in the current parser context, at line 1 col 33

Target player discards two cards.
                                ^
Expected one of: 
	* WORD
	* DASH
",Target player discards two cards.
156,Mortal Combat,23.173389546999942,False,"No terminal matches ',' in the current parser context, at line 1 col 32

At the beginning of your upkeep, if twenty or more creature cards are i
                               ^
Expected one of: 
	* WORD
	* DASH
","At the beginning of your upkeep, if twenty or more creature cards are in your graveyard, you win the game."
157,Nantuko Husk,24.851113079000015,False,"No terminal matches ':' in the current parser context, at line 1 col 21

Sacrifice a creature: ~ gets +2/+2 until end of turn.
                    ^
Expected one of: 
	* WORD
	* DASH
",Sacrifice a creature: ~ gets +2/+2 until end of turn.
158,Nekrataal,24.784992151999973,False,"No terminal matches '~' in the current parser context, at line 2 col 6

When ~ enters, destroy target nonartifact, no
     ^
Expected one of: 
	* WORD
	* DASH
","First strike
When ~ enters, destroy target nonartifact, nonblack creature. That creature can not be regenerated."
159,Nightmare,24.929429178000078,False,"No terminal matches '(' in the current parser context, at line 1 col 8

Flying (This creature can not be blocked except
       ^
Expected one of: 
	* WORD
	* DASH
","Flying (This creature can not be blocked except by creatures with flying or reach.)
~'s power and toughness are each equal to the number of Swamps you control."
160,No Rest for the Wicked,24.68921953200004,False,"No terminal matches '~' in the current parser context, at line 1 col 11

Sacrifice ~: Return to your hand all creature card
          ^
Expected one of: 
	* WORD
	* DASH
",Sacrifice ~: Return to your hand all creature cards in your graveyard that were put there from the battlefield this turn.
161,Knight of Dusk,86.24101763599992,False,"No terminal matches 'D' in the current parser context, at line 1 col 9

{B}{B}: Destroy target creature blocking ~.
        ^
Expected one of: 
	* OTHERWISE
	* MELD
	* BEEN
	* LOSE
	* REMOVE
	* SHUFFLED
	* __ANON_17
	* TAPPEDSTATUSMODIFIER
	* ONTO
	* IN
	* TAP
	* OBJECTCHARACTERISTIC
	* SPEND
	* ADD
	* TAKE
	* FROM
	* TURN
	* ATTACH
	* DETAIN
	* CONTROL
	* AFTER
	* DISCARD
	* CREATE
	* ADAPT
	* THAT
	* INTO
	* __ANON_20
	* MONSTROSITY
	* DOUBLE
	* THEM
	* ANY
	* SUBTYPECREATUREA
	* ALL
	* WITH
	* THEN
	* MILL
	* AMASS
	* PLAY
	* UNATTACH
	* EXPLORES
	* DIE
	* ORDINAL
	* COUNTER
	* SUBTYPELAND
	* CLASH
	* __ANON_15
	* YOUR
	* AT
	* WITHOUT
	* CHOSE
	* SUBTYPEENCHANTMENT
	* SCRY
	* DRAW
	* SAME
	* ACTIVATE
	* PROLIFERATE
	* CAST
	* BLOCK
	* IS
	* FIGHT
	* LEARN
	* GAINED
	* EXILE
	* UNDER
	* HERSELF
	* LOOK
	* SACRIFICED
	* INVESTIGATE
	* A
	* LBRACE
	* NO
	* SUBTYPECREATUREB
	* SEARCH
	* SKIP
	* ATTACK
	* BECOME
	* THEIR
	* FATESEAL
	* LESS
	* REGENERATE
	* SURVEIL
	* PLAYERCHARACTERISTIC
	* ABANDON
	* DOES
	* DISCOVER
	* SUBTYPEPLANESWALKER
	* ITSELF
	* UNTIL
	* CARDINAL
	* EXCHANGE
	* SUBTYPESPELL
	* DREW
	* DASH
	* ABILITYMODIFIER
	* TYPE
	* SUSPECT
	* FLIP
	* HAS
	* CONNIVE
	* UP
	* SUPPORT
	* AN
	* GAIN
	* STAR
	* X
	* NON
	* FREQUENCY
	* OTHER
	* __ANON_18
	* SWITCH
	* UNATTACHED
	* DO
	* WOULD
	* BOLSTER
	* CLOAK
	* ATTACHED
	* TRANSFORM
	* HIMSELF
	* REVEALED
	* CHOOSE
	* MANIFEST
	* NAMEREFSYMBOL
	* BLOCKED
	* SEARCHED
	* TARGET
	* BE
	* SUBTYPEARTIFACT
	* THIS
	* IT
	* WHEN
	* EFFECTSTATUSMODIFIER
	* WHENEVER
	* GOAD
	* PLAYED
	* POPULATE
	* AS
	* __ANON_14
	* GREATER
	* MAY
	* FOR
	* HAD
	* HAVE
	* MORE
	* NUMBER
	* PLAYERTERM
	* PAY
	* ABLE
	* ASSIGN
	* TAPSYMBOL
	* QUALIFIER
	* ONLY
	* COMBATSTATUSMODIFIER
	* ATTACKED
	* GET
	* SUBTYPEPLANAR
	* FORAGE
	* CAN
	* CYCLED
	* __ANON_21
	* PREVENT
	* KEYWORDSTATUSMODIFIER
	* RETURN
	* TIMES
	* PUT
	* ZONE
	* ITS
	* REVEAL
	* INCUBATE
	* ON
	* UNTAPSYMBOL
	* SHUFFLE
	* UNTAP
	* THOSE
	* WIN
	* DEAL
	* COLORTERM
	* EQUAL
	* WHILE
	* LOOKED
	* CYCLE
	* SUPERTYPE
	* LSQB
	* SACRIFICE
	* REMAIN
	* IF
	* EXERT
	* THESE
	* DESTROY
	* EACH
	* WHO
	* THE
	* LEVEL
	* ADDITIONAL
	* TURNED
	* CONVERT
	* DAMAGETYPE
	* __ANON_19
	* CONTROLLED
	* DISCARDED
",{B}{B}: Destroy target creature blocking ~.
162,Phage the Untouchable,24.63542179000001,False,"No terminal matches '~' in the current parser context, at line 1 col 6

When ~ enters, if you didn't cast it from you
     ^
Expected one of: 
	* WORD
	* DASH
","When ~ enters, if you didn't cast it from your hand, you lose the game.
Whenever Phage deals combat damage to a creature, destroy that creature. It can not be regenerated.
Whenever Phage deals combat damage to a player, that player loses the game."
163,Phyrexian Rager,24.464677729000073,False,"No terminal matches '~' in the current parser context, at line 1 col 6

When ~ enters, you draw a card and you lose 1
     ^
Expected one of: 
	* WORD
	* DASH
","When ~ enters, you draw a card and you lose 1 life."
164,Plague Beetle,22.776266651000014,False,"No terminal matches '(' in the current parser context, at line 1 col 11

Swampwalk (This creature can not be blocked as lon
          ^
Expected one of: 
	* WORD
	* DASH
",Swampwalk (This creature can not be blocked as long as defending player controls a Swamp.)
165,Plague Wind,25.141868906000013,False,"No terminal matches '.' in the current parser context, at line 1 col 41

Destroy all creatures you do not control. They can not be regenerated.
                                        ^
Expected one of: 
	* WORD
	* DASH
",Destroy all creatures you do not control. They can not be regenerated.
166,Rain of Tears,24.815884149999988,False,"No terminal matches '.' in the current parser context, at line 1 col 20

Destroy target land.
                   ^
Expected one of: 
	* WORD
	* DASH
",Destroy target land.
167,Scathe Zombies,3.22599998980877e-06,False,'text',
168,Ravenous Rats,22.92520209999998,False,"No terminal matches '~' in the current parser context, at line 1 col 6

When ~ enters, target opponent discards a car
     ^
Expected one of: 
	* WORD
	* DASH
","When ~ enters, target opponent discards a card."
169,Recover,22.40800734300001,False,"No terminal matches '.' in the current parser context, at line 1 col 61

re card from your graveyard to your hand.
                                        ^
Expected one of: 
	* WORD
	* DASH
","Return target creature card from your graveyard to your hand.
Draw a card."
170,Sengir Vampire,24.474737174999973,False,"No terminal matches '(' in the current parser context, at line 1 col 8

Flying (This creature can not be blocked except
       ^
Expected one of: 
	* WORD
	* DASH
","Flying (This creature can not be blocked except by creatures with flying or reach.)
Whenever a creature dealt damage by ~ this turn dies, put a +1/+1 counter on ~."
171,Severed Legion,24.87215577300003,False,"No terminal matches '(' in the current parser context, at line 1 col 6

Fear (This creature can not be blocked except
     ^
Expected one of: 
	* WORD
	* DASH
",Fear (This creature can not be blocked except by artifact creatures and/or black creatures.)
172,Sleeper Agent,24.755997890999993,False,"No terminal matches '~' in the current parser context, at line 1 col 6

When ~ enters, target opponent gains control 
     ^
Expected one of: 
	* WORD
	* DASH
","When ~ enters, target opponent gains control of it.
At the beginning of your upkeep, ~ deals 2 damage to you."
173,Royal Assassin,47.59320035899998,False,"No terminal matches 'D' in the current parser context, at line 1 col 6

{T}: Destroy target tapped creature.
     ^
Expected one of: 
	* OTHERWISE
	* MELD
	* BEEN
	* LOSE
	* REMOVE
	* SHUFFLED
	* __ANON_17
	* TAPPEDSTATUSMODIFIER
	* ONTO
	* IN
	* TAP
	* OBJECTCHARACTERISTIC
	* SPEND
	* ADD
	* TAKE
	* FROM
	* TURN
	* ATTACH
	* DETAIN
	* CONTROL
	* AFTER
	* DISCARD
	* CREATE
	* ADAPT
	* THAT
	* INTO
	* __ANON_20
	* MONSTROSITY
	* DOUBLE
	* THEM
	* ANY
	* SUBTYPECREATUREA
	* ALL
	* WITH
	* THEN
	* MILL
	* AMASS
	* PLAY
	* UNATTACH
	* EXPLORES
	* DIE
	* ORDINAL
	* COUNTER
	* SUBTYPELAND
	* CLASH
	* __ANON_15
	* YOUR
	* AT
	* WITHOUT
	* CHOSE
	* SUBTYPEENCHANTMENT
	* SCRY
	* DRAW
	* SAME
	* ACTIVATE
	* PROLIFERATE
	* CAST
	* BLOCK
	* IS
	* FIGHT
	* LEARN
	* GAINED
	* EXILE
	* UNDER
	* HERSELF
	* LOOK
	* SACRIFICED
	* INVESTIGATE
	* A
	* LBRACE
	* NO
	* SUBTYPECREATUREB
	* SEARCH
	* SKIP
	* ATTACK
	* BECOME
	* THEIR
	* FATESEAL
	* LESS
	* REGENERATE
	* SURVEIL
	* PLAYERCHARACTERISTIC
	* ABANDON
	* DOES
	* DISCOVER
	* SUBTYPEPLANESWALKER
	* ITSELF
	* UNTIL
	* CARDINAL
	* EXCHANGE
	* SUBTYPESPELL
	* DREW
	* DASH
	* ABILITYMODIFIER
	* TYPE
	* SUSPECT
	* FLIP
	* HAS
	* CONNIVE
	* UP
	* SUPPORT
	* AN
	* GAIN
	* STAR
	* X
	* NON
	* FREQUENCY
	* OTHER
	* __ANON_18
	* SWITCH
	* UNATTACHED
	* DO
	* WOULD
	* BOLSTER
	* CLOAK
	* ATTACHED
	* TRANSFORM
	* HIMSELF
	* REVEALED
	* CHOOSE
	* MANIFEST
	* NAMEREFSYMBOL
	* BLOCKED
	* SEARCHED
	* TARGET
	* BE
	* SUBTYPEARTIFACT
	* THIS
	* IT
	* WHEN
	* EFFECTSTATUSMODIFIER
	* WHENEVER
	* GOAD
	* PLAYED
	* POPULATE
	* AS
	* __ANON_14
	* GREATER
	* MAY
	* FOR
	* HAD
	* HAVE
	* MORE
	* NUMBER
	* PLAYERTERM
	* PAY
	* ABLE
	* ASSIGN
	* TAPSYMBOL
	* QUALIFIER
	* ONLY
	* COMBATSTATUSMODIFIER
	* ATTACKED
	* GET
	* SUBTYPEPLANAR
	* FORAGE
	* CAN
	* CYCLED
	* __ANON_21
	* PREVENT
	* KEYWORDSTATUSMODIFIER
	* RETURN
	* TIMES
	* PUT
	* ZONE
	* ITS
	* REVEAL
	* INCUBATE
	* ON
	* UNTAPSYMBOL
	* SHUFFLE
	* UNTAP
	* THOSE
	* WIN
	* DEAL
	* COLORTERM
	* EQUAL
	* WHILE
	* LOOKED
	* CYCLE
	* SUPERTYPE
	* LSQB
	* SACRIFICE
	* REMAIN
	* IF
	* EXERT
	* THESE
	* DESTROY
	* EACH
	* WHO
	* THE
	* LEVEL
	* ADDITIONAL
	* TURNED
	* CONVERT
	* DAMAGETYPE
	* __ANON_19
	* CONTROLLED
	* DISCARDED
",{T}: Destroy target tapped creature.
174,Soul Feast,22.69306005699991,False,"No terminal matches '4' in the current parser context, at line 1 col 21

Target player loses 4 life and you gain 4 life.
                    ^
Expected one of: 
	* WORD
	* DASH
",Target player loses 4 life and you gain 4 life.
175,Stronghold Discipline,24.919297400000005,False,"No terminal matches '1' in the current parser context, at line 1 col 19

Each player loses 1 life for each creature they control.
                  ^
Expected one of: 
	* WORD
	* DASH
",Each player loses 1 life for each creature they control.
176,Terror,23.284167686000046,False,"No terminal matches ',' in the current parser context, at line 1 col 27

Destroy target nonartifact, nonblack creature. It can not be regen
                          ^
Expected one of: 
	* WORD
	* DASH
","Destroy target nonartifact, nonblack creature. It can not be regenerated."
177,Looming Shade,180.1391643510001,True,,{B}: ~ gets +1/+1 until end of turn.
178,Underworld Dreams,24.689600891000055,False,"No terminal matches ',' in the current parser context, at line 1 col 34

Whenever an opponent draws a card, ~ deals 1 damage to that player.
                                 ^
Expected one of: 
	* WORD
	* DASH
","Whenever an opponent draws a card, ~ deals 1 damage to that player."
179,Unholy Strength,25.030632116999982,False,"No terminal matches '+' in the current parser context, at line 2 col 25

Enchanted creature gets +2/+1.
                        ^
Expected one of: 
	* WORD
	* DASH
","Enchant creature
Enchanted creature gets +2/+1."
180,Vampire Bats,24.62408004100007,False,"No terminal matches '(' in the current parser context, at line 1 col 8

Flying (This creature can not be blocked except
       ^
Expected one of: 
	* WORD
	* DASH
","Flying (This creature can not be blocked except by creatures with flying or reach.)
{B}: ~ gets +1/+0 until end of turn. Activate no more than twice each turn."
181,Anaba Bodyguard,22.810794736999924,False,"No terminal matches '(' in the current parser context, at line 1 col 14

First strike (This creature deals combat damage befor
             ^
Expected one of: 
	* WORD
	* DASH
",First strike (This creature deals combat damage before creatures without first strike.)
182,Arcane Teachings,25.114756434000128,False,"No terminal matches '(' in the current parser context, at line 1 col 18

Enchant creature (Target a creature as you cast this. Thi
                 ^
Expected one of: 
	* WORD
	* DASH
","Enchant creature (Target a creature as you cast this. This card enters attached to that creature.)
Enchanted creature gets +2/+2 and has ""{T}: This creature deals 1 damage to any target.""."
183,Thrull Surgeon,82.77902689300004,False,"No terminal matches 'S' in the current parser context, at line 1 col 9

{1}{B}, Sacrifice ~: Look at target player's han
        ^
Expected one of: 
	* MELD
	* IN
	* SHUFFLED
	* LOSE
	* REMOVE
	* TAPPEDSTATUSMODIFIER
	* __ANON_17
	* ONTO
	* OBJECTCHARACTERISTIC
	* TAP
	* SPEND
	* ADD
	* TAKE
	* FROM
	* TURN
	* ATTACH
	* DETAIN
	* CONTROL
	* DISCARD
	* CREATE
	* ADAPT
	* THAT
	* INTO
	* __ANON_20
	* MONSTROSITY
	* DOUBLE
	* THEM
	* ANY
	* SUBTYPECREATUREA
	* ALL
	* WITH
	* AMASS
	* MILL
	* PLAY
	* UNATTACH
	* EXPLORES
	* DIE
	* COUNTER
	* ORDINAL
	* SUBTYPELAND
	* CLASH
	* __ANON_15
	* YOUR
	* WITHOUT
	* CHOSE
	* SUBTYPEENCHANTMENT
	* SCRY
	* DRAW
	* SAME
	* ACTIVATE
	* PROLIFERATE
	* CAST
	* BLOCK
	* LEARN
	* FIGHT
	* GAINED
	* EXILE
	* UNDER
	* HERSELF
	* LOOK
	* SACRIFICED
	* INVESTIGATE
	* A
	* NO
	* LBRACE
	* SUBTYPECREATUREB
	* SEARCH
	* SKIP
	* ATTACK
	* THEIR
	* FATESEAL
	* LESS
	* REGENERATE
	* SURVEIL
	* PLAYERCHARACTERISTIC
	* ABANDON
	* DISCOVER
	* SUBTYPEPLANESWALKER
	* ITSELF
	* EXCHANGE
	* CARDINAL
	* SUBTYPESPELL
	* DREW
	* ABILITYMODIFIER
	* TYPE
	* SUSPECT
	* FLIP
	* CONNIVE
	* SUPPORT
	* UP
	* AN
	* GAIN
	* STAR
	* X
	* NON
	* FREQUENCY
	* OTHER
	* __ANON_18
	* SWITCH
	* UNATTACHED
	* CLOAK
	* BOLSTER
	* ATTACHED
	* TRANSFORM
	* REVEALED
	* HIMSELF
	* CHOOSE
	* MANIFEST
	* BLOCKED
	* NAMEREFSYMBOL
	* SEARCHED
	* TARGET
	* SUBTYPEARTIFACT
	* THIS
	* IT
	* EFFECTSTATUSMODIFIER
	* GOAD
	* PLAYED
	* POPULATE
	* __ANON_14
	* GREATER
	* MORE
	* NUMBER
	* PLAYERTERM
	* PAY
	* ABLE
	* ASSIGN
	* TAPSYMBOL
	* QUALIFIER
	* ONLY
	* COMBATSTATUSMODIFIER
	* ATTACKED
	* GET
	* SUBTYPEPLANAR
	* FORAGE
	* CYCLED
	* __ANON_21
	* PREVENT
	* KEYWORDSTATUSMODIFIER
	* RETURN
	* TIMES
	* PUT
	* ZONE
	* ITS
	* REVEAL
	* INCUBATE
	* ON
	* UNTAPSYMBOL
	* SHUFFLE
	* UNTAP
	* THOSE
	* WIN
	* DEAL
	* COLORTERM
	* EQUAL
	* LOOKED
	* CYCLE
	* SUPERTYPE
	* LSQB
	* SACRIFICE
	* REMAIN
	* EXERT
	* EACH
	* THESE
	* DESTROY
	* WHO
	* ADDITIONAL
	* THE
	* LEVEL
	* TURNED
	* CONVERT
	* DAMAGETYPE
	* __ANON_19
	* CONTROLLED
	* DISCARDED
","{1}{B}, Sacrifice ~: Look at target player's hand and choose a card from it. That player discards that card. Activate only as a sorcery."
184,Spineless Thug,120.60080910300007,True,,~ can not block.
185,Blaze,62.40532905400005,False,"No terminal matches 'X' in the current parser context, at line 1 col 9

~ deals X damage to any target.
        ^
Expected one of: 
	* MELD
	* IN
	* SHUFFLED
	* LOSE
	* REMOVE
	* TAPPEDSTATUSMODIFIER
	* __ANON_17
	* ONTO
	* OBJECTCHARACTERISTIC
	* TAP
	* SPEND
	* ADD
	* TAKE
	* FROM
	* TURN
	* ATTACH
	* DETAIN
	* CONTROL
	* DISCARD
	* CREATE
	* ADAPT
	* THAT
	* INTO
	* __ANON_20
	* MONSTROSITY
	* DOUBLE
	* THEM
	* ANY
	* SUBTYPECREATUREA
	* ALL
	* WITH
	* AMASS
	* MILL
	* PLAY
	* UNATTACH
	* EXPLORES
	* ORDINAL
	* DIE
	* COUNTER
	* SUBTYPELAND
	* CLASH
	* __ANON_15
	* YOUR
	* WITHOUT
	* CHOSE
	* SUBTYPEENCHANTMENT
	* SCRY
	* DRAW
	* SAME
	* ACTIVATE
	* PROLIFERATE
	* CAST
	* BLOCK
	* LEARN
	* FIGHT
	* GAINED
	* EXILE
	* UNDER
	* HERSELF
	* LOOK
	* SACRIFICED
	* INVESTIGATE
	* A
	* NO
	* LBRACE
	* SUBTYPECREATUREB
	* SEARCH
	* SKIP
	* ATTACK
	* THEIR
	* FATESEAL
	* LESS
	* REGENERATE
	* SURVEIL
	* PLAYERCHARACTERISTIC
	* ABANDON
	* DISCOVER
	* SUBTYPEPLANESWALKER
	* ITSELF
	* CARDINAL
	* EXCHANGE
	* SUBTYPESPELL
	* DREW
	* ABILITYMODIFIER
	* TYPE
	* SUSPECT
	* FLIP
	* CONNIVE
	* UP
	* SUPPORT
	* AN
	* GAIN
	* STAR
	* X
	* NON
	* FREQUENCY
	* OTHER
	* __ANON_18
	* SWITCH
	* UNATTACHED
	* CLOAK
	* BOLSTER
	* ATTACHED
	* TRANSFORM
	* REVEALED
	* HIMSELF
	* CHOOSE
	* MANIFEST
	* BLOCKED
	* NAMEREFSYMBOL
	* SEARCHED
	* TARGET
	* SUBTYPEARTIFACT
	* THIS
	* IT
	* EFFECTSTATUSMODIFIER
	* GOAD
	* PLAYED
	* POPULATE
	* __ANON_14
	* GREATER
	* MORE
	* NUMBER
	* PLAYERTERM
	* PAY
	* ABLE
	* ASSIGN
	* QUALIFIER
	* ONLY
	* COMBATSTATUSMODIFIER
	* ATTACKED
	* GET
	* SUBTYPEPLANAR
	* FORAGE
	* CYCLED
	* __ANON_21
	* PREVENT
	* KEYWORDSTATUSMODIFIER
	* RETURN
	* TIMES
	* PUT
	* ZONE
	* ITS
	* REVEAL
	* INCUBATE
	* ON
	* SHUFFLE
	* UNTAP
	* THOSE
	* WIN
	* DEAL
	* COLORTERM
	* EQUAL
	* LOOKED
	* CYCLE
	* SUPERTYPE
	* SACRIFICE
	* REMAIN
	* EXERT
	* EACH
	* THESE
	* DESTROY
	* WHO
	* ADDITIONAL
	* THE
	* LEVEL
	* TURNED
	* CONVERT
	* DAMAGETYPE
	* __ANON_19
	* CONTROLLED
	* DISCARDED
",~ deals X damage to any target.
186,Bloodfire Colossus,63.063232095999865,False,"No terminal matches 'S' in the current parser context, at line 1 col 6

{R}, Sacrifice ~: It deals 6 damage to each c
     ^
Expected one of: 
	* MELD
	* IN
	* SHUFFLED
	* LOSE
	* REMOVE
	* TAPPEDSTATUSMODIFIER
	* __ANON_17
	* ONTO
	* OBJECTCHARACTERISTIC
	* TAP
	* SPEND
	* ADD
	* TAKE
	* FROM
	* TURN
	* ATTACH
	* DETAIN
	* CONTROL
	* DISCARD
	* CREATE
	* ADAPT
	* THAT
	* INTO
	* __ANON_20
	* MONSTROSITY
	* DOUBLE
	* THEM
	* ANY
	* SUBTYPECREATUREA
	* ALL
	* WITH
	* AMASS
	* MILL
	* PLAY
	* UNATTACH
	* EXPLORES
	* DIE
	* COUNTER
	* ORDINAL
	* SUBTYPELAND
	* CLASH
	* __ANON_15
	* YOUR
	* WITHOUT
	* CHOSE
	* SUBTYPEENCHANTMENT
	* SCRY
	* DRAW
	* SAME
	* ACTIVATE
	* PROLIFERATE
	* CAST
	* BLOCK
	* LEARN
	* FIGHT
	* GAINED
	* EXILE
	* UNDER
	* HERSELF
	* LOOK
	* SACRIFICED
	* INVESTIGATE
	* A
	* NO
	* LBRACE
	* SUBTYPECREATUREB
	* SEARCH
	* SKIP
	* ATTACK
	* THEIR
	* FATESEAL
	* LESS
	* REGENERATE
	* SURVEIL
	* PLAYERCHARACTERISTIC
	* ABANDON
	* DISCOVER
	* SUBTYPEPLANESWALKER
	* ITSELF
	* EXCHANGE
	* CARDINAL
	* SUBTYPESPELL
	* DREW
	* ABILITYMODIFIER
	* TYPE
	* SUSPECT
	* FLIP
	* CONNIVE
	* SUPPORT
	* UP
	* AN
	* GAIN
	* STAR
	* X
	* NON
	* FREQUENCY
	* OTHER
	* __ANON_18
	* SWITCH
	* UNATTACHED
	* CLOAK
	* BOLSTER
	* ATTACHED
	* TRANSFORM
	* REVEALED
	* HIMSELF
	* CHOOSE
	* MANIFEST
	* BLOCKED
	* NAMEREFSYMBOL
	* SEARCHED
	* TARGET
	* SUBTYPEARTIFACT
	* THIS
	* IT
	* EFFECTSTATUSMODIFIER
	* GOAD
	* PLAYED
	* POPULATE
	* __ANON_14
	* GREATER
	* MORE
	* NUMBER
	* PLAYERTERM
	* PAY
	* ABLE
	* ASSIGN
	* TAPSYMBOL
	* QUALIFIER
	* ONLY
	* COMBATSTATUSMODIFIER
	* ATTACKED
	* GET
	* SUBTYPEPLANAR
	* FORAGE
	* CYCLED
	* __ANON_21
	* PREVENT
	* KEYWORDSTATUSMODIFIER
	* RETURN
	* TIMES
	* PUT
	* ZONE
	* ITS
	* REVEAL
	* INCUBATE
	* ON
	* UNTAPSYMBOL
	* SHUFFLE
	* UNTAP
	* THOSE
	* WIN
	* DEAL
	* COLORTERM
	* EQUAL
	* LOOKED
	* CYCLE
	* SUPERTYPE
	* LSQB
	* SACRIFICE
	* REMAIN
	* EXERT
	* EACH
	* THESE
	* DESTROY
	* WHO
	* ADDITIONAL
	* THE
	* LEVEL
	* TURNED
	* CONVERT
	* DAMAGETYPE
	* __ANON_19
	* CONTROLLED
	* DISCARDED
","{R}, Sacrifice ~: It deals 6 damage to each creature and each player."
187,Bogardan Firefiend,24.59797549299992,False,"No terminal matches '~' in the current parser context, at line 1 col 6

When ~ dies, it deals 2 damage to target crea
     ^
Expected one of: 
	* WORD
	* DASH
","When ~ dies, it deals 2 damage to target creature."
188,Essence Drain,379.4377745439999,True,,~ deals 3 damage to any target and you gain 3 life.
189,Cryoclasm,22.860472649999792,False,"No terminal matches '.' in the current parser context, at line 1 col 32

Destroy target Plains or Island. ~ deals 3 damage to that land's contro
                               ^
Expected one of: 
	* WORD
	* DASH
",Destroy target Plains or Island. ~ deals 3 damage to that land's controller.
190,Demolish,23.000608995999983,False,"No terminal matches '.' in the current parser context, at line 1 col 32

Destroy target artifact or land.
                               ^
Expected one of: 
	* WORD
	* DASH
",Destroy target artifact or land.
191,Earth Elemental,3.386000116734067e-06,False,'text',
192,Firebreathing,22.77843157999996,False,"No terminal matches '{' in the current parser context, at line 2 col 1

{R}: Enchanted creature gets +1/+0 until
^
Expected one of: 
	* WORD
	* DASH
","Enchant creature
{R}: Enchanted creature gets +1/+0 until end of turn."
193,Fists of the Anvil,25.01585156799979,False,"No terminal matches '+' in the current parser context, at line 1 col 22

Target creature gets +4/+0 until end of turn.
                     ^
Expected one of: 
	* WORD
	* DASH
",Target creature gets +4/+0 until end of turn.
194,Duct Crawler,89.100237741,False,"No terminal matches 'T' in the current parser context, at line 1 col 9

{1}{R}: Target creature can not block ~ this tur
        ^
Expected one of: 
	* OTHERWISE
	* MELD
	* BEEN
	* LOSE
	* REMOVE
	* SHUFFLED
	* __ANON_17
	* TAPPEDSTATUSMODIFIER
	* ONTO
	* IN
	* TAP
	* OBJECTCHARACTERISTIC
	* SPEND
	* ADD
	* TAKE
	* FROM
	* TURN
	* ATTACH
	* DETAIN
	* CONTROL
	* AFTER
	* DISCARD
	* CREATE
	* ADAPT
	* THAT
	* INTO
	* __ANON_20
	* MONSTROSITY
	* DOUBLE
	* THEM
	* ANY
	* SUBTYPECREATUREA
	* ALL
	* WITH
	* THEN
	* MILL
	* AMASS
	* PLAY
	* UNATTACH
	* EXPLORES
	* DIE
	* ORDINAL
	* COUNTER
	* SUBTYPELAND
	* CLASH
	* __ANON_15
	* YOUR
	* AT
	* WITHOUT
	* CHOSE
	* SUBTYPEENCHANTMENT
	* SCRY
	* DRAW
	* SAME
	* ACTIVATE
	* PROLIFERATE
	* CAST
	* BLOCK
	* IS
	* FIGHT
	* LEARN
	* GAINED
	* EXILE
	* UNDER
	* HERSELF
	* LOOK
	* SACRIFICED
	* INVESTIGATE
	* A
	* LBRACE
	* NO
	* SUBTYPECREATUREB
	* SEARCH
	* SKIP
	* ATTACK
	* BECOME
	* THEIR
	* FATESEAL
	* LESS
	* REGENERATE
	* SURVEIL
	* PLAYERCHARACTERISTIC
	* ABANDON
	* DOES
	* DISCOVER
	* SUBTYPEPLANESWALKER
	* ITSELF
	* UNTIL
	* CARDINAL
	* EXCHANGE
	* SUBTYPESPELL
	* DREW
	* DASH
	* ABILITYMODIFIER
	* TYPE
	* SUSPECT
	* FLIP
	* HAS
	* CONNIVE
	* UP
	* SUPPORT
	* AN
	* GAIN
	* STAR
	* X
	* NON
	* FREQUENCY
	* OTHER
	* __ANON_18
	* SWITCH
	* UNATTACHED
	* DO
	* WOULD
	* BOLSTER
	* CLOAK
	* ATTACHED
	* TRANSFORM
	* HIMSELF
	* REVEALED
	* CHOOSE
	* MANIFEST
	* NAMEREFSYMBOL
	* BLOCKED
	* SEARCHED
	* TARGET
	* BE
	* SUBTYPEARTIFACT
	* THIS
	* IT
	* WHEN
	* EFFECTSTATUSMODIFIER
	* WHENEVER
	* GOAD
	* PLAYED
	* POPULATE
	* AS
	* __ANON_14
	* GREATER
	* MAY
	* FOR
	* HAD
	* HAVE
	* MORE
	* NUMBER
	* PLAYERTERM
	* PAY
	* ABLE
	* ASSIGN
	* TAPSYMBOL
	* QUALIFIER
	* ONLY
	* COMBATSTATUSMODIFIER
	* ATTACKED
	* GET
	* SUBTYPEPLANAR
	* FORAGE
	* CAN
	* CYCLED
	* __ANON_21
	* PREVENT
	* KEYWORDSTATUSMODIFIER
	* RETURN
	* TIMES
	* PUT
	* ZONE
	* ITS
	* REVEAL
	* INCUBATE
	* ON
	* UNTAPSYMBOL
	* SHUFFLE
	* UNTAP
	* THOSE
	* WIN
	* DEAL
	* COLORTERM
	* EQUAL
	* WHILE
	* LOOKED
	* CYCLE
	* SUPERTYPE
	* LSQB
	* SACRIFICE
	* REMAIN
	* IF
	* EXERT
	* THESE
	* DESTROY
	* EACH
	* WHO
	* THE
	* LEVEL
	* ADDITIONAL
	* TURNED
	* CONVERT
	* DAMAGETYPE
	* __ANON_19
	* CONTROLLED
	* DISCARDED
",{1}{R}: Target creature can not block ~ this turn.
195,Dragon Roost,106.26264874499998,False,"No terminal matches 'C' in the current parser context, at line 1 col 12

{5}{R}{R}: Create a 5/5 red Dragon creature token w
           ^
Expected one of: 
	* OTHERWISE
	* MELD
	* BEEN
	* LOSE
	* REMOVE
	* SHUFFLED
	* __ANON_17
	* TAPPEDSTATUSMODIFIER
	* ONTO
	* IN
	* TAP
	* OBJECTCHARACTERISTIC
	* SPEND
	* ADD
	* TAKE
	* FROM
	* TURN
	* ATTACH
	* DETAIN
	* CONTROL
	* AFTER
	* DISCARD
	* CREATE
	* ADAPT
	* THAT
	* INTO
	* __ANON_20
	* MONSTROSITY
	* DOUBLE
	* THEM
	* ANY
	* SUBTYPECREATUREA
	* ALL
	* WITH
	* THEN
	* MILL
	* AMASS
	* PLAY
	* UNATTACH
	* EXPLORES
	* DIE
	* ORDINAL
	* COUNTER
	* SUBTYPELAND
	* CLASH
	* __ANON_15
	* YOUR
	* AT
	* WITHOUT
	* CHOSE
	* SUBTYPEENCHANTMENT
	* SCRY
	* DRAW
	* SAME
	* ACTIVATE
	* PROLIFERATE
	* CAST
	* BLOCK
	* IS
	* FIGHT
	* LEARN
	* GAINED
	* EXILE
	* UNDER
	* HERSELF
	* LOOK
	* SACRIFICED
	* INVESTIGATE
	* A
	* LBRACE
	* NO
	* SUBTYPECREATUREB
	* SEARCH
	* SKIP
	* ATTACK
	* BECOME
	* THEIR
	* FATESEAL
	* LESS
	* REGENERATE
	* SURVEIL
	* PLAYERCHARACTERISTIC
	* ABANDON
	* DOES
	* DISCOVER
	* SUBTYPEPLANESWALKER
	* ITSELF
	* UNTIL
	* CARDINAL
	* EXCHANGE
	* SUBTYPESPELL
	* DREW
	* DASH
	* ABILITYMODIFIER
	* TYPE
	* SUSPECT
	* FLIP
	* HAS
	* CONNIVE
	* UP
	* SUPPORT
	* AN
	* GAIN
	* STAR
	* X
	* NON
	* FREQUENCY
	* OTHER
	* __ANON_18
	* SWITCH
	* UNATTACHED
	* DO
	* WOULD
	* BOLSTER
	* CLOAK
	* ATTACHED
	* TRANSFORM
	* HIMSELF
	* REVEALED
	* CHOOSE
	* MANIFEST
	* NAMEREFSYMBOL
	* BLOCKED
	* SEARCHED
	* TARGET
	* BE
	* SUBTYPEARTIFACT
	* THIS
	* IT
	* WHEN
	* EFFECTSTATUSMODIFIER
	* WHENEVER
	* GOAD
	* PLAYED
	* POPULATE
	* AS
	* __ANON_14
	* GREATER
	* MAY
	* FOR
	* HAD
	* HAVE
	* MORE
	* NUMBER
	* PLAYERTERM
	* PAY
	* ABLE
	* ASSIGN
	* TAPSYMBOL
	* QUALIFIER
	* ONLY
	* COMBATSTATUSMODIFIER
	* ATTACKED
	* GET
	* SUBTYPEPLANAR
	* FORAGE
	* CAN
	* CYCLED
	* __ANON_21
	* PREVENT
	* KEYWORDSTATUSMODIFIER
	* RETURN
	* TIMES
	* PUT
	* ZONE
	* ITS
	* REVEAL
	* INCUBATE
	* ON
	* UNTAPSYMBOL
	* SHUFFLE
	* UNTAP
	* THOSE
	* WIN
	* DEAL
	* COLORTERM
	* EQUAL
	* WHILE
	* LOOKED
	* CYCLE
	* SUPERTYPE
	* LSQB
	* SACRIFICE
	* REMAIN
	* IF
	* EXERT
	* THESE
	* DESTROY
	* EACH
	* WHO
	* THE
	* LEVEL
	* ADDITIONAL
	* TURNED
	* CONVERT
	* DAMAGETYPE
	* __ANON_19
	* CONTROLLED
	* DISCARDED
",{5}{R}{R}: Create a 5/5 red Dragon creature token with flying. (It can not be blocked except by creatures with flying or reach.)
196,Relentless Rats,318.19246289299997,False,"No terminal matches '~' in the current parser context, at line 2 col 43

deck can have any number of cards named ~.
                                        ^
Expected one of: 
	* WORD
	* DASH
","~ gets +1/+1 for each other creature on the battlefield named ~.
A deck can have any number of cards named ~."
197,Flowstone Slide,25.09440503399992,False,"No terminal matches '+' in the current parser context, at line 1 col 19

All creatures get +X/-X until end of turn.
                  ^
Expected one of: 
	* WORD
	* DASH
",All creatures get +X/-X until end of turn.
198,Beacon of Destruction,231.3564580919999,False,"No terminal matches '~' in the current parser context, at line 1 col 41

~ deals 5 damage to any target. Shuffle ~ into its owner's library.
                                        ^
Expected one of: 
	* WORD
	* DASH
",~ deals 5 damage to any target. Shuffle ~ into its owner's library.
199,Furnace of Rath,24.66206155099985,False,"No terminal matches ',' in the current parser context, at line 1 col 55

uld deal damage to a permanent or player, it deals double that damage to that pe
                                        ^
Expected one of: 
	* WORD
	* DASH
","If a source would deal damage to a permanent or player, it deals double that damage to that permanent or player instead."
200,Furnace Whelp,24.579152229999863,False,"No terminal matches '{' in the current parser context, at line 2 col 1

{R}: ~ gets +1/+0 until end of turn.
^
Expected one of: 
	* WORD
	* DASH
","Flying
{R}: ~ gets +1/+0 until end of turn."
201,Goblin Piker,3.6970000110159162e-06,False,'text',
202,Goblin Elite Infantry,24.908339423999905,False,"No terminal matches '~' in the current parser context, at line 1 col 10

Whenever ~ blocks or becomes blocked, it gets -1/
         ^
Expected one of: 
	* WORD
	* DASH
","Whenever ~ blocks or becomes blocked, it gets -1/-1 until end of turn."
203,Bloodrock Cyclops,212.6285201139999,True,,~ attacks each combat if able.
204,Hill Giant,3.7570000586129026e-06,False,'text',
205,Goblin King,24.550970377999874,False,"No terminal matches '+' in the current parser context, at line 1 col 19

Other Goblins get +1/+1 and have mountainwalk.
                  ^
Expected one of: 
	* WORD
	* DASH
",Other Goblins get +1/+1 and have mountainwalk.
206,Goblin Lore,24.665130121999937,False,"No terminal matches ',' in the current parser context, at line 1 col 16

Draw four cards, then discard three cards at random.
               ^
Expected one of: 
	* WORD
	* DASH
","Draw four cards, then discard three cards at random."
207,Goblin Sky Raider,22.90608495399988,False,"No terminal matches '(' in the current parser context, at line 1 col 8

Flying (This creature can not be blocked except
       ^
Expected one of: 
	* WORD
	* DASH
",Flying (This creature can not be blocked except by creatures with flying or reach.)
208,"Kamahl, Pit Fighter",23.237397320000127,False,"No terminal matches '(' in the current parser context, at line 1 col 7

Haste (This creature can attack and {T} as soo
      ^
Expected one of: 
	* WORD
	* DASH
","Haste (This creature can attack and {T} as soon as it comes under your control.)
{T}: ~f deals 3 damage to any target."
209,Lavaborn Muse,25.035459102000004,False,"No terminal matches ''' in the current parser context, at line 1 col 34

At the beginning of each opponent's upkeep, if that player has two or few
                                 ^
Expected one of: 
	* WORD
	* DASH
","At the beginning of each opponent's upkeep, if that player has two or fewer cards in hand, ~ deals 3 damage to that player."
210,Lightning Elemental,24.712183860000096,False,"No terminal matches '(' in the current parser context, at line 1 col 7

Haste (This creature can attack and {T} as soo
      ^
Expected one of: 
	* WORD
	* DASH
",Haste (This creature can attack and {T} as soon as it comes under your control.)
211,Manabarbs,24.588806707000003,False,"No terminal matches ',' in the current parser context, at line 1 col 39

Whenever a player taps a land for mana, ~ deals 1 damage to that player.
                                      ^
Expected one of: 
	* WORD
	* DASH
","Whenever a player taps a land for mana, ~ deals 1 damage to that player."
212,Mogg Fanatic,24.567328962000147,False,"No terminal matches '~' in the current parser context, at line 1 col 11

Sacrifice ~: It deals 1 damage to any target.
          ^
Expected one of: 
	* WORD
	* DASH
",Sacrifice ~: It deals 1 damage to any target.
213,Mortivore,531.059120664,False,"No terminal matches 'R' in the current parser context, at line 2 col 6

{B}: Regenerate ~. (The next time this creatu
     ^
Expected one of: 
	* OTHERWISE
	* MELD
	* BEEN
	* LOSE
	* REMOVE
	* SHUFFLED
	* __ANON_17
	* TAPPEDSTATUSMODIFIER
	* ONTO
	* IN
	* TAP
	* OBJECTCHARACTERISTIC
	* SPEND
	* ADD
	* TAKE
	* FROM
	* TURN
	* ATTACH
	* DETAIN
	* CONTROL
	* AFTER
	* DISCARD
	* CREATE
	* ADAPT
	* THAT
	* INTO
	* __ANON_20
	* MONSTROSITY
	* DOUBLE
	* THEM
	* ANY
	* SUBTYPECREATUREA
	* ALL
	* WITH
	* THEN
	* MILL
	* AMASS
	* PLAY
	* UNATTACH
	* EXPLORES
	* DIE
	* ORDINAL
	* COUNTER
	* SUBTYPELAND
	* CLASH
	* __ANON_15
	* YOUR
	* AT
	* WITHOUT
	* CHOSE
	* SUBTYPEENCHANTMENT
	* SCRY
	* DRAW
	* SAME
	* ACTIVATE
	* PROLIFERATE
	* CAST
	* BLOCK
	* IS
	* FIGHT
	* LEARN
	* GAINED
	* EXILE
	* UNDER
	* HERSELF
	* LOOK
	* SACRIFICED
	* INVESTIGATE
	* A
	* LBRACE
	* NO
	* SUBTYPECREATUREB
	* SEARCH
	* SKIP
	* ATTACK
	* BECOME
	* THEIR
	* FATESEAL
	* LESS
	* REGENERATE
	* SURVEIL
	* PLAYERCHARACTERISTIC
	* ABANDON
	* DOES
	* DISCOVER
	* SUBTYPEPLANESWALKER
	* ITSELF
	* UNTIL
	* CARDINAL
	* EXCHANGE
	* SUBTYPESPELL
	* DREW
	* DASH
	* ABILITYMODIFIER
	* TYPE
	* SUSPECT
	* FLIP
	* HAS
	* CONNIVE
	* UP
	* SUPPORT
	* AN
	* GAIN
	* STAR
	* X
	* NON
	* FREQUENCY
	* OTHER
	* __ANON_18
	* SWITCH
	* UNATTACHED
	* DO
	* WOULD
	* BOLSTER
	* CLOAK
	* ATTACHED
	* TRANSFORM
	* HIMSELF
	* REVEALED
	* CHOOSE
	* MANIFEST
	* NAMEREFSYMBOL
	* BLOCKED
	* SEARCHED
	* TARGET
	* BE
	* SUBTYPEARTIFACT
	* THIS
	* IT
	* WHEN
	* EFFECTSTATUSMODIFIER
	* WHENEVER
	* GOAD
	* PLAYED
	* POPULATE
	* AS
	* __ANON_14
	* GREATER
	* MAY
	* FOR
	* HAD
	* HAVE
	* MORE
	* NUMBER
	* PLAYERTERM
	* PAY
	* ABLE
	* ASSIGN
	* TAPSYMBOL
	* QUALIFIER
	* ONLY
	* COMBATSTATUSMODIFIER
	* ATTACKED
	* GET
	* SUBTYPEPLANAR
	* FORAGE
	* CAN
	* CYCLED
	* __ANON_21
	* PREVENT
	* KEYWORDSTATUSMODIFIER
	* RETURN
	* TIMES
	* PUT
	* ZONE
	* ITS
	* REVEAL
	* INCUBATE
	* ON
	* UNTAPSYMBOL
	* SHUFFLE
	* UNTAP
	* THOSE
	* WIN
	* DEAL
	* COLORTERM
	* EQUAL
	* WHILE
	* LOOKED
	* CYCLE
	* SUPERTYPE
	* LSQB
	* SACRIFICE
	* REMAIN
	* IF
	* EXERT
	* THESE
	* DESTROY
	* EACH
	* WHO
	* THE
	* LEVEL
	* ADDITIONAL
	* TURNED
	* CONVERT
	* DAMAGETYPE
	* __ANON_19
	* CONTROLLED
	* DISCARDED
","~'s power and toughness are each equal to the number of creature cards in all graveyards.
{B}: Regenerate ~. (The next time this creature would be destroyed this turn, instead tap it, remove it from combat, and heal all damage on it.)"
214,Cone of Flame,377.5573557539999,False,"No terminal matches ',' in the current parser context, at line 1 col 59

o any target, 2 damage to another target, and 3 damage to a third target.
                                        ^
Expected one of: 
	* MELD
	* IN
	* SHUFFLED
	* ONTO
	* REMOVE
	* TAPPEDSTATUSMODIFIER
	* LOSE
	* __ANON_17
	* OBJECTCHARACTERISTIC
	* TAP
	* SPEND
	* ADD
	* TAKE
	* FROM
	* TURN
	* ATTACH
	* DETAIN
	* CONTROL
	* DISCARD
	* CREATE
	* ADAPT
	* THAT
	* INTO
	* __ANON_20
	* MONSTROSITY
	* DOUBLE
	* THEM
	* ANY
	* SUBTYPECREATUREA
	* ALL
	* WITH
	* AMASS
	* MILL
	* PLAY
	* UNATTACH
	* EXPLORES
	* ORDINAL
	* DIE
	* COUNTER
	* SUBTYPELAND
	* CLASH
	* __ANON_15
	* YOUR
	* WITHOUT
	* CHOSE
	* SUBTYPEENCHANTMENT
	* SCRY
	* DRAW
	* SAME
	* ACTIVATE
	* PROLIFERATE
	* CAST
	* BLOCK
	* LEARN
	* FIGHT
	* GAINED
	* EXILE
	* UNDER
	* HERSELF
	* LOOK
	* SACRIFICED
	* LBRACE
	* A
	* NO
	* INVESTIGATE
	* SUBTYPECREATUREB
	* SEARCH
	* SKIP
	* ATTACK
	* THEIR
	* FATESEAL
	* LESS
	* REGENERATE
	* SURVEIL
	* PLAYERCHARACTERISTIC
	* ABANDON
	* DISCOVER
	* SUBTYPEPLANESWALKER
	* ITSELF
	* CARDINAL
	* EXCHANGE
	* SUBTYPESPELL
	* DREW
	* ABILITYMODIFIER
	* TYPE
	* SUSPECT
	* FLIP
	* CONNIVE
	* UP
	* SUPPORT
	* AN
	* GAIN
	* STAR
	* X
	* NON
	* OTHER
	* FREQUENCY
	* __ANON_18
	* SWITCH
	* UNATTACHED
	* CLOAK
	* BOLSTER
	* ATTACHED
	* TRANSFORM
	* HIMSELF
	* REVEALED
	* CHOOSE
	* MANIFEST
	* NAMEREFSYMBOL
	* BLOCKED
	* SEARCHED
	* TARGET
	* SUBTYPEARTIFACT
	* THIS
	* IT
	* EFFECTSTATUSMODIFIER
	* GOAD
	* PLAYED
	* POPULATE
	* __ANON_14
	* GREATER
	* MORE
	* NUMBER
	* PLAYERTERM
	* PAY
	* ASSIGN
	* ABLE
	* QUALIFIER
	* ONLY
	* COMBATSTATUSMODIFIER
	* ATTACKED
	* GET
	* SUBTYPEPLANAR
	* FORAGE
	* CYCLED
	* __ANON_21
	* PREVENT
	* KEYWORDSTATUSMODIFIER
	* RETURN
	* TIMES
	* PUT
	* ZONE
	* ITS
	* REVEAL
	* INCUBATE
	* ON
	* S
	* SHUFFLE
	* UNTAP
	* THOSE
	* WIN
	* DEAL
	* COLORTERM
	* EQUAL
	* LOOKED
	* SUPERTYPE
	* CYCLE
	* SACRIFICE
	* REMAIN
	* EACH
	* WHO
	* THESE
	* ADDITIONAL
	* DESTROY
	* EXERT
	* THE
	* LEVEL
	* TURNED
	* CONVERT
	* DAMAGETYPE
	* __ANON_19
	* CONTROLLED
	* DISCARDED
","~ deals 1 damage to any target, 2 damage to another target, and 3 damage to a third target."
215,Incinerate,231.56558502500002,False,"No terminal matches '.' in the current parser context, at line 1 col 98

his way can not be regenerated this turn.
                                        ^
Expected one of: 
	* WORD
	* DASH
",~ deals 3 damage to any target. A creature dealt damage this way can not be regenerated this turn.
216,Flamewave Invoker,325.646054048,True,,{7}{R}: ~ deals 5 damage to target player or planeswalker.
217,Guerrilla Tactics,255.66383826399988,False,"No terminal matches '~' in the current parser context, at line 2 col 68

opponent controls causes you to discard ~, ~ deals 4 damage to any target.
                                        ^
Expected one of: 
	* WORD
	* DASH
","~ deals 2 damage to any target.
When a spell or ability an opponent controls causes you to discard ~, ~ deals 4 damage to any target."
218,Raging Goblin,24.950758083999972,False,"No terminal matches '(' in the current parser context, at line 1 col 7

Haste (This creature can attack and {T} as soo
      ^
Expected one of: 
	* WORD
	* DASH
",Haste (This creature can attack and {T} as soon as it comes under your control.)
219,Relentless Assault,24.834073417000127,False,"No terminal matches '.' in the current parser context, at line 1 col 44

ap all creatures that attacked this turn. After this main phase, there is an add
                                        ^
Expected one of: 
	* WORD
	* DASH
","Untap all creatures that attacked this turn. After this main phase, there is an additional combat phase followed by an additional main phase."
220,Rage Weaver,67.66623576200004,False,"No terminal matches 'T' in the current parser context, at line 1 col 6

{2}: Target black or green creature gains has
     ^
Expected one of: 
	* OTHERWISE
	* MELD
	* BEEN
	* LOSE
	* REMOVE
	* SHUFFLED
	* __ANON_17
	* TAPPEDSTATUSMODIFIER
	* ONTO
	* IN
	* TAP
	* OBJECTCHARACTERISTIC
	* SPEND
	* ADD
	* TAKE
	* FROM
	* TURN
	* ATTACH
	* DETAIN
	* CONTROL
	* AFTER
	* DISCARD
	* CREATE
	* ADAPT
	* THAT
	* INTO
	* __ANON_20
	* MONSTROSITY
	* DOUBLE
	* THEM
	* ANY
	* SUBTYPECREATUREA
	* ALL
	* WITH
	* THEN
	* MILL
	* AMASS
	* PLAY
	* UNATTACH
	* EXPLORES
	* DIE
	* ORDINAL
	* COUNTER
	* SUBTYPELAND
	* CLASH
	* __ANON_15
	* YOUR
	* AT
	* WITHOUT
	* CHOSE
	* SUBTYPEENCHANTMENT
	* SCRY
	* DRAW
	* SAME
	* ACTIVATE
	* PROLIFERATE
	* CAST
	* BLOCK
	* IS
	* FIGHT
	* LEARN
	* GAINED
	* EXILE
	* UNDER
	* HERSELF
	* LOOK
	* SACRIFICED
	* INVESTIGATE
	* A
	* LBRACE
	* NO
	* SUBTYPECREATUREB
	* SEARCH
	* SKIP
	* ATTACK
	* BECOME
	* THEIR
	* FATESEAL
	* LESS
	* REGENERATE
	* SURVEIL
	* PLAYERCHARACTERISTIC
	* ABANDON
	* DOES
	* DISCOVER
	* SUBTYPEPLANESWALKER
	* ITSELF
	* UNTIL
	* CARDINAL
	* EXCHANGE
	* SUBTYPESPELL
	* DREW
	* DASH
	* ABILITYMODIFIER
	* TYPE
	* SUSPECT
	* FLIP
	* HAS
	* CONNIVE
	* UP
	* SUPPORT
	* AN
	* GAIN
	* STAR
	* X
	* NON
	* FREQUENCY
	* OTHER
	* __ANON_18
	* SWITCH
	* UNATTACHED
	* DO
	* WOULD
	* BOLSTER
	* CLOAK
	* ATTACHED
	* TRANSFORM
	* HIMSELF
	* REVEALED
	* CHOOSE
	* MANIFEST
	* NAMEREFSYMBOL
	* BLOCKED
	* SEARCHED
	* TARGET
	* BE
	* SUBTYPEARTIFACT
	* THIS
	* IT
	* WHEN
	* EFFECTSTATUSMODIFIER
	* WHENEVER
	* GOAD
	* PLAYED
	* POPULATE
	* AS
	* __ANON_14
	* GREATER
	* MAY
	* FOR
	* HAD
	* HAVE
	* MORE
	* NUMBER
	* PLAYERTERM
	* PAY
	* ABLE
	* ASSIGN
	* TAPSYMBOL
	* QUALIFIER
	* ONLY
	* COMBATSTATUSMODIFIER
	* ATTACKED
	* GET
	* SUBTYPEPLANAR
	* FORAGE
	* CAN
	* CYCLED
	* __ANON_21
	* PREVENT
	* KEYWORDSTATUSMODIFIER
	* RETURN
	* TIMES
	* PUT
	* ZONE
	* ITS
	* REVEAL
	* INCUBATE
	* ON
	* UNTAPSYMBOL
	* SHUFFLE
	* UNTAP
	* THOSE
	* WIN
	* DEAL
	* COLORTERM
	* EQUAL
	* WHILE
	* LOOKED
	* CYCLE
	* SUPERTYPE
	* LSQB
	* SACRIFICE
	* REMAIN
	* IF
	* EXERT
	* THESE
	* DESTROY
	* EACH
	* WHO
	* THE
	* LEVEL
	* ADDITIONAL
	* TURNED
	* CONVERT
	* DAMAGETYPE
	* __ANON_19
	* CONTROLLED
	* DISCARDED
",{2}: Target black or green creature gains haste until end of turn. (It can attack and {T} this turn.)
221,Lava Axe,264.6745721750001,True,,~ deals 5 damage to target player or planeswalker.
222,Rock Badger,24.876488164000193,False,"No terminal matches '(' in the current parser context, at line 1 col 14

Mountainwalk (This creature can not be blocked as lon
             ^
Expected one of: 
	* WORD
	* DASH
",Mountainwalk (This creature can not be blocked as long as defending player controls a Mountain.)
223,Scoria Wurm,24.69411419400012,False,"No terminal matches ',' in the current parser context, at line 1 col 32

At the beginning of your upkeep, flip a coin. If you lose the flip, ret
                               ^
Expected one of: 
	* WORD
	* DASH
","At the beginning of your upkeep, flip a coin. If you lose the flip, return ~ to its owner's hand."
224,Seismic Assault,24.5259713559999,False,"No terminal matches ':' in the current parser context, at line 1 col 20

Discard a land card: ~ deals 2 damage to any target.
                   ^
Expected one of: 
	* WORD
	* DASH
",Discard a land card: ~ deals 2 damage to any target.
225,Shatterstorm,24.65348141000004,False,"No terminal matches '.' in the current parser context, at line 1 col 22

Destroy all artifacts. They can not be regenerated.
                     ^
Expected one of: 
	* WORD
	* DASH
",Destroy all artifacts. They can not be regenerated.
226,Shivan Dragon,24.64352757100005,False,"No terminal matches '(' in the current parser context, at line 1 col 8

Flying (This creature can not be blocked except
       ^
Expected one of: 
	* WORD
	* DASH
","Flying (This creature can not be blocked except by creatures with flying or reach.)
{R}: ~ gets +1/+0 until end of turn."
227,Shivan Hellkite,24.657421403999933,False,"No terminal matches '(' in the current parser context, at line 1 col 8

Flying (This creature can not be blocked except
       ^
Expected one of: 
	* WORD
	* DASH
","Flying (This creature can not be blocked except by creatures with flying or reach.)
{1}{R}: ~ deals 1 damage to any target."
228,Shunt,22.628393683000013,False,"No terminal matches '.' in the current parser context, at line 1 col 55

get of target spell with a single target.
                                        ^
Expected one of: 
	* WORD
	* DASH
",Change the target of target spell with a single target.
229,Pyroclasm,194.64404045599986,True,,~ deals 2 damage to each creature.
230,Siege-Gang Commander,22.920083405000014,False,"No terminal matches '~' in the current parser context, at line 1 col 6

When ~ enters, create three 1/1 red Goblin cr
     ^
Expected one of: 
	* WORD
	* DASH
","When ~ enters, create three 1/1 red Goblin creature tokens.
{1}{R}, Sacrifice a Goblin: ~ deals 2 damage to any target."
231,Smash,25.047544234000043,False,"No terminal matches '.' in the current parser context, at line 1 col 24

Destroy target artifact.
                       ^
Expected one of: 
	* WORD
	* DASH
","Destroy target artifact.
Draw a card."
232,Soulblast,23.25046892200021,False,"No terminal matches ',' in the current parser context, at line 1 col 41

As an additional cost to cast this spell, sacrifice all creatures you control.
                                        ^
Expected one of: 
	* WORD
	* DASH
","As an additional cost to cast this spell, sacrifice all creatures you control.
~ deals damage to any target equal to the total power of the sacrificed creatures."
233,Spark Elemental,24.277969412999937,False,"No terminal matches ',' in the current parser context, at line 1 col 8

Trample, haste (This creature can deal excess c
       ^
Expected one of: 
	* WORD
	* DASH
","Trample, haste (This creature can deal excess combat damage to the player or planeswalker it is attacking. This creature can attack and {T} as soon as it comes under your control.)
At the beginning of the end step, sacrifice ~."
234,Prodigal Pyromancer,252.81886238100014,True,,{T}: ~ deals 1 damage to any target.
235,"Squee, Goblin Nabob",24.857537490999903,False,"No terminal matches ',' in the current parser context, at line 1 col 32

At the beginning of your upkeep, you may return ~f from your graveyard 
                               ^
Expected one of: 
	* WORD
	* DASH
","At the beginning of your upkeep, you may return ~f from your graveyard to your hand."
236,Stun,24.844734448000054,False,"No terminal matches '.' in the current parser context, at line 1 col 40

Target creature can not block this turn.
                                       ^
Expected one of: 
	* WORD
	* DASH
","Target creature can not block this turn.
Draw a card."
237,Threaten,24.581713617000105,False,"No terminal matches '.' in the current parser context, at line 1 col 63

and gain control of it until end of turn. That creature gains haste until end of
                                        ^
Expected one of: 
	* WORD
	* DASH
",Untap target creature and gain control of it until end of turn. That creature gains haste until end of turn. (It can attack and {T} this turn.)
238,Thundering Giant,22.63379367099992,False,"No terminal matches '(' in the current parser context, at line 1 col 7

Haste (This creature can attack and {T} as soo
      ^
Expected one of: 
	* WORD
	* DASH
",Haste (This creature can attack and {T} as soon as it comes under your control.)
239,Uncontrollable Anger,24.814499006000005,False,"No terminal matches '(' in the current parser context, at line 1 col 7

Flash (You may cast this spell any time you co
      ^
Expected one of: 
	* WORD
	* DASH
","Flash (You may cast this spell any time you could cast an instant.)
Enchant creature
Enchanted creature gets +2/+2 and attacks each combat if able."
240,Viashino Runner,22.88993011399998,False,"No terminal matches '(' in the current parser context, at line 1 col 8

Menace (This creature can not be blocked except
       ^
Expected one of: 
	* WORD
	* DASH
",Menace (This creature can not be blocked except by two or more creatures.)
241,Viashino Sandscout,24.54444923899996,False,"No terminal matches '(' in the current parser context, at line 1 col 7

Haste (This creature can attack and {T} as soo
      ^
Expected one of: 
	* WORD
	* DASH
","Haste (This creature can attack and {T} as soon as it comes under your control.)
At the beginning of the end step, return ~ to its owner's hand. (Return it only if it is on the battlefield.)"
242,Wall of Fire,24.83509356899981,False,"No terminal matches '(' in the current parser context, at line 1 col 10

Defender (This creature can not attack.)
         ^
Expected one of: 
	* WORD
	* DASH
","Defender (This creature can not attack.)
{R}: ~ gets +1/+0 until end of turn."
243,Warp World,24.844573359999913,False,"No terminal matches ',' in the current parser context, at line 1 col 64

l permanents they own into their library, then reveals that many cards from the 
                                        ^
Expected one of: 
	* WORD
	* DASH
","Each player shuffles all permanents they own into their library, then reveals that many cards from the top of their library. Each player puts all artifact, creature, and land cards revealed this way onto the battlefield, then does the same for enchantment cards, then puts all cards revealed this way that weren't put onto the battlefield on the bottom of their library."
244,Abundance,24.9323896960002,False,"No terminal matches ',' in the current parser context, at line 1 col 25

If you would draw a card, you may instead choose land or nonland
                        ^
Expected one of: 
	* WORD
	* DASH
","If you would draw a card, you may instead choose land or nonland and reveal cards from the top of your library until you reveal a card of the chosen kind. Put that card into your hand and put all other cards revealed this way on the bottom of your library in any order."
245,Aggressive Urge,22.68459851600005,False,"No terminal matches '+' in the current parser context, at line 1 col 22

Target creature gets +1/+1 until end of turn.
                     ^
Expected one of: 
	* WORD
	* DASH
","Target creature gets +1/+1 until end of turn.
Draw a card."
246,Avatar of Might,24.738301599999886,False,"No terminal matches ',' in the current parser context, at line 1 col 62

ls at least four more creatures than you, this spell costs {6} less to cast.
                                        ^
Expected one of: 
	* WORD
	* DASH
","If an opponent controls at least four more creatures than you, this spell costs {6} less to cast.
Trample (This creature can deal excess combat damage to the player or planeswalker it is attacking.)"
247,Birds of Paradise,23.057137922000038,False,"No terminal matches '{' in the current parser context, at line 2 col 1

{T}: Add one mana of any color.
^
Expected one of: 
	* WORD
	* DASH
","Flying
{T}: Add one mana of any color."
248,Blanchwood Armor,24.498785775999977,False,"No terminal matches '+' in the current parser context, at line 2 col 25

Enchanted creature gets +1/+1 for each Forest you control.
                        ^
Expected one of: 
	* WORD
	* DASH
","Enchant creature
Enchanted creature gets +1/+1 for each Forest you control."
249,Craw Wurm,4.086999979335815e-06,False,'text',
250,Canopy Spider,24.571681399,False,"No terminal matches '(' in the current parser context, at line 1 col 7

Reach (This creature can block creatures with 
      ^
Expected one of: 
	* WORD
	* DASH
",Reach (This creature can block creatures with flying.)
251,Civic Wayfinder,24.623482245999867,False,"No terminal matches '~' in the current parser context, at line 1 col 6

When ~ enters, you may search your library fo
     ^
Expected one of: 
	* WORD
	* DASH
","When ~ enters, you may search your library for a basic land card, reveal it, put it into your hand, then shuffle."
252,Commune with Nature,24.821419805000005,False,"No terminal matches '.' in the current parser context, at line 1 col 43

ok at the top five cards of your library. You may reveal a creature card from am
                                        ^
Expected one of: 
	* WORD
	* DASH
",Look at the top five cards of your library. You may reveal a creature card from among them and put it into your hand. Put the rest on the bottom of your library in any order.
253,Creeping Mold,24.687168862999897,False,"No terminal matches ',' in the current parser context, at line 1 col 24

Destroy target artifact, enchantment, or land.
                       ^
Expected one of: 
	* WORD
	* DASH
","Destroy target artifact, enchantment, or land."
254,Elvish Berserker,22.838854516000083,False,"No terminal matches '~' in the current parser context, at line 1 col 10

Whenever ~ becomes blocked, it gets +1/+1 until e
         ^
Expected one of: 
	* WORD
	* DASH
","Whenever ~ becomes blocked, it gets +1/+1 until end of turn for each creature blocking it."
255,Enormous Baloth,3.6169999475532677e-06,False,'text',
256,Elvish Champion,24.924171304000083,False,"No terminal matches '+' in the current parser context, at line 1 col 25

Other Elf creatures get +1/+1 and have forestwalk. (They can not
                        ^
Expected one of: 
	* WORD
	* DASH
",Other Elf creatures get +1/+1 and have forestwalk. (They can not be blocked as long as defending player controls a Forest.)
257,Orcish Artillery,410.735006419,True,,{T}: ~ deals 2 damage to any target and 3 damage to you.
258,Gaea's Herald,25.116601499999888,False,"No terminal matches '.' in the current parser context, at line 1 col 37

Creature spells can not be countered.
                                    ^
Expected one of: 
	* WORD
	* DASH
",Creature spells can not be countered.
259,Giant Growth,24.992436134999934,False,"No terminal matches '+' in the current parser context, at line 1 col 22

Target creature gets +3/+3 until end of turn.
                     ^
Expected one of: 
	* WORD
	* DASH
",Target creature gets +3/+3 until end of turn.
260,Grizzly Bears,3.5870000374416122e-06,False,'text',
261,Shock,230.650796679,True,,~ deals 2 damage to any target.
262,Giant Spider,22.99222894400009,False,"No terminal matches '(' in the current parser context, at line 1 col 7

Reach (This creature can block creatures with 
      ^
Expected one of: 
	* WORD
	* DASH
",Reach (This creature can block creatures with flying.)
263,Spitting Earth,207.7856409410001,False,"No terminal matches '.' in the current parser context, at line 1 col 79

l to the number of Mountains you control.
                                        ^
Expected one of: 
	* WORD
	* DASH
",~ deals damage to target creature equal to the number of Mountains you control.
264,Hunted Wumpus,24.730803982999987,False,"No terminal matches '~' in the current parser context, at line 1 col 6

When ~ enters, each other player may put a cr
     ^
Expected one of: 
	* WORD
	* DASH
","When ~ enters, each other player may put a creature card from their hand onto the battlefield."
265,Elvish Piper,84.85835981600007,False,"No terminal matches 'Y' in the current parser context, at line 1 col 11

{G}, {T}: You may put a creature card from your ha
          ^
Expected one of: 
	* OTHERWISE
	* MELD
	* BEEN
	* LOSE
	* REMOVE
	* SHUFFLED
	* __ANON_17
	* TAPPEDSTATUSMODIFIER
	* ONTO
	* IN
	* TAP
	* OBJECTCHARACTERISTIC
	* SPEND
	* ADD
	* TAKE
	* FROM
	* TURN
	* ATTACH
	* DETAIN
	* CONTROL
	* AFTER
	* DISCARD
	* CREATE
	* ADAPT
	* THAT
	* INTO
	* __ANON_20
	* MONSTROSITY
	* DOUBLE
	* THEM
	* ANY
	* SUBTYPECREATUREA
	* ALL
	* WITH
	* THEN
	* MILL
	* AMASS
	* PLAY
	* UNATTACH
	* EXPLORES
	* DIE
	* ORDINAL
	* COUNTER
	* SUBTYPELAND
	* CLASH
	* __ANON_15
	* YOUR
	* AT
	* WITHOUT
	* CHOSE
	* SUBTYPEENCHANTMENT
	* SCRY
	* DRAW
	* SAME
	* ACTIVATE
	* PROLIFERATE
	* CAST
	* BLOCK
	* IS
	* FIGHT
	* LEARN
	* GAINED
	* EXILE
	* UNDER
	* HERSELF
	* LOOK
	* SACRIFICED
	* INVESTIGATE
	* A
	* LBRACE
	* NO
	* SUBTYPECREATUREB
	* SEARCH
	* SKIP
	* ATTACK
	* BECOME
	* THEIR
	* FATESEAL
	* LESS
	* REGENERATE
	* SURVEIL
	* PLAYERCHARACTERISTIC
	* ABANDON
	* DOES
	* DISCOVER
	* SUBTYPEPLANESWALKER
	* ITSELF
	* UNTIL
	* CARDINAL
	* EXCHANGE
	* SUBTYPESPELL
	* DREW
	* DASH
	* ABILITYMODIFIER
	* TYPE
	* SUSPECT
	* FLIP
	* HAS
	* CONNIVE
	* UP
	* SUPPORT
	* AN
	* GAIN
	* STAR
	* X
	* NON
	* FREQUENCY
	* OTHER
	* __ANON_18
	* SWITCH
	* UNATTACHED
	* DO
	* WOULD
	* BOLSTER
	* CLOAK
	* ATTACHED
	* TRANSFORM
	* HIMSELF
	* REVEALED
	* CHOOSE
	* MANIFEST
	* NAMEREFSYMBOL
	* BLOCKED
	* SEARCHED
	* TARGET
	* BE
	* SUBTYPEARTIFACT
	* THIS
	* IT
	* WHEN
	* EFFECTSTATUSMODIFIER
	* WHENEVER
	* GOAD
	* PLAYED
	* POPULATE
	* AS
	* __ANON_14
	* GREATER
	* MAY
	* FOR
	* HAD
	* HAVE
	* MORE
	* NUMBER
	* PLAYERTERM
	* PAY
	* ABLE
	* ASSIGN
	* TAPSYMBOL
	* QUALIFIER
	* ONLY
	* COMBATSTATUSMODIFIER
	* ATTACKED
	* GET
	* SUBTYPEPLANAR
	* FORAGE
	* CAN
	* CYCLED
	* __ANON_21
	* PREVENT
	* KEYWORDSTATUSMODIFIER
	* RETURN
	* TIMES
	* PUT
	* ZONE
	* ITS
	* REVEAL
	* INCUBATE
	* ON
	* UNTAPSYMBOL
	* SHUFFLE
	* UNTAP
	* THOSE
	* WIN
	* DEAL
	* COLORTERM
	* EQUAL
	* WHILE
	* LOOKED
	* CYCLE
	* SUPERTYPE
	* LSQB
	* SACRIFICE
	* REMAIN
	* IF
	* EXERT
	* THESE
	* DESTROY
	* EACH
	* WHO
	* THE
	* LEVEL
	* ADDITIONAL
	* TURNED
	* CONVERT
	* DAMAGETYPE
	* __ANON_19
	* CONTROLLED
	* DISCARDED
","{G}, {T}: You may put a creature card from your hand onto the battlefield."
266,Joiner Adept,24.782276361999948,False,"No terminal matches '""' in the current parser context, at line 1 col 24

Lands you control have ""{T}: Add one mana of any color."".
                       ^
Expected one of: 
	* WORD
	* DASH
","Lands you control have ""{T}: Add one mana of any color.""."
267,Kavu Climber,22.775952679000056,False,"No terminal matches '~' in the current parser context, at line 1 col 6

When ~ enters, draw a card.
     ^
Expected one of: 
	* WORD
	* DASH
","When ~ enters, draw a card."
268,Elven Riders,138.62436141000012,False,"No terminal matches '/' in the current parser context, at line 1 col 41

~ can not be blocked except by Walls and/or creatures with flying.
                                        ^
Expected one of: 
	* WORD
	* DASH
",~ can not be blocked except by Walls and/or creatures with flying.
269,Llanowar Sentinel,24.759864526,False,"No terminal matches '~' in the current parser context, at line 1 col 6

When ~ enters, you may pay {1}{G}. If you do,
     ^
Expected one of: 
	* WORD
	* DASH
","When ~ enters, you may pay {1}{G}. If you do, search your library for a card named ~, put that card onto the battlefield, then shuffle."
270,Hurricane,60.69007618399996,False,"No terminal matches 'X' in the current parser context, at line 1 col 9

~ deals X damage to each creature with flying an
        ^
Expected one of: 
	* MELD
	* IN
	* SHUFFLED
	* LOSE
	* REMOVE
	* TAPPEDSTATUSMODIFIER
	* __ANON_17
	* ONTO
	* OBJECTCHARACTERISTIC
	* TAP
	* SPEND
	* ADD
	* TAKE
	* FROM
	* TURN
	* ATTACH
	* DETAIN
	* CONTROL
	* DISCARD
	* CREATE
	* ADAPT
	* THAT
	* INTO
	* __ANON_20
	* MONSTROSITY
	* DOUBLE
	* THEM
	* ANY
	* SUBTYPECREATUREA
	* ALL
	* WITH
	* AMASS
	* MILL
	* PLAY
	* UNATTACH
	* EXPLORES
	* ORDINAL
	* DIE
	* COUNTER
	* SUBTYPELAND
	* CLASH
	* __ANON_15
	* YOUR
	* WITHOUT
	* CHOSE
	* SUBTYPEENCHANTMENT
	* SCRY
	* DRAW
	* SAME
	* ACTIVATE
	* PROLIFERATE
	* CAST
	* BLOCK
	* LEARN
	* FIGHT
	* GAINED
	* EXILE
	* UNDER
	* HERSELF
	* LOOK
	* SACRIFICED
	* INVESTIGATE
	* A
	* NO
	* LBRACE
	* SUBTYPECREATUREB
	* SEARCH
	* SKIP
	* ATTACK
	* THEIR
	* FATESEAL
	* LESS
	* REGENERATE
	* SURVEIL
	* PLAYERCHARACTERISTIC
	* ABANDON
	* DISCOVER
	* SUBTYPEPLANESWALKER
	* ITSELF
	* CARDINAL
	* EXCHANGE
	* SUBTYPESPELL
	* DREW
	* ABILITYMODIFIER
	* TYPE
	* SUSPECT
	* FLIP
	* CONNIVE
	* UP
	* SUPPORT
	* AN
	* GAIN
	* STAR
	* X
	* NON
	* FREQUENCY
	* OTHER
	* __ANON_18
	* SWITCH
	* UNATTACHED
	* CLOAK
	* BOLSTER
	* ATTACHED
	* TRANSFORM
	* REVEALED
	* HIMSELF
	* CHOOSE
	* MANIFEST
	* BLOCKED
	* NAMEREFSYMBOL
	* SEARCHED
	* TARGET
	* SUBTYPEARTIFACT
	* THIS
	* IT
	* EFFECTSTATUSMODIFIER
	* GOAD
	* PLAYED
	* POPULATE
	* __ANON_14
	* GREATER
	* MORE
	* NUMBER
	* PLAYERTERM
	* PAY
	* ABLE
	* ASSIGN
	* QUALIFIER
	* ONLY
	* COMBATSTATUSMODIFIER
	* ATTACKED
	* GET
	* SUBTYPEPLANAR
	* FORAGE
	* CYCLED
	* __ANON_21
	* PREVENT
	* KEYWORDSTATUSMODIFIER
	* RETURN
	* TIMES
	* PUT
	* ZONE
	* ITS
	* REVEAL
	* INCUBATE
	* ON
	* SHUFFLE
	* UNTAP
	* THOSE
	* WIN
	* DEAL
	* COLORTERM
	* EQUAL
	* LOOKED
	* CYCLE
	* SUPERTYPE
	* SACRIFICE
	* REMAIN
	* EXERT
	* EACH
	* THESE
	* DESTROY
	* WHO
	* ADDITIONAL
	* THE
	* LEVEL
	* TURNED
	* CONVERT
	* DAMAGETYPE
	* __ANON_19
	* CONTROLLED
	* DISCARDED
",~ deals X damage to each creature with flying and each player.
271,Lure,24.6321089569999,False,"No terminal matches '.' in the current parser context, at line 2 col 53

s able to block enchanted creature do so.
                                        ^
Expected one of: 
	* WORD
	* DASH
","Enchant creature
All creatures able to block enchanted creature do so."
272,Llanowar Elves,47.13432927400004,False,"No terminal matches 'A' in the current parser context, at line 1 col 6

{T}: Add {G}.
     ^
Expected one of: 
	* OTHERWISE
	* MELD
	* BEEN
	* LOSE
	* REMOVE
	* SHUFFLED
	* __ANON_17
	* TAPPEDSTATUSMODIFIER
	* ONTO
	* IN
	* TAP
	* OBJECTCHARACTERISTIC
	* SPEND
	* ADD
	* TAKE
	* FROM
	* TURN
	* ATTACH
	* DETAIN
	* CONTROL
	* AFTER
	* DISCARD
	* CREATE
	* ADAPT
	* THAT
	* INTO
	* __ANON_20
	* MONSTROSITY
	* DOUBLE
	* THEM
	* ANY
	* SUBTYPECREATUREA
	* ALL
	* WITH
	* THEN
	* MILL
	* AMASS
	* PLAY
	* UNATTACH
	* EXPLORES
	* DIE
	* ORDINAL
	* COUNTER
	* SUBTYPELAND
	* CLASH
	* __ANON_15
	* YOUR
	* AT
	* WITHOUT
	* CHOSE
	* SUBTYPEENCHANTMENT
	* SCRY
	* DRAW
	* SAME
	* ACTIVATE
	* PROLIFERATE
	* CAST
	* BLOCK
	* IS
	* FIGHT
	* LEARN
	* GAINED
	* EXILE
	* UNDER
	* HERSELF
	* LOOK
	* SACRIFICED
	* INVESTIGATE
	* A
	* LBRACE
	* NO
	* SUBTYPECREATUREB
	* SEARCH
	* SKIP
	* ATTACK
	* BECOME
	* THEIR
	* FATESEAL
	* LESS
	* REGENERATE
	* SURVEIL
	* PLAYERCHARACTERISTIC
	* ABANDON
	* DOES
	* DISCOVER
	* SUBTYPEPLANESWALKER
	* ITSELF
	* UNTIL
	* CARDINAL
	* EXCHANGE
	* SUBTYPESPELL
	* DREW
	* DASH
	* ABILITYMODIFIER
	* TYPE
	* SUSPECT
	* FLIP
	* HAS
	* CONNIVE
	* UP
	* SUPPORT
	* AN
	* GAIN
	* STAR
	* X
	* NON
	* FREQUENCY
	* OTHER
	* __ANON_18
	* SWITCH
	* UNATTACHED
	* DO
	* WOULD
	* BOLSTER
	* CLOAK
	* ATTACHED
	* TRANSFORM
	* HIMSELF
	* REVEALED
	* CHOOSE
	* MANIFEST
	* NAMEREFSYMBOL
	* BLOCKED
	* SEARCHED
	* TARGET
	* BE
	* SUBTYPEARTIFACT
	* THIS
	* IT
	* WHEN
	* EFFECTSTATUSMODIFIER
	* WHENEVER
	* GOAD
	* PLAYED
	* POPULATE
	* AS
	* __ANON_14
	* GREATER
	* MAY
	* FOR
	* HAD
	* HAVE
	* MORE
	* NUMBER
	* PLAYERTERM
	* PAY
	* ABLE
	* ASSIGN
	* TAPSYMBOL
	* QUALIFIER
	* ONLY
	* COMBATSTATUSMODIFIER
	* ATTACKED
	* GET
	* SUBTYPEPLANAR
	* FORAGE
	* CAN
	* CYCLED
	* __ANON_21
	* PREVENT
	* KEYWORDSTATUSMODIFIER
	* RETURN
	* TIMES
	* PUT
	* ZONE
	* ITS
	* REVEAL
	* INCUBATE
	* ON
	* UNTAPSYMBOL
	* SHUFFLE
	* UNTAP
	* THOSE
	* WIN
	* DEAL
	* COLORTERM
	* EQUAL
	* WHILE
	* LOOKED
	* CYCLE
	* SUPERTYPE
	* LSQB
	* SACRIFICE
	* REMAIN
	* IF
	* EXERT
	* THESE
	* DESTROY
	* EACH
	* WHO
	* THE
	* LEVEL
	* ADDITIONAL
	* TURNED
	* CONVERT
	* DAMAGETYPE
	* __ANON_19
	* CONTROLLED
	* DISCARDED
",{T}: Add {G}.
273,Might of Oaks,22.754374121999945,False,"No terminal matches '+' in the current parser context, at line 1 col 22

Target creature gets +7/+7 until end of turn.
                     ^
Expected one of: 
	* WORD
	* DASH
",Target creature gets +7/+7 until end of turn.
274,Karplusan Strider,71.51427652299981,False,"No terminal matches 't' in the current parser context, at line 1 col 14

~ can not be the target of blue or black spells.
             ^
Expected one of: 
	* EFFECTSTATUSMODIFIER
	* COMBATSTATUSMODIFIER
	* TAPPEDSTATUSMODIFIER
	* UNDER
	* UNATTACHED
	* ABILITYMODIFIER
	* KEYWORDSTATUSMODIFIER
	* ATTACHED
",~ can not be the target of blue or black spells.
275,"Mirri, Cat Warrior",24.661771875000113,False,"No terminal matches ',' in the current parser context, at line 1 col 13

First strike, forestwalk, vigilance (This creature d
            ^
Expected one of: 
	* WORD
	* DASH
","First strike, forestwalk, vigilance (This creature deals combat damage before creatures without first strike, it can not be blocked as long as defending player controls a Forest, and attacking does not cause this creature to tap.)"
276,"Molimo, Maro-Sorcerer",24.85449929099991,False,"No terminal matches '(' in the current parser context, at line 1 col 9

Trample (This creature can deal excess combat da
        ^
Expected one of: 
	* WORD
	* DASH
","Trample (This creature can deal excess combat damage to the player or planeswalker it is attacking.)
~f's power and toughness are each equal to the number of lands you control."
277,Natural Spring,24.701372923000008,False,"No terminal matches '8' in the current parser context, at line 1 col 21

Target player gains 8 life.
                    ^
Expected one of: 
	* WORD
	* DASH
",Target player gains 8 life.
278,Naturalize,24.69535969599997,False,"No terminal matches '.' in the current parser context, at line 1 col 39

Destroy target artifact or enchantment.
                                      ^
Expected one of: 
	* WORD
	* DASH
",Destroy target artifact or enchantment.
279,Overgrowth,24.87705789200004,False,"No terminal matches ',' in the current parser context, at line 2 col 43

enever enchanted land is tapped for mana, its controller adds an additional {G}{
                                        ^
Expected one of: 
	* WORD
	* DASH
","Enchant land
Whenever enchanted land is tapped for mana, its controller adds an additional {G}{G}."
280,Overrun,22.984077759,False,"No terminal matches '+' in the current parser context, at line 1 col 27

Creatures you control get +3/+3 and gain trample until end of turn
                          ^
Expected one of: 
	* WORD
	* DASH
",Creatures you control get +3/+3 and gain trample until end of turn.
281,Pincher Beetles,24.641297210999937,False,"No terminal matches '(' in the current parser context, at line 1 col 8

Shroud (This creature can not be the target of 
       ^
Expected one of: 
	* WORD
	* DASH
",Shroud (This creature can not be the target of spells or abilities.)
282,Primal Rage,23.051576235999846,False,"No terminal matches '.' in the current parser context, at line 1 col 35

Creatures you control have trample. (A creature with trample can deal exce
                                  ^
Expected one of: 
	* WORD
	* DASH
",Creatures you control have trample. (A creature with trample can deal excess combat damage to the player or planeswalker it is attacking.)
283,Might Weaver,67.76121678200002,False,"No terminal matches 'T' in the current parser context, at line 1 col 6

{2}: Target red or white creature gains tramp
     ^
Expected one of: 
	* OTHERWISE
	* MELD
	* BEEN
	* LOSE
	* REMOVE
	* SHUFFLED
	* __ANON_17
	* TAPPEDSTATUSMODIFIER
	* ONTO
	* IN
	* TAP
	* OBJECTCHARACTERISTIC
	* SPEND
	* ADD
	* TAKE
	* FROM
	* TURN
	* ATTACH
	* DETAIN
	* CONTROL
	* AFTER
	* DISCARD
	* CREATE
	* ADAPT
	* THAT
	* INTO
	* __ANON_20
	* MONSTROSITY
	* DOUBLE
	* THEM
	* ANY
	* SUBTYPECREATUREA
	* ALL
	* WITH
	* THEN
	* MILL
	* AMASS
	* PLAY
	* UNATTACH
	* EXPLORES
	* DIE
	* ORDINAL
	* COUNTER
	* SUBTYPELAND
	* CLASH
	* __ANON_15
	* YOUR
	* AT
	* WITHOUT
	* CHOSE
	* SUBTYPEENCHANTMENT
	* SCRY
	* DRAW
	* SAME
	* ACTIVATE
	* PROLIFERATE
	* CAST
	* BLOCK
	* IS
	* FIGHT
	* LEARN
	* GAINED
	* EXILE
	* UNDER
	* HERSELF
	* LOOK
	* SACRIFICED
	* INVESTIGATE
	* A
	* LBRACE
	* NO
	* SUBTYPECREATUREB
	* SEARCH
	* SKIP
	* ATTACK
	* BECOME
	* THEIR
	* FATESEAL
	* LESS
	* REGENERATE
	* SURVEIL
	* PLAYERCHARACTERISTIC
	* ABANDON
	* DOES
	* DISCOVER
	* SUBTYPEPLANESWALKER
	* ITSELF
	* UNTIL
	* CARDINAL
	* EXCHANGE
	* SUBTYPESPELL
	* DREW
	* DASH
	* ABILITYMODIFIER
	* TYPE
	* SUSPECT
	* FLIP
	* HAS
	* CONNIVE
	* UP
	* SUPPORT
	* AN
	* GAIN
	* STAR
	* X
	* NON
	* FREQUENCY
	* OTHER
	* __ANON_18
	* SWITCH
	* UNATTACHED
	* DO
	* WOULD
	* BOLSTER
	* CLOAK
	* ATTACHED
	* TRANSFORM
	* HIMSELF
	* REVEALED
	* CHOOSE
	* MANIFEST
	* NAMEREFSYMBOL
	* BLOCKED
	* SEARCHED
	* TARGET
	* BE
	* SUBTYPEARTIFACT
	* THIS
	* IT
	* WHEN
	* EFFECTSTATUSMODIFIER
	* WHENEVER
	* GOAD
	* PLAYED
	* POPULATE
	* AS
	* __ANON_14
	* GREATER
	* MAY
	* FOR
	* HAD
	* HAVE
	* MORE
	* NUMBER
	* PLAYERTERM
	* PAY
	* ABLE
	* ASSIGN
	* TAPSYMBOL
	* QUALIFIER
	* ONLY
	* COMBATSTATUSMODIFIER
	* ATTACKED
	* GET
	* SUBTYPEPLANAR
	* FORAGE
	* CAN
	* CYCLED
	* __ANON_21
	* PREVENT
	* KEYWORDSTATUSMODIFIER
	* RETURN
	* TIMES
	* PUT
	* ZONE
	* ITS
	* REVEAL
	* INCUBATE
	* ON
	* UNTAPSYMBOL
	* SHUFFLE
	* UNTAP
	* THOSE
	* WIN
	* DEAL
	* COLORTERM
	* EQUAL
	* WHILE
	* LOOKED
	* CYCLE
	* SUPERTYPE
	* LSQB
	* SACRIFICE
	* REMAIN
	* IF
	* EXERT
	* THESE
	* DESTROY
	* EACH
	* WHO
	* THE
	* LEVEL
	* ADDITIONAL
	* TURNED
	* CONVERT
	* DAMAGETYPE
	* __ANON_19
	* CONTROLLED
	* DISCARDED
",{2}: Target red or white creature gains trample until end of turn. (It can deal excess combat damage to the player or planeswalker it is attacking.)
284,Quirion Dryad,24.817715364999913,False,"No terminal matches ',' in the current parser context, at line 1 col 40

Whenever you cast a spell that is white, blue, black, or red, put a +1/+1 count
                                       ^
Expected one of: 
	* WORD
	* DASH
","Whenever you cast a spell that is white, blue, black, or red, put a +1/+1 counter on ~."
285,Rampant Growth,24.90130788800002,False,"No terminal matches ',' in the current parser context, at line 1 col 42

earch your library for a basic land card, put that card onto the battlefield tap
                                        ^
Expected one of: 
	* WORD
	* DASH
","Search your library for a basic land card, put that card onto the battlefield tapped, then shuffle."
286,Recollect,24.996724203999975,False,"No terminal matches '.' in the current parser context, at line 1 col 52

et card from your graveyard to your hand.
                                        ^
Expected one of: 
	* WORD
	* DASH
",Return target card from your graveyard to your hand.
287,Regeneration,22.899828061000107,False,"No terminal matches '(' in the current parser context, at line 1 col 18

Enchant creature (Target a creature as you cast this. Thi
                 ^
Expected one of: 
	* WORD
	* DASH
","Enchant creature (Target a creature as you cast this. This card enters attached to that creature.)
{G}: Regenerate enchanted creature. (The next time that creature would be destroyed this turn, instead tap it, remove it from combat, and heal all damage on it.)"
288,Rhox,24.883698025000058,False,"No terminal matches '~' in the current parser context, at line 1 col 14

You may have ~ assign its combat damage as though it 
             ^
Expected one of: 
	* WORD
	* DASH
","You may have ~ assign its combat damage as though it weren't blocked.
{2}{G}: Regenerate ~. (The next time this creature would be destroyed this turn, instead tap it, remove it from combat, and heal all damage on it.)"
289,Root Maze,23.318487941000058,False,"No terminal matches '.' in the current parser context, at line 1 col 33

Artifacts and lands enter tapped.
                                ^
Expected one of: 
	* WORD
	* DASH
",Artifacts and lands enter tapped.
290,Spined Wurm,3.936999974030186e-06,False,'text',
291,Rushwood Dryad,23.317824671999915,False,"No terminal matches '(' in the current parser context, at line 1 col 12

Forestwalk (This creature can not be blocked as lon
           ^
Expected one of: 
	* WORD
	* DASH
",Forestwalk (This creature can not be blocked as long as defending player controls a Forest.)
292,Seedborn Muse,25.07600751200016,False,"No terminal matches ''' in the current parser context, at line 1 col 58

nts you control during each other player's untap step.
                                        ^
Expected one of: 
	* WORD
	* DASH
",Untap all permanents you control during each other player's untap step.
293,Stampeding Wildebeests,24.598004445000015,False,"No terminal matches '(' in the current parser context, at line 1 col 9

Trample (This creature can deal excess combat da
        ^
Expected one of: 
	* WORD
	* DASH
","Trample (This creature can deal excess combat damage to the player or planeswalker it is attacking.)
At the beginning of your upkeep, return a green creature you control to its owner's hand."
294,Sylvan Basilisk,24.946350688999928,False,"No terminal matches '~' in the current parser context, at line 1 col 10

Whenever ~ becomes blocked by a creature, destroy
         ^
Expected one of: 
	* WORD
	* DASH
","Whenever ~ becomes blocked by a creature, destroy that creature."
295,Skyshroud Ranger,47.42532385499999,False,"No terminal matches 'Y' in the current parser context, at line 1 col 6

{T}: You may put a land card from your hand o
     ^
Expected one of: 
	* OTHERWISE
	* MELD
	* BEEN
	* LOSE
	* REMOVE
	* SHUFFLED
	* __ANON_17
	* TAPPEDSTATUSMODIFIER
	* ONTO
	* IN
	* TAP
	* OBJECTCHARACTERISTIC
	* SPEND
	* ADD
	* TAKE
	* FROM
	* TURN
	* ATTACH
	* DETAIN
	* CONTROL
	* AFTER
	* DISCARD
	* CREATE
	* ADAPT
	* THAT
	* INTO
	* __ANON_20
	* MONSTROSITY
	* DOUBLE
	* THEM
	* ANY
	* SUBTYPECREATUREA
	* ALL
	* WITH
	* THEN
	* MILL
	* AMASS
	* PLAY
	* UNATTACH
	* EXPLORES
	* DIE
	* ORDINAL
	* COUNTER
	* SUBTYPELAND
	* CLASH
	* __ANON_15
	* YOUR
	* AT
	* WITHOUT
	* CHOSE
	* SUBTYPEENCHANTMENT
	* SCRY
	* DRAW
	* SAME
	* ACTIVATE
	* PROLIFERATE
	* CAST
	* BLOCK
	* IS
	* FIGHT
	* LEARN
	* GAINED
	* EXILE
	* UNDER
	* HERSELF
	* LOOK
	* SACRIFICED
	* INVESTIGATE
	* A
	* LBRACE
	* NO
	* SUBTYPECREATUREB
	* SEARCH
	* SKIP
	* ATTACK
	* BECOME
	* THEIR
	* FATESEAL
	* LESS
	* REGENERATE
	* SURVEIL
	* PLAYERCHARACTERISTIC
	* ABANDON
	* DOES
	* DISCOVER
	* SUBTYPEPLANESWALKER
	* ITSELF
	* UNTIL
	* CARDINAL
	* EXCHANGE
	* SUBTYPESPELL
	* DREW
	* DASH
	* ABILITYMODIFIER
	* TYPE
	* SUSPECT
	* FLIP
	* HAS
	* CONNIVE
	* UP
	* SUPPORT
	* AN
	* GAIN
	* STAR
	* X
	* NON
	* FREQUENCY
	* OTHER
	* __ANON_18
	* SWITCH
	* UNATTACHED
	* DO
	* WOULD
	* BOLSTER
	* CLOAK
	* ATTACHED
	* TRANSFORM
	* HIMSELF
	* REVEALED
	* CHOOSE
	* MANIFEST
	* NAMEREFSYMBOL
	* BLOCKED
	* SEARCHED
	* TARGET
	* BE
	* SUBTYPEARTIFACT
	* THIS
	* IT
	* WHEN
	* EFFECTSTATUSMODIFIER
	* WHENEVER
	* GOAD
	* PLAYED
	* POPULATE
	* AS
	* __ANON_14
	* GREATER
	* MAY
	* FOR
	* HAD
	* HAVE
	* MORE
	* NUMBER
	* PLAYERTERM
	* PAY
	* ABLE
	* ASSIGN
	* TAPSYMBOL
	* QUALIFIER
	* ONLY
	* COMBATSTATUSMODIFIER
	* ATTACKED
	* GET
	* SUBTYPEPLANAR
	* FORAGE
	* CAN
	* CYCLED
	* __ANON_21
	* PREVENT
	* KEYWORDSTATUSMODIFIER
	* RETURN
	* TIMES
	* PUT
	* ZONE
	* ITS
	* REVEAL
	* INCUBATE
	* ON
	* UNTAPSYMBOL
	* SHUFFLE
	* UNTAP
	* THOSE
	* WIN
	* DEAL
	* COLORTERM
	* EQUAL
	* WHILE
	* LOOKED
	* CYCLE
	* SUPERTYPE
	* LSQB
	* SACRIFICE
	* REMAIN
	* IF
	* EXERT
	* THESE
	* DESTROY
	* EACH
	* WHO
	* THE
	* LEVEL
	* ADDITIONAL
	* TURNED
	* CONVERT
	* DAMAGETYPE
	* __ANON_19
	* CONTROLLED
	* DISCARDED
",{T}: You may put a land card from your hand onto the battlefield. Activate only as a sorcery.
296,Sylvan Scrying,24.87659577300019,False,"No terminal matches ',' in the current parser context, at line 1 col 36

Search your library for a land card, reveal it, put it into your hand, then
                                   ^
Expected one of: 
	* WORD
	* DASH
","Search your library for a land card, reveal it, put it into your hand, then shuffle."
297,Tangle Spider,24.687866589999885,False,"No terminal matches '(' in the current parser context, at line 1 col 7

Flash (You may cast this spell any time you co
      ^
Expected one of: 
	* WORD
	* DASH
","Flash (You may cast this spell any time you could cast an instant.)
Reach (This creature can block creatures with flying.)"
298,Treetop Bracers,22.82317400099987,False,"No terminal matches '(' in the current parser context, at line 1 col 18

Enchant creature (Target a creature as you cast this. Thi
                 ^
Expected one of: 
	* WORD
	* DASH
","Enchant creature (Target a creature as you cast this. This card enters attached to that creature.)
Enchanted creature gets +1/+1 and can not be blocked except by creatures with flying."
299,Troll Ascetic,24.38755938500003,False,"No terminal matches '(' in the current parser context, at line 1 col 10

Hexproof (This creature can not be the target of 
         ^
Expected one of: 
	* WORD
	* DASH
","Hexproof (This creature can not be the target of spells or abilities your opponents control.)
{1}{G}: Regenerate ~."
300,Upwelling,23.02732960200001,False,"No terminal matches '.' in the current parser context, at line 1 col 57

ose unspent mana as steps and phases end.
                                        ^
Expected one of: 
	* WORD
	* DASH
",Players do not lose unspent mana as steps and phases end.
301,Verdant Force,24.560049883000147,False,"No terminal matches ',' in the current parser context, at line 1 col 32

At the beginning of each upkeep, create a 1/1 green Saproling creature 
                               ^
Expected one of: 
	* WORD
	* DASH
","At the beginning of each upkeep, create a 1/1 green Saproling creature token."
302,Sudden Impact,430.67511509099995,True,,~ deals damage to target player equal to the number of cards in that player's hand.
303,Viridian Shaman,22.722612562999984,False,"No terminal matches '~' in the current parser context, at line 1 col 6

When ~ enters, destroy target artifact.
     ^
Expected one of: 
	* WORD
	* DASH
","When ~ enters, destroy target artifact."
304,Wall of Wood,24.419818942999882,False,"No terminal matches '(' in the current parser context, at line 1 col 10

Defender (This creature can not attack.)
         ^
Expected one of: 
	* WORD
	* DASH
",Defender (This creature can not attack.)
305,Angel's Feather,22.960323730000027,False,"No terminal matches ',' in the current parser context, at line 1 col 38

Whenever a player casts a white spell, you may gain 1 life.
                                     ^
Expected one of: 
	* WORD
	* DASH
","Whenever a player casts a white spell, you may gain 1 life."
306,Bottle Gnomes,24.506718425999907,False,"No terminal matches '~' in the current parser context, at line 1 col 11

Sacrifice ~: You gain 3 life.
          ^
Expected one of: 
	* WORD
	* DASH
",Sacrifice ~: You gain 3 life.
307,Femeref Archers,348.1524739560002,True,,{T}: ~ deals 4 damage to target attacking creature with flying.
308,Coat of Arms,24.817377503999978,False,"No terminal matches '+' in the current parser context, at line 1 col 20

Each creature gets +1/+1 for each other creature on the bat
                   ^
Expected one of: 
	* WORD
	* DASH
","Each creature gets +1/+1 for each other creature on the battlefield that shares at least one creature type with it. (For example, if two Goblin Warriors and a Goblin Shaman are on the battlefield, gets +2/+2.)"
309,Rootwalla,198.03180453500022,False,"No terminal matches '.' in the current parser context, at line 1 col 69

nd of turn. Activate only once each turn.
                                        ^
Expected one of: 
	* WORD
	* DASH
",{1}{G}: ~ gets +2/+2 until end of turn. Activate only once each turn.
310,Colossus of Sardia,24.89322917699974,False,"No terminal matches '(' in the current parser context, at line 1 col 9

Trample (This creature can deal excess combat da
        ^
Expected one of: 
	* WORD
	* DASH
","Trample (This creature can deal excess combat damage to the player or planeswalker it is attacking.)
~ does not untap during your untap step.
{9}: Untap ~. Activate only during your upkeep."
311,Composite Golem,24.492527475000315,False,"No terminal matches '~' in the current parser context, at line 1 col 11

Sacrifice ~: Add {W}{U}{B}{R}{G}.
          ^
Expected one of: 
	* WORD
	* DASH
",Sacrifice ~: Add {W}{U}{B}{R}{G}.
312,Chromatic Star,83.69191224500037,False,"No terminal matches 'S' in the current parser context, at line 1 col 11

{1}, {T}, Sacrifice ~: Add one mana of any color.
          ^
Expected one of: 
	* MELD
	* IN
	* SHUFFLED
	* LOSE
	* REMOVE
	* TAPPEDSTATUSMODIFIER
	* __ANON_17
	* ONTO
	* OBJECTCHARACTERISTIC
	* TAP
	* SPEND
	* ADD
	* TAKE
	* FROM
	* TURN
	* ATTACH
	* DETAIN
	* CONTROL
	* DISCARD
	* CREATE
	* ADAPT
	* THAT
	* INTO
	* __ANON_20
	* MONSTROSITY
	* DOUBLE
	* THEM
	* ANY
	* SUBTYPECREATUREA
	* ALL
	* WITH
	* AMASS
	* MILL
	* PLAY
	* UNATTACH
	* EXPLORES
	* DIE
	* COUNTER
	* ORDINAL
	* SUBTYPELAND
	* CLASH
	* __ANON_15
	* YOUR
	* WITHOUT
	* CHOSE
	* SUBTYPEENCHANTMENT
	* SCRY
	* DRAW
	* SAME
	* ACTIVATE
	* PROLIFERATE
	* CAST
	* BLOCK
	* LEARN
	* FIGHT
	* GAINED
	* EXILE
	* UNDER
	* HERSELF
	* LOOK
	* SACRIFICED
	* INVESTIGATE
	* A
	* NO
	* LBRACE
	* SUBTYPECREATUREB
	* SEARCH
	* SKIP
	* ATTACK
	* THEIR
	* FATESEAL
	* LESS
	* REGENERATE
	* SURVEIL
	* PLAYERCHARACTERISTIC
	* ABANDON
	* DISCOVER
	* SUBTYPEPLANESWALKER
	* ITSELF
	* EXCHANGE
	* CARDINAL
	* SUBTYPESPELL
	* DREW
	* ABILITYMODIFIER
	* TYPE
	* SUSPECT
	* FLIP
	* CONNIVE
	* SUPPORT
	* UP
	* AN
	* GAIN
	* STAR
	* X
	* NON
	* FREQUENCY
	* OTHER
	* __ANON_18
	* SWITCH
	* UNATTACHED
	* CLOAK
	* BOLSTER
	* ATTACHED
	* TRANSFORM
	* REVEALED
	* HIMSELF
	* CHOOSE
	* MANIFEST
	* BLOCKED
	* NAMEREFSYMBOL
	* SEARCHED
	* TARGET
	* SUBTYPEARTIFACT
	* THIS
	* IT
	* EFFECTSTATUSMODIFIER
	* GOAD
	* PLAYED
	* POPULATE
	* __ANON_14
	* GREATER
	* MORE
	* NUMBER
	* PLAYERTERM
	* PAY
	* ABLE
	* ASSIGN
	* TAPSYMBOL
	* QUALIFIER
	* ONLY
	* COMBATSTATUSMODIFIER
	* ATTACKED
	* GET
	* SUBTYPEPLANAR
	* FORAGE
	* CYCLED
	* __ANON_21
	* PREVENT
	* KEYWORDSTATUSMODIFIER
	* RETURN
	* TIMES
	* PUT
	* ZONE
	* ITS
	* REVEAL
	* INCUBATE
	* ON
	* UNTAPSYMBOL
	* SHUFFLE
	* UNTAP
	* THOSE
	* WIN
	* DEAL
	* COLORTERM
	* EQUAL
	* LOOKED
	* CYCLE
	* SUPERTYPE
	* LSQB
	* SACRIFICE
	* REMAIN
	* EXERT
	* EACH
	* THESE
	* DESTROY
	* WHO
	* ADDITIONAL
	* THE
	* LEVEL
	* TURNED
	* CONVERT
	* DAMAGETYPE
	* __ANON_19
	* CONTROLLED
	* DISCARDED
","{1}, {T}, Sacrifice ~: Add one mana of any color.
When ~ is put into a graveyard from the battlefield, draw a card."
313,Citanul Flute,87.15721916400025,False,"No terminal matches 'S' in the current parser context, at line 1 col 11

{X}, {T}: Search your library for a creature card 
          ^
Expected one of: 
	* OTHERWISE
	* MELD
	* BEEN
	* LOSE
	* REMOVE
	* SHUFFLED
	* __ANON_17
	* TAPPEDSTATUSMODIFIER
	* ONTO
	* IN
	* TAP
	* OBJECTCHARACTERISTIC
	* SPEND
	* ADD
	* TAKE
	* FROM
	* TURN
	* ATTACH
	* DETAIN
	* CONTROL
	* AFTER
	* DISCARD
	* CREATE
	* ADAPT
	* THAT
	* INTO
	* __ANON_20
	* MONSTROSITY
	* DOUBLE
	* THEM
	* ANY
	* SUBTYPECREATUREA
	* ALL
	* WITH
	* THEN
	* MILL
	* AMASS
	* PLAY
	* UNATTACH
	* EXPLORES
	* DIE
	* ORDINAL
	* COUNTER
	* SUBTYPELAND
	* CLASH
	* __ANON_15
	* YOUR
	* AT
	* WITHOUT
	* CHOSE
	* SUBTYPEENCHANTMENT
	* SCRY
	* DRAW
	* SAME
	* ACTIVATE
	* PROLIFERATE
	* CAST
	* BLOCK
	* IS
	* FIGHT
	* LEARN
	* GAINED
	* EXILE
	* UNDER
	* HERSELF
	* LOOK
	* SACRIFICED
	* INVESTIGATE
	* A
	* LBRACE
	* NO
	* SUBTYPECREATUREB
	* SEARCH
	* SKIP
	* ATTACK
	* BECOME
	* THEIR
	* FATESEAL
	* LESS
	* REGENERATE
	* SURVEIL
	* PLAYERCHARACTERISTIC
	* ABANDON
	* DOES
	* DISCOVER
	* SUBTYPEPLANESWALKER
	* ITSELF
	* UNTIL
	* CARDINAL
	* EXCHANGE
	* SUBTYPESPELL
	* DREW
	* DASH
	* ABILITYMODIFIER
	* TYPE
	* SUSPECT
	* FLIP
	* HAS
	* CONNIVE
	* UP
	* SUPPORT
	* AN
	* GAIN
	* STAR
	* X
	* NON
	* FREQUENCY
	* OTHER
	* __ANON_18
	* SWITCH
	* UNATTACHED
	* DO
	* WOULD
	* BOLSTER
	* CLOAK
	* ATTACHED
	* TRANSFORM
	* HIMSELF
	* REVEALED
	* CHOOSE
	* MANIFEST
	* NAMEREFSYMBOL
	* BLOCKED
	* SEARCHED
	* TARGET
	* BE
	* SUBTYPEARTIFACT
	* THIS
	* IT
	* WHEN
	* EFFECTSTATUSMODIFIER
	* WHENEVER
	* GOAD
	* PLAYED
	* POPULATE
	* AS
	* __ANON_14
	* GREATER
	* MAY
	* FOR
	* HAD
	* HAVE
	* MORE
	* NUMBER
	* PLAYERTERM
	* PAY
	* ABLE
	* ASSIGN
	* TAPSYMBOL
	* QUALIFIER
	* ONLY
	* COMBATSTATUSMODIFIER
	* ATTACKED
	* GET
	* SUBTYPEPLANAR
	* FORAGE
	* CAN
	* CYCLED
	* __ANON_21
	* PREVENT
	* KEYWORDSTATUSMODIFIER
	* RETURN
	* TIMES
	* PUT
	* ZONE
	* ITS
	* REVEAL
	* INCUBATE
	* ON
	* UNTAPSYMBOL
	* SHUFFLE
	* UNTAP
	* THOSE
	* WIN
	* DEAL
	* COLORTERM
	* EQUAL
	* WHILE
	* LOOKED
	* CYCLE
	* SUPERTYPE
	* LSQB
	* SACRIFICE
	* REMAIN
	* IF
	* EXERT
	* THESE
	* DESTROY
	* EACH
	* WHO
	* THE
	* LEVEL
	* ADDITIONAL
	* TURNED
	* CONVERT
	* DAMAGETYPE
	* __ANON_19
	* CONTROLLED
	* DISCARDED
","{X}, {T}: Search your library for a creature card with mana value X or less, reveal it, put it into your hand, then shuffle."
314,Crucible of Worlds,22.799791054999787,False,"No terminal matches '.' in the current parser context, at line 1 col 39

You may play lands from your graveyard.
                                      ^
Expected one of: 
	* WORD
	* DASH
",You may play lands from your graveyard.
315,Demon's Horn,24.408006276999913,False,"No terminal matches ',' in the current parser context, at line 1 col 38

Whenever a player casts a black spell, you may gain 1 life.
                                     ^
Expected one of: 
	* WORD
	* DASH
","Whenever a player casts a black spell, you may gain 1 life."
316,Stalking Tiger,229.36327460400003,True,,~ can not be blocked by more than one creature.
317,Dragon's Claw,24.759113867999986,False,"No terminal matches ',' in the current parser context, at line 1 col 36

Whenever a player casts a red spell, you may gain 1 life.
                                   ^
Expected one of: 
	* WORD
	* DASH
","Whenever a player casts a red spell, you may gain 1 life."
318,Chimeric Staff,140.7872582949999,False,"No terminal matches 'X' in the current parser context, at line 1 col 19

{X}: ~ becomes an X/X Construct artifact creature until en
                  ^
Expected one of: 
	* MELD
	* IN
	* SHUFFLED
	* LOSE
	* REMOVE
	* TAPPEDSTATUSMODIFIER
	* __ANON_17
	* ONTO
	* OBJECTCHARACTERISTIC
	* TAP
	* SPEND
	* ADD
	* TAKE
	* FROM
	* TURN
	* ATTACH
	* DETAIN
	* CONTROL
	* DISCARD
	* CREATE
	* ADAPT
	* THAT
	* INTO
	* __ANON_20
	* MONSTROSITY
	* DOUBLE
	* THEM
	* ANY
	* SUBTYPECREATUREA
	* ALL
	* WITH
	* AMASS
	* MILL
	* PLAY
	* UNATTACH
	* EXPLORES
	* ORDINAL
	* DIE
	* COUNTER
	* SUBTYPELAND
	* CLASH
	* __ANON_15
	* YOUR
	* WITHOUT
	* CHOSE
	* SUBTYPEENCHANTMENT
	* SCRY
	* DRAW
	* SAME
	* ACTIVATE
	* PROLIFERATE
	* CAST
	* BLOCK
	* LEARN
	* FIGHT
	* GAINED
	* EXILE
	* UNDER
	* HERSELF
	* LOOK
	* SACRIFICED
	* INVESTIGATE
	* A
	* NO
	* LBRACE
	* SUBTYPECREATUREB
	* SEARCH
	* SKIP
	* ATTACK
	* THEIR
	* FATESEAL
	* LESS
	* REGENERATE
	* SURVEIL
	* PLAYERCHARACTERISTIC
	* ABANDON
	* DISCOVER
	* SUBTYPEPLANESWALKER
	* ITSELF
	* CARDINAL
	* EXCHANGE
	* SUBTYPESPELL
	* DREW
	* ABILITYMODIFIER
	* TYPE
	* SUSPECT
	* FLIP
	* CONNIVE
	* UP
	* SUPPORT
	* AN
	* GAIN
	* STAR
	* X
	* NON
	* OTHER
	* FREQUENCY
	* __ANON_18
	* SWITCH
	* UNATTACHED
	* CLOAK
	* BOLSTER
	* ATTACHED
	* TRANSFORM
	* REVEALED
	* HIMSELF
	* CHOOSE
	* MANIFEST
	* BLOCKED
	* NAMEREFSYMBOL
	* SEARCHED
	* TARGET
	* SUBTYPEARTIFACT
	* THIS
	* IT
	* EFFECTSTATUSMODIFIER
	* GOAD
	* PLAYED
	* POPULATE
	* __ANON_14
	* GREATER
	* MORE
	* NUMBER
	* PLAYERTERM
	* PAY
	* ABLE
	* ASSIGN
	* QUALIFIER
	* ONLY
	* COMBATSTATUSMODIFIER
	* ATTACKED
	* GET
	* SUBTYPEPLANAR
	* FORAGE
	* CYCLED
	* __ANON_21
	* PREVENT
	* KEYWORDSTATUSMODIFIER
	* RETURN
	* TIMES
	* PUT
	* ZONE
	* ITS
	* REVEAL
	* INCUBATE
	* ON
	* SHUFFLE
	* UNTAP
	* THOSE
	* WIN
	* DEAL
	* COLORTERM
	* EQUAL
	* LOOKED
	* CYCLE
	* SUPERTYPE
	* SACRIFICE
	* REMAIN
	* EACH
	* EXERT
	* THESE
	* DESTROY
	* WHO
	* ADDITIONAL
	* THE
	* LEVEL
	* TURNED
	* CONVERT
	* DAMAGETYPE
	* __ANON_19
	* CONTROLLED
	* DISCARDED
",{X}: ~ becomes an X/X Construct artifact creature until end of turn.
319,Howling Mine,22.45758014899957,False,"No terminal matches ''' in the current parser context, at line 1 col 32

At the beginning of each player's draw step, if ~ is untapped, that pla
                               ^
Expected one of: 
	* WORD
	* DASH
","At the beginning of each player's draw step, if ~ is untapped, that player draws an additional card."
320,Yavimaya Enchantress,198.95286568600022,True,,~ gets +1/+1 for each enchantment on the battlefield.
321,Doubling Cube,86.17518622500029,False,"No terminal matches 'D' in the current parser context, at line 1 col 11

{3}, {T}: Double the amount of each type of unspen
          ^
Expected one of: 
	* OTHERWISE
	* MELD
	* BEEN
	* LOSE
	* REMOVE
	* SHUFFLED
	* __ANON_17
	* TAPPEDSTATUSMODIFIER
	* ONTO
	* IN
	* TAP
	* OBJECTCHARACTERISTIC
	* SPEND
	* ADD
	* TAKE
	* FROM
	* TURN
	* ATTACH
	* DETAIN
	* CONTROL
	* AFTER
	* DISCARD
	* CREATE
	* ADAPT
	* THAT
	* INTO
	* __ANON_20
	* MONSTROSITY
	* DOUBLE
	* THEM
	* ANY
	* SUBTYPECREATUREA
	* ALL
	* WITH
	* THEN
	* MILL
	* AMASS
	* PLAY
	* UNATTACH
	* EXPLORES
	* DIE
	* ORDINAL
	* COUNTER
	* SUBTYPELAND
	* CLASH
	* __ANON_15
	* YOUR
	* AT
	* WITHOUT
	* CHOSE
	* SUBTYPEENCHANTMENT
	* SCRY
	* DRAW
	* SAME
	* ACTIVATE
	* PROLIFERATE
	* CAST
	* BLOCK
	* IS
	* FIGHT
	* LEARN
	* GAINED
	* EXILE
	* UNDER
	* HERSELF
	* LOOK
	* SACRIFICED
	* INVESTIGATE
	* A
	* LBRACE
	* NO
	* SUBTYPECREATUREB
	* SEARCH
	* SKIP
	* ATTACK
	* BECOME
	* THEIR
	* FATESEAL
	* LESS
	* REGENERATE
	* SURVEIL
	* PLAYERCHARACTERISTIC
	* ABANDON
	* DOES
	* DISCOVER
	* SUBTYPEPLANESWALKER
	* ITSELF
	* UNTIL
	* CARDINAL
	* EXCHANGE
	* SUBTYPESPELL
	* DREW
	* DASH
	* ABILITYMODIFIER
	* TYPE
	* SUSPECT
	* FLIP
	* HAS
	* CONNIVE
	* UP
	* SUPPORT
	* AN
	* GAIN
	* STAR
	* X
	* NON
	* FREQUENCY
	* OTHER
	* __ANON_18
	* SWITCH
	* UNATTACHED
	* DO
	* WOULD
	* BOLSTER
	* CLOAK
	* ATTACHED
	* TRANSFORM
	* HIMSELF
	* REVEALED
	* CHOOSE
	* MANIFEST
	* NAMEREFSYMBOL
	* BLOCKED
	* SEARCHED
	* TARGET
	* BE
	* SUBTYPEARTIFACT
	* THIS
	* IT
	* WHEN
	* EFFECTSTATUSMODIFIER
	* WHENEVER
	* GOAD
	* PLAYED
	* POPULATE
	* AS
	* __ANON_14
	* GREATER
	* MAY
	* FOR
	* HAD
	* HAVE
	* MORE
	* NUMBER
	* PLAYERTERM
	* PAY
	* ABLE
	* ASSIGN
	* TAPSYMBOL
	* QUALIFIER
	* ONLY
	* COMBATSTATUSMODIFIER
	* ATTACKED
	* GET
	* SUBTYPEPLANAR
	* FORAGE
	* CAN
	* CYCLED
	* __ANON_21
	* PREVENT
	* KEYWORDSTATUSMODIFIER
	* RETURN
	* TIMES
	* PUT
	* ZONE
	* ITS
	* REVEAL
	* INCUBATE
	* ON
	* UNTAPSYMBOL
	* SHUFFLE
	* UNTAP
	* THOSE
	* WIN
	* DEAL
	* COLORTERM
	* EQUAL
	* WHILE
	* LOOKED
	* CYCLE
	* SUPERTYPE
	* LSQB
	* SACRIFICE
	* REMAIN
	* IF
	* EXERT
	* THESE
	* DESTROY
	* EACH
	* WHO
	* THE
	* LEVEL
	* ADDITIONAL
	* TURNED
	* CONVERT
	* DAMAGETYPE
	* __ANON_19
	* CONTROLLED
	* DISCARDED
","{3}, {T}: Double the amount of each type of unspent mana you have."
322,Fountain of Youth,87.85903714199958,False,"No terminal matches 'Y' in the current parser context, at line 1 col 11

{2}, {T}: You gain 1 life.
          ^
Expected one of: 
	* OTHERWISE
	* MELD
	* BEEN
	* LOSE
	* REMOVE
	* SHUFFLED
	* __ANON_17
	* TAPPEDSTATUSMODIFIER
	* ONTO
	* IN
	* TAP
	* OBJECTCHARACTERISTIC
	* SPEND
	* ADD
	* TAKE
	* FROM
	* TURN
	* ATTACH
	* DETAIN
	* CONTROL
	* AFTER
	* DISCARD
	* CREATE
	* ADAPT
	* THAT
	* INTO
	* __ANON_20
	* MONSTROSITY
	* DOUBLE
	* THEM
	* ANY
	* SUBTYPECREATUREA
	* ALL
	* WITH
	* THEN
	* MILL
	* AMASS
	* PLAY
	* UNATTACH
	* EXPLORES
	* DIE
	* ORDINAL
	* COUNTER
	* SUBTYPELAND
	* CLASH
	* __ANON_15
	* YOUR
	* AT
	* WITHOUT
	* CHOSE
	* SUBTYPEENCHANTMENT
	* SCRY
	* DRAW
	* SAME
	* ACTIVATE
	* PROLIFERATE
	* CAST
	* BLOCK
	* IS
	* FIGHT
	* LEARN
	* GAINED
	* EXILE
	* UNDER
	* HERSELF
	* LOOK
	* SACRIFICED
	* INVESTIGATE
	* A
	* LBRACE
	* NO
	* SUBTYPECREATUREB
	* SEARCH
	* SKIP
	* ATTACK
	* BECOME
	* THEIR
	* FATESEAL
	* LESS
	* REGENERATE
	* SURVEIL
	* PLAYERCHARACTERISTIC
	* ABANDON
	* DOES
	* DISCOVER
	* SUBTYPEPLANESWALKER
	* ITSELF
	* UNTIL
	* CARDINAL
	* EXCHANGE
	* SUBTYPESPELL
	* DREW
	* DASH
	* ABILITYMODIFIER
	* TYPE
	* SUSPECT
	* FLIP
	* HAS
	* CONNIVE
	* UP
	* SUPPORT
	* AN
	* GAIN
	* STAR
	* X
	* NON
	* FREQUENCY
	* OTHER
	* __ANON_18
	* SWITCH
	* UNATTACHED
	* DO
	* WOULD
	* BOLSTER
	* CLOAK
	* ATTACHED
	* TRANSFORM
	* HIMSELF
	* REVEALED
	* CHOOSE
	* MANIFEST
	* NAMEREFSYMBOL
	* BLOCKED
	* SEARCHED
	* TARGET
	* BE
	* SUBTYPEARTIFACT
	* THIS
	* IT
	* WHEN
	* EFFECTSTATUSMODIFIER
	* WHENEVER
	* GOAD
	* PLAYED
	* POPULATE
	* AS
	* __ANON_14
	* GREATER
	* MAY
	* FOR
	* HAD
	* HAVE
	* MORE
	* NUMBER
	* PLAYERTERM
	* PAY
	* ABLE
	* ASSIGN
	* TAPSYMBOL
	* QUALIFIER
	* ONLY
	* COMBATSTATUSMODIFIER
	* ATTACKED
	* GET
	* SUBTYPEPLANAR
	* FORAGE
	* CAN
	* CYCLED
	* __ANON_21
	* PREVENT
	* KEYWORDSTATUSMODIFIER
	* RETURN
	* TIMES
	* PUT
	* ZONE
	* ITS
	* REVEAL
	* INCUBATE
	* ON
	* UNTAPSYMBOL
	* SHUFFLE
	* UNTAP
	* THOSE
	* WIN
	* DEAL
	* COLORTERM
	* EQUAL
	* WHILE
	* LOOKED
	* CYCLE
	* SUPERTYPE
	* LSQB
	* SACRIFICE
	* REMAIN
	* IF
	* EXERT
	* THESE
	* DESTROY
	* EACH
	* WHO
	* THE
	* LEVEL
	* ADDITIONAL
	* TURNED
	* CONVERT
	* DAMAGETYPE
	* __ANON_19
	* CONTROLLED
	* DISCARDED
","{2}, {T}: You gain 1 life."
323,The Hive,84.1086446889999,False,"No terminal matches 'C' in the current parser context, at line 1 col 11

{5}, {T}: Create a 1/1 colorless Insect artifact c
          ^
Expected one of: 
	* OTHERWISE
	* MELD
	* BEEN
	* LOSE
	* REMOVE
	* SHUFFLED
	* __ANON_17
	* TAPPEDSTATUSMODIFIER
	* ONTO
	* IN
	* TAP
	* OBJECTCHARACTERISTIC
	* SPEND
	* ADD
	* TAKE
	* FROM
	* TURN
	* ATTACH
	* DETAIN
	* CONTROL
	* AFTER
	* DISCARD
	* CREATE
	* ADAPT
	* THAT
	* INTO
	* __ANON_20
	* MONSTROSITY
	* DOUBLE
	* THEM
	* ANY
	* SUBTYPECREATUREA
	* ALL
	* WITH
	* THEN
	* MILL
	* AMASS
	* PLAY
	* UNATTACH
	* EXPLORES
	* DIE
	* ORDINAL
	* COUNTER
	* SUBTYPELAND
	* CLASH
	* __ANON_15
	* YOUR
	* AT
	* WITHOUT
	* CHOSE
	* SUBTYPEENCHANTMENT
	* SCRY
	* DRAW
	* SAME
	* ACTIVATE
	* PROLIFERATE
	* CAST
	* BLOCK
	* IS
	* FIGHT
	* LEARN
	* GAINED
	* EXILE
	* UNDER
	* HERSELF
	* LOOK
	* SACRIFICED
	* INVESTIGATE
	* A
	* LBRACE
	* NO
	* SUBTYPECREATUREB
	* SEARCH
	* SKIP
	* ATTACK
	* BECOME
	* THEIR
	* FATESEAL
	* LESS
	* REGENERATE
	* SURVEIL
	* PLAYERCHARACTERISTIC
	* ABANDON
	* DOES
	* DISCOVER
	* SUBTYPEPLANESWALKER
	* ITSELF
	* UNTIL
	* CARDINAL
	* EXCHANGE
	* SUBTYPESPELL
	* DREW
	* DASH
	* ABILITYMODIFIER
	* TYPE
	* SUSPECT
	* FLIP
	* HAS
	* CONNIVE
	* UP
	* SUPPORT
	* AN
	* GAIN
	* STAR
	* X
	* NON
	* FREQUENCY
	* OTHER
	* __ANON_18
	* SWITCH
	* UNATTACHED
	* DO
	* WOULD
	* BOLSTER
	* CLOAK
	* ATTACHED
	* TRANSFORM
	* HIMSELF
	* REVEALED
	* CHOOSE
	* MANIFEST
	* NAMEREFSYMBOL
	* BLOCKED
	* SEARCHED
	* TARGET
	* BE
	* SUBTYPEARTIFACT
	* THIS
	* IT
	* WHEN
	* EFFECTSTATUSMODIFIER
	* WHENEVER
	* GOAD
	* PLAYED
	* POPULATE
	* AS
	* __ANON_14
	* GREATER
	* MAY
	* FOR
	* HAD
	* HAVE
	* MORE
	* NUMBER
	* PLAYERTERM
	* PAY
	* ABLE
	* ASSIGN
	* TAPSYMBOL
	* QUALIFIER
	* ONLY
	* COMBATSTATUSMODIFIER
	* ATTACKED
	* GET
	* SUBTYPEPLANAR
	* FORAGE
	* CAN
	* CYCLED
	* __ANON_21
	* PREVENT
	* KEYWORDSTATUSMODIFIER
	* RETURN
	* TIMES
	* PUT
	* ZONE
	* ITS
	* REVEAL
	* INCUBATE
	* ON
	* UNTAPSYMBOL
	* SHUFFLE
	* UNTAP
	* THOSE
	* WIN
	* DEAL
	* COLORTERM
	* EQUAL
	* WHILE
	* LOOKED
	* CYCLE
	* SUPERTYPE
	* LSQB
	* SACRIFICE
	* REMAIN
	* IF
	* EXERT
	* THESE
	* DESTROY
	* EACH
	* WHO
	* THE
	* LEVEL
	* ADDITIONAL
	* TURNED
	* CONVERT
	* DAMAGETYPE
	* __ANON_19
	* CONTROLLED
	* DISCARDED
","{5}, {T}: Create a 1/1 colorless Insect artifact creature token with flying named Wasp. (It can not be blocked except by creatures with flying or reach.)"
324,Kraken's Eye,24.64034257200001,False,"No terminal matches ',' in the current parser context, at line 1 col 37

Whenever a player casts a blue spell, you may gain 1 life.
                                    ^
Expected one of: 
	* WORD
	* DASH
","Whenever a player casts a blue spell, you may gain 1 life."
325,Icy Manipulator,84.7869943579999,False,"No terminal matches 'T' in the current parser context, at line 1 col 11

{1}, {T}: Tap target artifact, creature, or land.
          ^
Expected one of: 
	* OTHERWISE
	* MELD
	* BEEN
	* LOSE
	* REMOVE
	* SHUFFLED
	* __ANON_17
	* TAPPEDSTATUSMODIFIER
	* ONTO
	* IN
	* TAP
	* OBJECTCHARACTERISTIC
	* SPEND
	* ADD
	* TAKE
	* FROM
	* TURN
	* ATTACH
	* DETAIN
	* CONTROL
	* AFTER
	* DISCARD
	* CREATE
	* ADAPT
	* THAT
	* INTO
	* __ANON_20
	* MONSTROSITY
	* DOUBLE
	* THEM
	* ANY
	* SUBTYPECREATUREA
	* ALL
	* WITH
	* THEN
	* MILL
	* AMASS
	* PLAY
	* UNATTACH
	* EXPLORES
	* DIE
	* ORDINAL
	* COUNTER
	* SUBTYPELAND
	* CLASH
	* __ANON_15
	* YOUR
	* AT
	* WITHOUT
	* CHOSE
	* SUBTYPEENCHANTMENT
	* SCRY
	* DRAW
	* SAME
	* ACTIVATE
	* PROLIFERATE
	* CAST
	* BLOCK
	* IS
	* FIGHT
	* LEARN
	* GAINED
	* EXILE
	* UNDER
	* HERSELF
	* LOOK
	* SACRIFICED
	* INVESTIGATE
	* A
	* LBRACE
	* NO
	* SUBTYPECREATUREB
	* SEARCH
	* SKIP
	* ATTACK
	* BECOME
	* THEIR
	* FATESEAL
	* LESS
	* REGENERATE
	* SURVEIL
	* PLAYERCHARACTERISTIC
	* ABANDON
	* DOES
	* DISCOVER
	* SUBTYPEPLANESWALKER
	* ITSELF
	* UNTIL
	* CARDINAL
	* EXCHANGE
	* SUBTYPESPELL
	* DREW
	* DASH
	* ABILITYMODIFIER
	* TYPE
	* SUSPECT
	* FLIP
	* HAS
	* CONNIVE
	* UP
	* SUPPORT
	* AN
	* GAIN
	* STAR
	* X
	* NON
	* FREQUENCY
	* OTHER
	* __ANON_18
	* SWITCH
	* UNATTACHED
	* DO
	* WOULD
	* BOLSTER
	* CLOAK
	* ATTACHED
	* TRANSFORM
	* HIMSELF
	* REVEALED
	* CHOOSE
	* MANIFEST
	* NAMEREFSYMBOL
	* BLOCKED
	* SEARCHED
	* TARGET
	* BE
	* SUBTYPEARTIFACT
	* THIS
	* IT
	* WHEN
	* EFFECTSTATUSMODIFIER
	* WHENEVER
	* GOAD
	* PLAYED
	* POPULATE
	* AS
	* __ANON_14
	* GREATER
	* MAY
	* FOR
	* HAD
	* HAVE
	* MORE
	* NUMBER
	* PLAYERTERM
	* PAY
	* ABLE
	* ASSIGN
	* TAPSYMBOL
	* QUALIFIER
	* ONLY
	* COMBATSTATUSMODIFIER
	* ATTACKED
	* GET
	* SUBTYPEPLANAR
	* FORAGE
	* CAN
	* CYCLED
	* __ANON_21
	* PREVENT
	* KEYWORDSTATUSMODIFIER
	* RETURN
	* TIMES
	* PUT
	* ZONE
	* ITS
	* REVEAL
	* INCUBATE
	* ON
	* UNTAPSYMBOL
	* SHUFFLE
	* UNTAP
	* THOSE
	* WIN
	* DEAL
	* COLORTERM
	* EQUAL
	* WHILE
	* LOOKED
	* CYCLE
	* SUPERTYPE
	* LSQB
	* SACRIFICE
	* REMAIN
	* IF
	* EXERT
	* THESE
	* DESTROY
	* EACH
	* WHO
	* THE
	* LEVEL
	* ADDITIONAL
	* TURNED
	* CONVERT
	* DAMAGETYPE
	* __ANON_19
	* CONTROLLED
	* DISCARDED
","{1}, {T}: Tap target artifact, creature, or land."
326,Leonin Scimitar,24.815663989999848,False,"No terminal matches '+' in the current parser context, at line 1 col 24

Equipped creature gets +1/+1.
                       ^
Expected one of: 
	* WORD
	* DASH
","Equipped creature gets +1/+1.
Equip {1} ({1}: Attach to target creature you control. Equip only as a sorcery.)"
327,Jayemdae Tome,83.27328903300031,False,"No terminal matches 'D' in the current parser context, at line 1 col 11

{4}, {T}: Draw a card.
          ^
Expected one of: 
	* OTHERWISE
	* MELD
	* BEEN
	* LOSE
	* REMOVE
	* SHUFFLED
	* __ANON_17
	* TAPPEDSTATUSMODIFIER
	* ONTO
	* IN
	* TAP
	* OBJECTCHARACTERISTIC
	* SPEND
	* ADD
	* TAKE
	* FROM
	* TURN
	* ATTACH
	* DETAIN
	* CONTROL
	* AFTER
	* DISCARD
	* CREATE
	* ADAPT
	* THAT
	* INTO
	* __ANON_20
	* MONSTROSITY
	* DOUBLE
	* THEM
	* ANY
	* SUBTYPECREATUREA
	* ALL
	* WITH
	* THEN
	* MILL
	* AMASS
	* PLAY
	* UNATTACH
	* EXPLORES
	* DIE
	* ORDINAL
	* COUNTER
	* SUBTYPELAND
	* CLASH
	* __ANON_15
	* YOUR
	* AT
	* WITHOUT
	* CHOSE
	* SUBTYPEENCHANTMENT
	* SCRY
	* DRAW
	* SAME
	* ACTIVATE
	* PROLIFERATE
	* CAST
	* BLOCK
	* IS
	* FIGHT
	* LEARN
	* GAINED
	* EXILE
	* UNDER
	* HERSELF
	* LOOK
	* SACRIFICED
	* INVESTIGATE
	* A
	* LBRACE
	* NO
	* SUBTYPECREATUREB
	* SEARCH
	* SKIP
	* ATTACK
	* BECOME
	* THEIR
	* FATESEAL
	* LESS
	* REGENERATE
	* SURVEIL
	* PLAYERCHARACTERISTIC
	* ABANDON
	* DOES
	* DISCOVER
	* SUBTYPEPLANESWALKER
	* ITSELF
	* UNTIL
	* CARDINAL
	* EXCHANGE
	* SUBTYPESPELL
	* DREW
	* DASH
	* ABILITYMODIFIER
	* TYPE
	* SUSPECT
	* FLIP
	* HAS
	* CONNIVE
	* UP
	* SUPPORT
	* AN
	* GAIN
	* STAR
	* X
	* NON
	* FREQUENCY
	* OTHER
	* __ANON_18
	* SWITCH
	* UNATTACHED
	* DO
	* WOULD
	* BOLSTER
	* CLOAK
	* ATTACHED
	* TRANSFORM
	* HIMSELF
	* REVEALED
	* CHOOSE
	* MANIFEST
	* NAMEREFSYMBOL
	* BLOCKED
	* SEARCHED
	* TARGET
	* BE
	* SUBTYPEARTIFACT
	* THIS
	* IT
	* WHEN
	* EFFECTSTATUSMODIFIER
	* WHENEVER
	* GOAD
	* PLAYED
	* POPULATE
	* AS
	* __ANON_14
	* GREATER
	* MAY
	* FOR
	* HAD
	* HAVE
	* MORE
	* NUMBER
	* PLAYERTERM
	* PAY
	* ABLE
	* ASSIGN
	* TAPSYMBOL
	* QUALIFIER
	* ONLY
	* COMBATSTATUSMODIFIER
	* ATTACKED
	* GET
	* SUBTYPEPLANAR
	* FORAGE
	* CAN
	* CYCLED
	* __ANON_21
	* PREVENT
	* KEYWORDSTATUSMODIFIER
	* RETURN
	* TIMES
	* PUT
	* ZONE
	* ITS
	* REVEAL
	* INCUBATE
	* ON
	* UNTAPSYMBOL
	* SHUFFLE
	* UNTAP
	* THOSE
	* WIN
	* DEAL
	* COLORTERM
	* EQUAL
	* WHILE
	* LOOKED
	* CYCLE
	* SUPERTYPE
	* LSQB
	* SACRIFICE
	* REMAIN
	* IF
	* EXERT
	* THESE
	* DESTROY
	* EACH
	* WHO
	* THE
	* LEVEL
	* ADDITIONAL
	* TURNED
	* CONVERT
	* DAMAGETYPE
	* __ANON_19
	* CONTROLLED
	* DISCARDED
","{4}, {T}: Draw a card."
328,Loxodon Warhammer,24.56988738400014,False,"No terminal matches '+' in the current parser context, at line 1 col 24

Equipped creature gets +3/+0 and has trample and lifelink.
                       ^
Expected one of: 
	* WORD
	* DASH
","Equipped creature gets +3/+0 and has trample and lifelink.
Equip {3}"
329,Ornithopter,24.632825224000044,False,"Unexpected end-of-input. Expected one of: 
	* DASH
	* WORD
",Flying
330,Scion of the Wild,384.0054743809999,True,,~'s power and toughness are each equal to the number of creatures you control.
331,Mind Stone,47.44430228200008,False,"No terminal matches 'A' in the current parser context, at line 1 col 6

{T}: Add {C}.
     ^
Expected one of: 
	* OTHERWISE
	* MELD
	* BEEN
	* LOSE
	* REMOVE
	* SHUFFLED
	* __ANON_17
	* TAPPEDSTATUSMODIFIER
	* ONTO
	* IN
	* TAP
	* OBJECTCHARACTERISTIC
	* SPEND
	* ADD
	* TAKE
	* FROM
	* TURN
	* ATTACH
	* DETAIN
	* CONTROL
	* AFTER
	* DISCARD
	* CREATE
	* ADAPT
	* THAT
	* INTO
	* __ANON_20
	* MONSTROSITY
	* DOUBLE
	* THEM
	* ANY
	* SUBTYPECREATUREA
	* ALL
	* WITH
	* THEN
	* MILL
	* AMASS
	* PLAY
	* UNATTACH
	* EXPLORES
	* DIE
	* ORDINAL
	* COUNTER
	* SUBTYPELAND
	* CLASH
	* __ANON_15
	* YOUR
	* AT
	* WITHOUT
	* CHOSE
	* SUBTYPEENCHANTMENT
	* SCRY
	* DRAW
	* SAME
	* ACTIVATE
	* PROLIFERATE
	* CAST
	* BLOCK
	* IS
	* FIGHT
	* LEARN
	* GAINED
	* EXILE
	* UNDER
	* HERSELF
	* LOOK
	* SACRIFICED
	* INVESTIGATE
	* A
	* LBRACE
	* NO
	* SUBTYPECREATUREB
	* SEARCH
	* SKIP
	* ATTACK
	* BECOME
	* THEIR
	* FATESEAL
	* LESS
	* REGENERATE
	* SURVEIL
	* PLAYERCHARACTERISTIC
	* ABANDON
	* DOES
	* DISCOVER
	* SUBTYPEPLANESWALKER
	* ITSELF
	* UNTIL
	* CARDINAL
	* EXCHANGE
	* SUBTYPESPELL
	* DREW
	* DASH
	* ABILITYMODIFIER
	* TYPE
	* SUSPECT
	* FLIP
	* HAS
	* CONNIVE
	* UP
	* SUPPORT
	* AN
	* GAIN
	* STAR
	* X
	* NON
	* FREQUENCY
	* OTHER
	* __ANON_18
	* SWITCH
	* UNATTACHED
	* DO
	* WOULD
	* BOLSTER
	* CLOAK
	* ATTACHED
	* TRANSFORM
	* HIMSELF
	* REVEALED
	* CHOOSE
	* MANIFEST
	* NAMEREFSYMBOL
	* BLOCKED
	* SEARCHED
	* TARGET
	* BE
	* SUBTYPEARTIFACT
	* THIS
	* IT
	* WHEN
	* EFFECTSTATUSMODIFIER
	* WHENEVER
	* GOAD
	* PLAYED
	* POPULATE
	* AS
	* __ANON_14
	* GREATER
	* MAY
	* FOR
	* HAD
	* HAVE
	* MORE
	* NUMBER
	* PLAYERTERM
	* PAY
	* ABLE
	* ASSIGN
	* TAPSYMBOL
	* QUALIFIER
	* ONLY
	* COMBATSTATUSMODIFIER
	* ATTACKED
	* GET
	* SUBTYPEPLANAR
	* FORAGE
	* CAN
	* CYCLED
	* __ANON_21
	* PREVENT
	* KEYWORDSTATUSMODIFIER
	* RETURN
	* TIMES
	* PUT
	* ZONE
	* ITS
	* REVEAL
	* INCUBATE
	* ON
	* UNTAPSYMBOL
	* SHUFFLE
	* UNTAP
	* THOSE
	* WIN
	* DEAL
	* COLORTERM
	* EQUAL
	* WHILE
	* LOOKED
	* CYCLE
	* SUPERTYPE
	* LSQB
	* SACRIFICE
	* REMAIN
	* IF
	* EXERT
	* THESE
	* DESTROY
	* EACH
	* WHO
	* THE
	* LEVEL
	* ADDITIONAL
	* TURNED
	* CONVERT
	* DAMAGETYPE
	* __ANON_19
	* CONTROLLED
	* DISCARDED
","{T}: Add {C}.
{1}, {T}, Sacrifice ~: Draw a card."
332,Pithing Needle,24.799527339999713,False,"No terminal matches '~' in the current parser context, at line 1 col 4

As ~ enters, choose a card name.
   ^
Expected one of: 
	* WORD
	* DASH
","As ~ enters, choose a card name.
Activated abilities of sources with the chosen name can not be activated unless they are mana abilities."
333,Platinum Angel,22.924950393000017,False,"No terminal matches '.' in the current parser context, at line 2 col 66

 and your opponents can not win the game.
                                        ^
Expected one of: 
	* WORD
	* DASH
","Flying
You can not lose the game and your opponents can not win the game."
334,Razormane Masticore,24.833776078000028,False,"No terminal matches '(' in the current parser context, at line 1 col 14

First strike (This creature deals combat damage befor
             ^
Expected one of: 
	* WORD
	* DASH
","First strike (This creature deals combat damage before creatures without first strike.)
At the beginning of your upkeep, sacrifice ~ unless you discard a card.
At the beginning of your draw step, you may have ~ deal 3 damage to target creature."
335,Millstone,85.29789886300023,False,"No terminal matches 'T' in the current parser context, at line 1 col 11

{2}, {T}: Target player mills two cards.
          ^
Expected one of: 
	* OTHERWISE
	* MELD
	* BEEN
	* LOSE
	* REMOVE
	* SHUFFLED
	* __ANON_17
	* TAPPEDSTATUSMODIFIER
	* ONTO
	* IN
	* TAP
	* OBJECTCHARACTERISTIC
	* SPEND
	* ADD
	* TAKE
	* FROM
	* TURN
	* ATTACH
	* DETAIN
	* CONTROL
	* AFTER
	* DISCARD
	* CREATE
	* ADAPT
	* THAT
	* INTO
	* __ANON_20
	* MONSTROSITY
	* DOUBLE
	* THEM
	* ANY
	* SUBTYPECREATUREA
	* ALL
	* WITH
	* THEN
	* MILL
	* AMASS
	* PLAY
	* UNATTACH
	* EXPLORES
	* DIE
	* ORDINAL
	* COUNTER
	* SUBTYPELAND
	* CLASH
	* __ANON_15
	* YOUR
	* AT
	* WITHOUT
	* CHOSE
	* SUBTYPEENCHANTMENT
	* SCRY
	* DRAW
	* SAME
	* ACTIVATE
	* PROLIFERATE
	* CAST
	* BLOCK
	* IS
	* FIGHT
	* LEARN
	* GAINED
	* EXILE
	* UNDER
	* HERSELF
	* LOOK
	* SACRIFICED
	* INVESTIGATE
	* A
	* LBRACE
	* NO
	* SUBTYPECREATUREB
	* SEARCH
	* SKIP
	* ATTACK
	* BECOME
	* THEIR
	* FATESEAL
	* LESS
	* REGENERATE
	* SURVEIL
	* PLAYERCHARACTERISTIC
	* ABANDON
	* DOES
	* DISCOVER
	* SUBTYPEPLANESWALKER
	* ITSELF
	* UNTIL
	* CARDINAL
	* EXCHANGE
	* SUBTYPESPELL
	* DREW
	* DASH
	* ABILITYMODIFIER
	* TYPE
	* SUSPECT
	* FLIP
	* HAS
	* CONNIVE
	* UP
	* SUPPORT
	* AN
	* GAIN
	* STAR
	* X
	* NON
	* FREQUENCY
	* OTHER
	* __ANON_18
	* SWITCH
	* UNATTACHED
	* DO
	* WOULD
	* BOLSTER
	* CLOAK
	* ATTACHED
	* TRANSFORM
	* HIMSELF
	* REVEALED
	* CHOOSE
	* MANIFEST
	* NAMEREFSYMBOL
	* BLOCKED
	* SEARCHED
	* TARGET
	* BE
	* SUBTYPEARTIFACT
	* THIS
	* IT
	* WHEN
	* EFFECTSTATUSMODIFIER
	* WHENEVER
	* GOAD
	* PLAYED
	* POPULATE
	* AS
	* __ANON_14
	* GREATER
	* MAY
	* FOR
	* HAD
	* HAVE
	* MORE
	* NUMBER
	* PLAYERTERM
	* PAY
	* ABLE
	* ASSIGN
	* TAPSYMBOL
	* QUALIFIER
	* ONLY
	* COMBATSTATUSMODIFIER
	* ATTACKED
	* GET
	* SUBTYPEPLANAR
	* FORAGE
	* CAN
	* CYCLED
	* __ANON_21
	* PREVENT
	* KEYWORDSTATUSMODIFIER
	* RETURN
	* TIMES
	* PUT
	* ZONE
	* ITS
	* REVEAL
	* INCUBATE
	* ON
	* UNTAPSYMBOL
	* SHUFFLE
	* UNTAP
	* THOSE
	* WIN
	* DEAL
	* COLORTERM
	* EQUAL
	* WHILE
	* LOOKED
	* CYCLE
	* SUPERTYPE
	* LSQB
	* SACRIFICE
	* REMAIN
	* IF
	* EXERT
	* THESE
	* DESTROY
	* EACH
	* WHO
	* THE
	* LEVEL
	* ADDITIONAL
	* TURNED
	* CONVERT
	* DAMAGETYPE
	* __ANON_19
	* CONTROLLED
	* DISCARDED
","{2}, {T}: Target player mills two cards."
336,Phyrexian Vault,79.24791757999992,False,"No terminal matches 'S' in the current parser context, at line 1 col 11

{2}, {T}, Sacrifice a creature: Draw a card.
          ^
Expected one of: 
	* MELD
	* IN
	* SHUFFLED
	* LOSE
	* REMOVE
	* TAPPEDSTATUSMODIFIER
	* __ANON_17
	* ONTO
	* OBJECTCHARACTERISTIC
	* TAP
	* SPEND
	* ADD
	* TAKE
	* FROM
	* TURN
	* ATTACH
	* DETAIN
	* CONTROL
	* DISCARD
	* CREATE
	* ADAPT
	* THAT
	* INTO
	* __ANON_20
	* MONSTROSITY
	* DOUBLE
	* THEM
	* ANY
	* SUBTYPECREATUREA
	* ALL
	* WITH
	* AMASS
	* MILL
	* PLAY
	* UNATTACH
	* EXPLORES
	* DIE
	* COUNTER
	* ORDINAL
	* SUBTYPELAND
	* CLASH
	* __ANON_15
	* YOUR
	* WITHOUT
	* CHOSE
	* SUBTYPEENCHANTMENT
	* SCRY
	* DRAW
	* SAME
	* ACTIVATE
	* PROLIFERATE
	* CAST
	* BLOCK
	* LEARN
	* FIGHT
	* GAINED
	* EXILE
	* UNDER
	* HERSELF
	* LOOK
	* SACRIFICED
	* INVESTIGATE
	* A
	* NO
	* LBRACE
	* SUBTYPECREATUREB
	* SEARCH
	* SKIP
	* ATTACK
	* THEIR
	* FATESEAL
	* LESS
	* REGENERATE
	* SURVEIL
	* PLAYERCHARACTERISTIC
	* ABANDON
	* DISCOVER
	* SUBTYPEPLANESWALKER
	* ITSELF
	* EXCHANGE
	* CARDINAL
	* SUBTYPESPELL
	* DREW
	* ABILITYMODIFIER
	* TYPE
	* SUSPECT
	* FLIP
	* CONNIVE
	* SUPPORT
	* UP
	* AN
	* GAIN
	* STAR
	* X
	* NON
	* FREQUENCY
	* OTHER
	* __ANON_18
	* SWITCH
	* UNATTACHED
	* CLOAK
	* BOLSTER
	* ATTACHED
	* TRANSFORM
	* REVEALED
	* HIMSELF
	* CHOOSE
	* MANIFEST
	* BLOCKED
	* NAMEREFSYMBOL
	* SEARCHED
	* TARGET
	* SUBTYPEARTIFACT
	* THIS
	* IT
	* EFFECTSTATUSMODIFIER
	* GOAD
	* PLAYED
	* POPULATE
	* __ANON_14
	* GREATER
	* MORE
	* NUMBER
	* PLAYERTERM
	* PAY
	* ABLE
	* ASSIGN
	* TAPSYMBOL
	* QUALIFIER
	* ONLY
	* COMBATSTATUSMODIFIER
	* ATTACKED
	* GET
	* SUBTYPEPLANAR
	* FORAGE
	* CYCLED
	* __ANON_21
	* PREVENT
	* KEYWORDSTATUSMODIFIER
	* RETURN
	* TIMES
	* PUT
	* ZONE
	* ITS
	* REVEAL
	* INCUBATE
	* ON
	* UNTAPSYMBOL
	* SHUFFLE
	* UNTAP
	* THOSE
	* WIN
	* DEAL
	* COLORTERM
	* EQUAL
	* LOOKED
	* CYCLE
	* SUPERTYPE
	* LSQB
	* SACRIFICE
	* REMAIN
	* EXERT
	* EACH
	* THESE
	* DESTROY
	* WHO
	* ADDITIONAL
	* THE
	* LEVEL
	* TURNED
	* CONVERT
	* DAMAGETYPE
	* __ANON_19
	* CONTROLLED
	* DISCARDED
","{2}, {T}, Sacrifice a creature: Draw a card."
337,Sculpting Steel,24.818504249999933,False,"No terminal matches '~' in the current parser context, at line 1 col 14

You may have ~ enter as a copy of any artifact on the
             ^
Expected one of: 
	* WORD
	* DASH
",You may have ~ enter as a copy of any artifact on the battlefield.
338,Spellbook,24.75238209400004,False,"No terminal matches '.' in the current parser context, at line 1 col 30

You have no maximum hand size.
                             ^
Expected one of: 
	* WORD
	* DASH
",You have no maximum hand size.
339,Steel Golem,24.80669423399968,False,"No terminal matches '.' in the current parser context, at line 1 col 33

You can not cast creature spells.
                                ^
Expected one of: 
	* WORD
	* DASH
",You can not cast creature spells.
340,Whispersilk Cloak,24.246667028000047,False,"No terminal matches '.' in the current parser context, at line 1 col 52

eature can not be blocked and has shroud. (It can not be the target of spells or
                                        ^
Expected one of: 
	* WORD
	* DASH
","Equipped creature can not be blocked and has shroud. (It can not be the target of spells or abilities.)
Equip {2}"
341,Legacy Weapon,147.96981746300025,False,"No terminal matches 'E' in the current parser context, at line 1 col 18

{W}{U}{B}{R}{G}: Exile target permanent.
                 ^
Expected one of: 
	* OTHERWISE
	* MELD
	* BEEN
	* LOSE
	* REMOVE
	* SHUFFLED
	* __ANON_17
	* TAPPEDSTATUSMODIFIER
	* ONTO
	* IN
	* TAP
	* OBJECTCHARACTERISTIC
	* SPEND
	* ADD
	* TAKE
	* FROM
	* TURN
	* ATTACH
	* DETAIN
	* CONTROL
	* AFTER
	* DISCARD
	* CREATE
	* ADAPT
	* THAT
	* INTO
	* __ANON_20
	* MONSTROSITY
	* DOUBLE
	* THEM
	* ANY
	* SUBTYPECREATUREA
	* ALL
	* WITH
	* THEN
	* MILL
	* AMASS
	* PLAY
	* UNATTACH
	* EXPLORES
	* DIE
	* ORDINAL
	* COUNTER
	* SUBTYPELAND
	* CLASH
	* __ANON_15
	* YOUR
	* AT
	* WITHOUT
	* CHOSE
	* SUBTYPEENCHANTMENT
	* SCRY
	* DRAW
	* SAME
	* ACTIVATE
	* PROLIFERATE
	* CAST
	* BLOCK
	* IS
	* FIGHT
	* LEARN
	* GAINED
	* EXILE
	* UNDER
	* HERSELF
	* LOOK
	* SACRIFICED
	* INVESTIGATE
	* A
	* LBRACE
	* NO
	* SUBTYPECREATUREB
	* SEARCH
	* SKIP
	* ATTACK
	* BECOME
	* THEIR
	* FATESEAL
	* LESS
	* REGENERATE
	* SURVEIL
	* PLAYERCHARACTERISTIC
	* ABANDON
	* DOES
	* DISCOVER
	* SUBTYPEPLANESWALKER
	* ITSELF
	* UNTIL
	* CARDINAL
	* EXCHANGE
	* SUBTYPESPELL
	* DREW
	* DASH
	* ABILITYMODIFIER
	* TYPE
	* SUSPECT
	* FLIP
	* HAS
	* CONNIVE
	* UP
	* SUPPORT
	* AN
	* GAIN
	* STAR
	* X
	* NON
	* FREQUENCY
	* OTHER
	* __ANON_18
	* SWITCH
	* UNATTACHED
	* DO
	* WOULD
	* BOLSTER
	* CLOAK
	* ATTACHED
	* TRANSFORM
	* HIMSELF
	* REVEALED
	* CHOOSE
	* MANIFEST
	* NAMEREFSYMBOL
	* BLOCKED
	* SEARCHED
	* TARGET
	* BE
	* SUBTYPEARTIFACT
	* THIS
	* IT
	* WHEN
	* EFFECTSTATUSMODIFIER
	* WHENEVER
	* GOAD
	* PLAYED
	* POPULATE
	* AS
	* __ANON_14
	* GREATER
	* MAY
	* FOR
	* HAD
	* HAVE
	* MORE
	* NUMBER
	* PLAYERTERM
	* PAY
	* ABLE
	* ASSIGN
	* TAPSYMBOL
	* QUALIFIER
	* ONLY
	* COMBATSTATUSMODIFIER
	* ATTACKED
	* GET
	* SUBTYPEPLANAR
	* FORAGE
	* CAN
	* CYCLED
	* __ANON_21
	* PREVENT
	* KEYWORDSTATUSMODIFIER
	* RETURN
	* TIMES
	* PUT
	* ZONE
	* ITS
	* REVEAL
	* INCUBATE
	* ON
	* UNTAPSYMBOL
	* SHUFFLE
	* UNTAP
	* THOSE
	* WIN
	* DEAL
	* COLORTERM
	* EQUAL
	* WHILE
	* LOOKED
	* CYCLE
	* SUPERTYPE
	* LSQB
	* SACRIFICE
	* REMAIN
	* IF
	* EXERT
	* THESE
	* DESTROY
	* EACH
	* WHO
	* THE
	* LEVEL
	* ADDITIONAL
	* TURNED
	* CONVERT
	* DAMAGETYPE
	* __ANON_19
	* CONTROLLED
	* DISCARDED
","{W}{U}{B}{R}{G}: Exile target permanent.
If ~ would be put into a graveyard from anywhere, reveal ~ and shuffle it into its owner's library instead."
342,Wurm's Tooth,23.119654424000146,False,"No terminal matches ',' in the current parser context, at line 1 col 38

Whenever a player casts a green spell, you may gain 1 life.
                                     ^
Expected one of: 
	* WORD
	* DASH
","Whenever a player casts a green spell, you may gain 1 life."
343,Adarkar Wastes,47.016676491,False,"No terminal matches 'A' in the current parser context, at line 1 col 6

{T}: Add {C}.
     ^
Expected one of: 
	* OTHERWISE
	* MELD
	* BEEN
	* LOSE
	* REMOVE
	* SHUFFLED
	* __ANON_17
	* TAPPEDSTATUSMODIFIER
	* ONTO
	* IN
	* TAP
	* OBJECTCHARACTERISTIC
	* SPEND
	* ADD
	* TAKE
	* FROM
	* TURN
	* ATTACH
	* DETAIN
	* CONTROL
	* AFTER
	* DISCARD
	* CREATE
	* ADAPT
	* THAT
	* INTO
	* __ANON_20
	* MONSTROSITY
	* DOUBLE
	* THEM
	* ANY
	* SUBTYPECREATUREA
	* ALL
	* WITH
	* THEN
	* MILL
	* AMASS
	* PLAY
	* UNATTACH
	* EXPLORES
	* DIE
	* ORDINAL
	* COUNTER
	* SUBTYPELAND
	* CLASH
	* __ANON_15
	* YOUR
	* AT
	* WITHOUT
	* CHOSE
	* SUBTYPEENCHANTMENT
	* SCRY
	* DRAW
	* SAME
	* ACTIVATE
	* PROLIFERATE
	* CAST
	* BLOCK
	* IS
	* FIGHT
	* LEARN
	* GAINED
	* EXILE
	* UNDER
	* HERSELF
	* LOOK
	* SACRIFICED
	* INVESTIGATE
	* A
	* LBRACE
	* NO
	* SUBTYPECREATUREB
	* SEARCH
	* SKIP
	* ATTACK
	* BECOME
	* THEIR
	* FATESEAL
	* LESS
	* REGENERATE
	* SURVEIL
	* PLAYERCHARACTERISTIC
	* ABANDON
	* DOES
	* DISCOVER
	* SUBTYPEPLANESWALKER
	* ITSELF
	* UNTIL
	* CARDINAL
	* EXCHANGE
	* SUBTYPESPELL
	* DREW
	* DASH
	* ABILITYMODIFIER
	* TYPE
	* SUSPECT
	* FLIP
	* HAS
	* CONNIVE
	* UP
	* SUPPORT
	* AN
	* GAIN
	* STAR
	* X
	* NON
	* FREQUENCY
	* OTHER
	* __ANON_18
	* SWITCH
	* UNATTACHED
	* DO
	* WOULD
	* BOLSTER
	* CLOAK
	* ATTACHED
	* TRANSFORM
	* HIMSELF
	* REVEALED
	* CHOOSE
	* MANIFEST
	* NAMEREFSYMBOL
	* BLOCKED
	* SEARCHED
	* TARGET
	* BE
	* SUBTYPEARTIFACT
	* THIS
	* IT
	* WHEN
	* EFFECTSTATUSMODIFIER
	* WHENEVER
	* GOAD
	* PLAYED
	* POPULATE
	* AS
	* __ANON_14
	* GREATER
	* MAY
	* FOR
	* HAD
	* HAVE
	* MORE
	* NUMBER
	* PLAYERTERM
	* PAY
	* ABLE
	* ASSIGN
	* TAPSYMBOL
	* QUALIFIER
	* ONLY
	* COMBATSTATUSMODIFIER
	* ATTACKED
	* GET
	* SUBTYPEPLANAR
	* FORAGE
	* CAN
	* CYCLED
	* __ANON_21
	* PREVENT
	* KEYWORDSTATUSMODIFIER
	* RETURN
	* TIMES
	* PUT
	* ZONE
	* ITS
	* REVEAL
	* INCUBATE
	* ON
	* UNTAPSYMBOL
	* SHUFFLE
	* UNTAP
	* THOSE
	* WIN
	* DEAL
	* COLORTERM
	* EQUAL
	* WHILE
	* LOOKED
	* CYCLE
	* SUPERTYPE
	* LSQB
	* SACRIFICE
	* REMAIN
	* IF
	* EXERT
	* THESE
	* DESTROY
	* EACH
	* WHO
	* THE
	* LEVEL
	* ADDITIONAL
	* TURNED
	* CONVERT
	* DAMAGETYPE
	* __ANON_19
	* CONTROLLED
	* DISCARDED
","{T}: Add {C}.
{T}: Add {W} or {U}. ~ deals 1 damage to you."
344,Battlefield Forge,47.509626327000205,False,"No terminal matches 'A' in the current parser context, at line 1 col 6

{T}: Add {C}.
     ^
Expected one of: 
	* OTHERWISE
	* MELD
	* BEEN
	* LOSE
	* REMOVE
	* SHUFFLED
	* __ANON_17
	* TAPPEDSTATUSMODIFIER
	* ONTO
	* IN
	* TAP
	* OBJECTCHARACTERISTIC
	* SPEND
	* ADD
	* TAKE
	* FROM
	* TURN
	* ATTACH
	* DETAIN
	* CONTROL
	* AFTER
	* DISCARD
	* CREATE
	* ADAPT
	* THAT
	* INTO
	* __ANON_20
	* MONSTROSITY
	* DOUBLE
	* THEM
	* ANY
	* SUBTYPECREATUREA
	* ALL
	* WITH
	* THEN
	* MILL
	* AMASS
	* PLAY
	* UNATTACH
	* EXPLORES
	* DIE
	* ORDINAL
	* COUNTER
	* SUBTYPELAND
	* CLASH
	* __ANON_15
	* YOUR
	* AT
	* WITHOUT
	* CHOSE
	* SUBTYPEENCHANTMENT
	* SCRY
	* DRAW
	* SAME
	* ACTIVATE
	* PROLIFERATE
	* CAST
	* BLOCK
	* IS
	* FIGHT
	* LEARN
	* GAINED
	* EXILE
	* UNDER
	* HERSELF
	* LOOK
	* SACRIFICED
	* INVESTIGATE
	* A
	* LBRACE
	* NO
	* SUBTYPECREATUREB
	* SEARCH
	* SKIP
	* ATTACK
	* BECOME
	* THEIR
	* FATESEAL
	* LESS
	* REGENERATE
	* SURVEIL
	* PLAYERCHARACTERISTIC
	* ABANDON
	* DOES
	* DISCOVER
	* SUBTYPEPLANESWALKER
	* ITSELF
	* UNTIL
	* CARDINAL
	* EXCHANGE
	* SUBTYPESPELL
	* DREW
	* DASH
	* ABILITYMODIFIER
	* TYPE
	* SUSPECT
	* FLIP
	* HAS
	* CONNIVE
	* UP
	* SUPPORT
	* AN
	* GAIN
	* STAR
	* X
	* NON
	* FREQUENCY
	* OTHER
	* __ANON_18
	* SWITCH
	* UNATTACHED
	* DO
	* WOULD
	* BOLSTER
	* CLOAK
	* ATTACHED
	* TRANSFORM
	* HIMSELF
	* REVEALED
	* CHOOSE
	* MANIFEST
	* NAMEREFSYMBOL
	* BLOCKED
	* SEARCHED
	* TARGET
	* BE
	* SUBTYPEARTIFACT
	* THIS
	* IT
	* WHEN
	* EFFECTSTATUSMODIFIER
	* WHENEVER
	* GOAD
	* PLAYED
	* POPULATE
	* AS
	* __ANON_14
	* GREATER
	* MAY
	* FOR
	* HAD
	* HAVE
	* MORE
	* NUMBER
	* PLAYERTERM
	* PAY
	* ABLE
	* ASSIGN
	* TAPSYMBOL
	* QUALIFIER
	* ONLY
	* COMBATSTATUSMODIFIER
	* ATTACKED
	* GET
	* SUBTYPEPLANAR
	* FORAGE
	* CAN
	* CYCLED
	* __ANON_21
	* PREVENT
	* KEYWORDSTATUSMODIFIER
	* RETURN
	* TIMES
	* PUT
	* ZONE
	* ITS
	* REVEAL
	* INCUBATE
	* ON
	* UNTAPSYMBOL
	* SHUFFLE
	* UNTAP
	* THOSE
	* WIN
	* DEAL
	* COLORTERM
	* EQUAL
	* WHILE
	* LOOKED
	* CYCLE
	* SUPERTYPE
	* LSQB
	* SACRIFICE
	* REMAIN
	* IF
	* EXERT
	* THESE
	* DESTROY
	* EACH
	* WHO
	* THE
	* LEVEL
	* ADDITIONAL
	* TURNED
	* CONVERT
	* DAMAGETYPE
	* __ANON_19
	* CONTROLLED
	* DISCARDED
","{T}: Add {C}.
{T}: Add {R} or {W}. ~ deals 1 damage to you."
345,Brushland,46.448837132000335,False,"No terminal matches 'A' in the current parser context, at line 1 col 6

{T}: Add {C}.
     ^
Expected one of: 
	* OTHERWISE
	* MELD
	* BEEN
	* LOSE
	* REMOVE
	* SHUFFLED
	* __ANON_17
	* TAPPEDSTATUSMODIFIER
	* ONTO
	* IN
	* TAP
	* OBJECTCHARACTERISTIC
	* SPEND
	* ADD
	* TAKE
	* FROM
	* TURN
	* ATTACH
	* DETAIN
	* CONTROL
	* AFTER
	* DISCARD
	* CREATE
	* ADAPT
	* THAT
	* INTO
	* __ANON_20
	* MONSTROSITY
	* DOUBLE
	* THEM
	* ANY
	* SUBTYPECREATUREA
	* ALL
	* WITH
	* THEN
	* MILL
	* AMASS
	* PLAY
	* UNATTACH
	* EXPLORES
	* DIE
	* ORDINAL
	* COUNTER
	* SUBTYPELAND
	* CLASH
	* __ANON_15
	* YOUR
	* AT
	* WITHOUT
	* CHOSE
	* SUBTYPEENCHANTMENT
	* SCRY
	* DRAW
	* SAME
	* ACTIVATE
	* PROLIFERATE
	* CAST
	* BLOCK
	* IS
	* FIGHT
	* LEARN
	* GAINED
	* EXILE
	* UNDER
	* HERSELF
	* LOOK
	* SACRIFICED
	* INVESTIGATE
	* A
	* LBRACE
	* NO
	* SUBTYPECREATUREB
	* SEARCH
	* SKIP
	* ATTACK
	* BECOME
	* THEIR
	* FATESEAL
	* LESS
	* REGENERATE
	* SURVEIL
	* PLAYERCHARACTERISTIC
	* ABANDON
	* DOES
	* DISCOVER
	* SUBTYPEPLANESWALKER
	* ITSELF
	* UNTIL
	* CARDINAL
	* EXCHANGE
	* SUBTYPESPELL
	* DREW
	* DASH
	* ABILITYMODIFIER
	* TYPE
	* SUSPECT
	* FLIP
	* HAS
	* CONNIVE
	* UP
	* SUPPORT
	* AN
	* GAIN
	* STAR
	* X
	* NON
	* FREQUENCY
	* OTHER
	* __ANON_18
	* SWITCH
	* UNATTACHED
	* DO
	* WOULD
	* BOLSTER
	* CLOAK
	* ATTACHED
	* TRANSFORM
	* HIMSELF
	* REVEALED
	* CHOOSE
	* MANIFEST
	* NAMEREFSYMBOL
	* BLOCKED
	* SEARCHED
	* TARGET
	* BE
	* SUBTYPEARTIFACT
	* THIS
	* IT
	* WHEN
	* EFFECTSTATUSMODIFIER
	* WHENEVER
	* GOAD
	* PLAYED
	* POPULATE
	* AS
	* __ANON_14
	* GREATER
	* MAY
	* FOR
	* HAD
	* HAVE
	* MORE
	* NUMBER
	* PLAYERTERM
	* PAY
	* ABLE
	* ASSIGN
	* TAPSYMBOL
	* QUALIFIER
	* ONLY
	* COMBATSTATUSMODIFIER
	* ATTACKED
	* GET
	* SUBTYPEPLANAR
	* FORAGE
	* CAN
	* CYCLED
	* __ANON_21
	* PREVENT
	* KEYWORDSTATUSMODIFIER
	* RETURN
	* TIMES
	* PUT
	* ZONE
	* ITS
	* REVEAL
	* INCUBATE
	* ON
	* UNTAPSYMBOL
	* SHUFFLE
	* UNTAP
	* THOSE
	* WIN
	* DEAL
	* COLORTERM
	* EQUAL
	* WHILE
	* LOOKED
	* CYCLE
	* SUPERTYPE
	* LSQB
	* SACRIFICE
	* REMAIN
	* IF
	* EXERT
	* THESE
	* DESTROY
	* EACH
	* WHO
	* THE
	* LEVEL
	* ADDITIONAL
	* TURNED
	* CONVERT
	* DAMAGETYPE
	* __ANON_19
	* CONTROLLED
	* DISCARDED
","{T}: Add {C}.
{T}: Add {G} or {W}. ~ deals 1 damage to you."
346,Caves of Koilos,47.03275403199996,False,"No terminal matches 'A' in the current parser context, at line 1 col 6

{T}: Add {C}.
     ^
Expected one of: 
	* OTHERWISE
	* MELD
	* BEEN
	* LOSE
	* REMOVE
	* SHUFFLED
	* __ANON_17
	* TAPPEDSTATUSMODIFIER
	* ONTO
	* IN
	* TAP
	* OBJECTCHARACTERISTIC
	* SPEND
	* ADD
	* TAKE
	* FROM
	* TURN
	* ATTACH
	* DETAIN
	* CONTROL
	* AFTER
	* DISCARD
	* CREATE
	* ADAPT
	* THAT
	* INTO
	* __ANON_20
	* MONSTROSITY
	* DOUBLE
	* THEM
	* ANY
	* SUBTYPECREATUREA
	* ALL
	* WITH
	* THEN
	* MILL
	* AMASS
	* PLAY
	* UNATTACH
	* EXPLORES
	* DIE
	* ORDINAL
	* COUNTER
	* SUBTYPELAND
	* CLASH
	* __ANON_15
	* YOUR
	* AT
	* WITHOUT
	* CHOSE
	* SUBTYPEENCHANTMENT
	* SCRY
	* DRAW
	* SAME
	* ACTIVATE
	* PROLIFERATE
	* CAST
	* BLOCK
	* IS
	* FIGHT
	* LEARN
	* GAINED
	* EXILE
	* UNDER
	* HERSELF
	* LOOK
	* SACRIFICED
	* INVESTIGATE
	* A
	* LBRACE
	* NO
	* SUBTYPECREATUREB
	* SEARCH
	* SKIP
	* ATTACK
	* BECOME
	* THEIR
	* FATESEAL
	* LESS
	* REGENERATE
	* SURVEIL
	* PLAYERCHARACTERISTIC
	* ABANDON
	* DOES
	* DISCOVER
	* SUBTYPEPLANESWALKER
	* ITSELF
	* UNTIL
	* CARDINAL
	* EXCHANGE
	* SUBTYPESPELL
	* DREW
	* DASH
	* ABILITYMODIFIER
	* TYPE
	* SUSPECT
	* FLIP
	* HAS
	* CONNIVE
	* UP
	* SUPPORT
	* AN
	* GAIN
	* STAR
	* X
	* NON
	* FREQUENCY
	* OTHER
	* __ANON_18
	* SWITCH
	* UNATTACHED
	* DO
	* WOULD
	* BOLSTER
	* CLOAK
	* ATTACHED
	* TRANSFORM
	* HIMSELF
	* REVEALED
	* CHOOSE
	* MANIFEST
	* NAMEREFSYMBOL
	* BLOCKED
	* SEARCHED
	* TARGET
	* BE
	* SUBTYPEARTIFACT
	* THIS
	* IT
	* WHEN
	* EFFECTSTATUSMODIFIER
	* WHENEVER
	* GOAD
	* PLAYED
	* POPULATE
	* AS
	* __ANON_14
	* GREATER
	* MAY
	* FOR
	* HAD
	* HAVE
	* MORE
	* NUMBER
	* PLAYERTERM
	* PAY
	* ABLE
	* ASSIGN
	* TAPSYMBOL
	* QUALIFIER
	* ONLY
	* COMBATSTATUSMODIFIER
	* ATTACKED
	* GET
	* SUBTYPEPLANAR
	* FORAGE
	* CAN
	* CYCLED
	* __ANON_21
	* PREVENT
	* KEYWORDSTATUSMODIFIER
	* RETURN
	* TIMES
	* PUT
	* ZONE
	* ITS
	* REVEAL
	* INCUBATE
	* ON
	* UNTAPSYMBOL
	* SHUFFLE
	* UNTAP
	* THOSE
	* WIN
	* DEAL
	* COLORTERM
	* EQUAL
	* WHILE
	* LOOKED
	* CYCLE
	* SUPERTYPE
	* LSQB
	* SACRIFICE
	* REMAIN
	* IF
	* EXERT
	* THESE
	* DESTROY
	* EACH
	* WHO
	* THE
	* LEVEL
	* ADDITIONAL
	* TURNED
	* CONVERT
	* DAMAGETYPE
	* __ANON_19
	* CONTROLLED
	* DISCARDED
","{T}: Add {C}.
{T}: Add {W} or {B}. ~ deals 1 damage to you."
347,Karplusan Forest,45.97119995100002,False,"No terminal matches 'A' in the current parser context, at line 1 col 6

{T}: Add {C}.
     ^
Expected one of: 
	* OTHERWISE
	* MELD
	* BEEN
	* LOSE
	* REMOVE
	* SHUFFLED
	* __ANON_17
	* TAPPEDSTATUSMODIFIER
	* ONTO
	* IN
	* TAP
	* OBJECTCHARACTERISTIC
	* SPEND
	* ADD
	* TAKE
	* FROM
	* TURN
	* ATTACH
	* DETAIN
	* CONTROL
	* AFTER
	* DISCARD
	* CREATE
	* ADAPT
	* THAT
	* INTO
	* __ANON_20
	* MONSTROSITY
	* DOUBLE
	* THEM
	* ANY
	* SUBTYPECREATUREA
	* ALL
	* WITH
	* THEN
	* MILL
	* AMASS
	* PLAY
	* UNATTACH
	* EXPLORES
	* DIE
	* ORDINAL
	* COUNTER
	* SUBTYPELAND
	* CLASH
	* __ANON_15
	* YOUR
	* AT
	* WITHOUT
	* CHOSE
	* SUBTYPEENCHANTMENT
	* SCRY
	* DRAW
	* SAME
	* ACTIVATE
	* PROLIFERATE
	* CAST
	* BLOCK
	* IS
	* FIGHT
	* LEARN
	* GAINED
	* EXILE
	* UNDER
	* HERSELF
	* LOOK
	* SACRIFICED
	* INVESTIGATE
	* A
	* LBRACE
	* NO
	* SUBTYPECREATUREB
	* SEARCH
	* SKIP
	* ATTACK
	* BECOME
	* THEIR
	* FATESEAL
	* LESS
	* REGENERATE
	* SURVEIL
	* PLAYERCHARACTERISTIC
	* ABANDON
	* DOES
	* DISCOVER
	* SUBTYPEPLANESWALKER
	* ITSELF
	* UNTIL
	* CARDINAL
	* EXCHANGE
	* SUBTYPESPELL
	* DREW
	* DASH
	* ABILITYMODIFIER
	* TYPE
	* SUSPECT
	* FLIP
	* HAS
	* CONNIVE
	* UP
	* SUPPORT
	* AN
	* GAIN
	* STAR
	* X
	* NON
	* FREQUENCY
	* OTHER
	* __ANON_18
	* SWITCH
	* UNATTACHED
	* DO
	* WOULD
	* BOLSTER
	* CLOAK
	* ATTACHED
	* TRANSFORM
	* HIMSELF
	* REVEALED
	* CHOOSE
	* MANIFEST
	* NAMEREFSYMBOL
	* BLOCKED
	* SEARCHED
	* TARGET
	* BE
	* SUBTYPEARTIFACT
	* THIS
	* IT
	* WHEN
	* EFFECTSTATUSMODIFIER
	* WHENEVER
	* GOAD
	* PLAYED
	* POPULATE
	* AS
	* __ANON_14
	* GREATER
	* MAY
	* FOR
	* HAD
	* HAVE
	* MORE
	* NUMBER
	* PLAYERTERM
	* PAY
	* ABLE
	* ASSIGN
	* TAPSYMBOL
	* QUALIFIER
	* ONLY
	* COMBATSTATUSMODIFIER
	* ATTACKED
	* GET
	* SUBTYPEPLANAR
	* FORAGE
	* CAN
	* CYCLED
	* __ANON_21
	* PREVENT
	* KEYWORDSTATUSMODIFIER
	* RETURN
	* TIMES
	* PUT
	* ZONE
	* ITS
	* REVEAL
	* INCUBATE
	* ON
	* UNTAPSYMBOL
	* SHUFFLE
	* UNTAP
	* THOSE
	* WIN
	* DEAL
	* COLORTERM
	* EQUAL
	* WHILE
	* LOOKED
	* CYCLE
	* SUPERTYPE
	* LSQB
	* SACRIFICE
	* REMAIN
	* IF
	* EXERT
	* THESE
	* DESTROY
	* EACH
	* WHO
	* THE
	* LEVEL
	* ADDITIONAL
	* TURNED
	* CONVERT
	* DAMAGETYPE
	* __ANON_19
	* CONTROLLED
	* DISCARDED
","{T}: Add {C}.
{T}: Add {R} or {G}. ~ deals 1 damage to you."
348,Llanowar Wastes,47.15285220199985,False,"No terminal matches 'A' in the current parser context, at line 1 col 6

{T}: Add {C}.
     ^
Expected one of: 
	* OTHERWISE
	* MELD
	* BEEN
	* LOSE
	* REMOVE
	* SHUFFLED
	* __ANON_17
	* TAPPEDSTATUSMODIFIER
	* ONTO
	* IN
	* TAP
	* OBJECTCHARACTERISTIC
	* SPEND
	* ADD
	* TAKE
	* FROM
	* TURN
	* ATTACH
	* DETAIN
	* CONTROL
	* AFTER
	* DISCARD
	* CREATE
	* ADAPT
	* THAT
	* INTO
	* __ANON_20
	* MONSTROSITY
	* DOUBLE
	* THEM
	* ANY
	* SUBTYPECREATUREA
	* ALL
	* WITH
	* THEN
	* MILL
	* AMASS
	* PLAY
	* UNATTACH
	* EXPLORES
	* DIE
	* ORDINAL
	* COUNTER
	* SUBTYPELAND
	* CLASH
	* __ANON_15
	* YOUR
	* AT
	* WITHOUT
	* CHOSE
	* SUBTYPEENCHANTMENT
	* SCRY
	* DRAW
	* SAME
	* ACTIVATE
	* PROLIFERATE
	* CAST
	* BLOCK
	* IS
	* FIGHT
	* LEARN
	* GAINED
	* EXILE
	* UNDER
	* HERSELF
	* LOOK
	* SACRIFICED
	* INVESTIGATE
	* A
	* LBRACE
	* NO
	* SUBTYPECREATUREB
	* SEARCH
	* SKIP
	* ATTACK
	* BECOME
	* THEIR
	* FATESEAL
	* LESS
	* REGENERATE
	* SURVEIL
	* PLAYERCHARACTERISTIC
	* ABANDON
	* DOES
	* DISCOVER
	* SUBTYPEPLANESWALKER
	* ITSELF
	* UNTIL
	* CARDINAL
	* EXCHANGE
	* SUBTYPESPELL
	* DREW
	* DASH
	* ABILITYMODIFIER
	* TYPE
	* SUSPECT
	* FLIP
	* HAS
	* CONNIVE
	* UP
	* SUPPORT
	* AN
	* GAIN
	* STAR
	* X
	* NON
	* FREQUENCY
	* OTHER
	* __ANON_18
	* SWITCH
	* UNATTACHED
	* DO
	* WOULD
	* BOLSTER
	* CLOAK
	* ATTACHED
	* TRANSFORM
	* HIMSELF
	* REVEALED
	* CHOOSE
	* MANIFEST
	* NAMEREFSYMBOL
	* BLOCKED
	* SEARCHED
	* TARGET
	* BE
	* SUBTYPEARTIFACT
	* THIS
	* IT
	* WHEN
	* EFFECTSTATUSMODIFIER
	* WHENEVER
	* GOAD
	* PLAYED
	* POPULATE
	* AS
	* __ANON_14
	* GREATER
	* MAY
	* FOR
	* HAD
	* HAVE
	* MORE
	* NUMBER
	* PLAYERTERM
	* PAY
	* ABLE
	* ASSIGN
	* TAPSYMBOL
	* QUALIFIER
	* ONLY
	* COMBATSTATUSMODIFIER
	* ATTACKED
	* GET
	* SUBTYPEPLANAR
	* FORAGE
	* CAN
	* CYCLED
	* __ANON_21
	* PREVENT
	* KEYWORDSTATUSMODIFIER
	* RETURN
	* TIMES
	* PUT
	* ZONE
	* ITS
	* REVEAL
	* INCUBATE
	* ON
	* UNTAPSYMBOL
	* SHUFFLE
	* UNTAP
	* THOSE
	* WIN
	* DEAL
	* COLORTERM
	* EQUAL
	* WHILE
	* LOOKED
	* CYCLE
	* SUPERTYPE
	* LSQB
	* SACRIFICE
	* REMAIN
	* IF
	* EXERT
	* THESE
	* DESTROY
	* EACH
	* WHO
	* THE
	* LEVEL
	* ADDITIONAL
	* TURNED
	* CONVERT
	* DAMAGETYPE
	* __ANON_19
	* CONTROLLED
	* DISCARDED
","{T}: Add {C}.
{T}: Add {B} or {G}. ~ deals 1 damage to you."
349,Juggernaut,321.3755579650001,False,"No terminal matches '.' in the current parser context, at line 2 col 30

~ can not be blocked by Walls.
                             ^
Expected one of: 
	* WORD
	* DASH
","~ attacks each combat if able.
~ can not be blocked by Walls."
350,Quicksand,46.08427009700017,False,"No terminal matches 'A' in the current parser context, at line 1 col 6

{T}: Add {C}.
     ^
Expected one of: 
	* OTHERWISE
	* MELD
	* BEEN
	* LOSE
	* REMOVE
	* SHUFFLED
	* __ANON_17
	* TAPPEDSTATUSMODIFIER
	* ONTO
	* IN
	* TAP
	* OBJECTCHARACTERISTIC
	* SPEND
	* ADD
	* TAKE
	* FROM
	* TURN
	* ATTACH
	* DETAIN
	* CONTROL
	* AFTER
	* DISCARD
	* CREATE
	* ADAPT
	* THAT
	* INTO
	* __ANON_20
	* MONSTROSITY
	* DOUBLE
	* THEM
	* ANY
	* SUBTYPECREATUREA
	* ALL
	* WITH
	* THEN
	* MILL
	* AMASS
	* PLAY
	* UNATTACH
	* EXPLORES
	* DIE
	* ORDINAL
	* COUNTER
	* SUBTYPELAND
	* CLASH
	* __ANON_15
	* YOUR
	* AT
	* WITHOUT
	* CHOSE
	* SUBTYPEENCHANTMENT
	* SCRY
	* DRAW
	* SAME
	* ACTIVATE
	* PROLIFERATE
	* CAST
	* BLOCK
	* IS
	* FIGHT
	* LEARN
	* GAINED
	* EXILE
	* UNDER
	* HERSELF
	* LOOK
	* SACRIFICED
	* INVESTIGATE
	* A
	* LBRACE
	* NO
	* SUBTYPECREATUREB
	* SEARCH
	* SKIP
	* ATTACK
	* BECOME
	* THEIR
	* FATESEAL
	* LESS
	* REGENERATE
	* SURVEIL
	* PLAYERCHARACTERISTIC
	* ABANDON
	* DOES
	* DISCOVER
	* SUBTYPEPLANESWALKER
	* ITSELF
	* UNTIL
	* CARDINAL
	* EXCHANGE
	* SUBTYPESPELL
	* DREW
	* DASH
	* ABILITYMODIFIER
	* TYPE
	* SUSPECT
	* FLIP
	* HAS
	* CONNIVE
	* UP
	* SUPPORT
	* AN
	* GAIN
	* STAR
	* X
	* NON
	* FREQUENCY
	* OTHER
	* __ANON_18
	* SWITCH
	* UNATTACHED
	* DO
	* WOULD
	* BOLSTER
	* CLOAK
	* ATTACHED
	* TRANSFORM
	* HIMSELF
	* REVEALED
	* CHOOSE
	* MANIFEST
	* NAMEREFSYMBOL
	* BLOCKED
	* SEARCHED
	* TARGET
	* BE
	* SUBTYPEARTIFACT
	* THIS
	* IT
	* WHEN
	* EFFECTSTATUSMODIFIER
	* WHENEVER
	* GOAD
	* PLAYED
	* POPULATE
	* AS
	* __ANON_14
	* GREATER
	* MAY
	* FOR
	* HAD
	* HAVE
	* MORE
	* NUMBER
	* PLAYERTERM
	* PAY
	* ABLE
	* ASSIGN
	* TAPSYMBOL
	* QUALIFIER
	* ONLY
	* COMBATSTATUSMODIFIER
	* ATTACKED
	* GET
	* SUBTYPEPLANAR
	* FORAGE
	* CAN
	* CYCLED
	* __ANON_21
	* PREVENT
	* KEYWORDSTATUSMODIFIER
	* RETURN
	* TIMES
	* PUT
	* ZONE
	* ITS
	* REVEAL
	* INCUBATE
	* ON
	* UNTAPSYMBOL
	* SHUFFLE
	* UNTAP
	* THOSE
	* WIN
	* DEAL
	* COLORTERM
	* EQUAL
	* WHILE
	* LOOKED
	* CYCLE
	* SUPERTYPE
	* LSQB
	* SACRIFICE
	* REMAIN
	* IF
	* EXERT
	* THESE
	* DESTROY
	* EACH
	* WHO
	* THE
	* LEVEL
	* ADDITIONAL
	* TURNED
	* CONVERT
	* DAMAGETYPE
	* __ANON_19
	* CONTROLLED
	* DISCARDED
","{T}: Add {C}.
{T}, Sacrifice ~: Target attacking creature without flying gets -1/-2 until end of turn."
351,Shivan Reef,47.70663909599989,False,"No terminal matches 'A' in the current parser context, at line 1 col 6

{T}: Add {C}.
     ^
Expected one of: 
	* OTHERWISE
	* MELD
	* BEEN
	* LOSE
	* REMOVE
	* SHUFFLED
	* __ANON_17
	* TAPPEDSTATUSMODIFIER
	* ONTO
	* IN
	* TAP
	* OBJECTCHARACTERISTIC
	* SPEND
	* ADD
	* TAKE
	* FROM
	* TURN
	* ATTACH
	* DETAIN
	* CONTROL
	* AFTER
	* DISCARD
	* CREATE
	* ADAPT
	* THAT
	* INTO
	* __ANON_20
	* MONSTROSITY
	* DOUBLE
	* THEM
	* ANY
	* SUBTYPECREATUREA
	* ALL
	* WITH
	* THEN
	* MILL
	* AMASS
	* PLAY
	* UNATTACH
	* EXPLORES
	* DIE
	* ORDINAL
	* COUNTER
	* SUBTYPELAND
	* CLASH
	* __ANON_15
	* YOUR
	* AT
	* WITHOUT
	* CHOSE
	* SUBTYPEENCHANTMENT
	* SCRY
	* DRAW
	* SAME
	* ACTIVATE
	* PROLIFERATE
	* CAST
	* BLOCK
	* IS
	* FIGHT
	* LEARN
	* GAINED
	* EXILE
	* UNDER
	* HERSELF
	* LOOK
	* SACRIFICED
	* INVESTIGATE
	* A
	* LBRACE
	* NO
	* SUBTYPECREATUREB
	* SEARCH
	* SKIP
	* ATTACK
	* BECOME
	* THEIR
	* FATESEAL
	* LESS
	* REGENERATE
	* SURVEIL
	* PLAYERCHARACTERISTIC
	* ABANDON
	* DOES
	* DISCOVER
	* SUBTYPEPLANESWALKER
	* ITSELF
	* UNTIL
	* CARDINAL
	* EXCHANGE
	* SUBTYPESPELL
	* DREW
	* DASH
	* ABILITYMODIFIER
	* TYPE
	* SUSPECT
	* FLIP
	* HAS
	* CONNIVE
	* UP
	* SUPPORT
	* AN
	* GAIN
	* STAR
	* X
	* NON
	* FREQUENCY
	* OTHER
	* __ANON_18
	* SWITCH
	* UNATTACHED
	* DO
	* WOULD
	* BOLSTER
	* CLOAK
	* ATTACHED
	* TRANSFORM
	* HIMSELF
	* REVEALED
	* CHOOSE
	* MANIFEST
	* NAMEREFSYMBOL
	* BLOCKED
	* SEARCHED
	* TARGET
	* BE
	* SUBTYPEARTIFACT
	* THIS
	* IT
	* WHEN
	* EFFECTSTATUSMODIFIER
	* WHENEVER
	* GOAD
	* PLAYED
	* POPULATE
	* AS
	* __ANON_14
	* GREATER
	* MAY
	* FOR
	* HAD
	* HAVE
	* MORE
	* NUMBER
	* PLAYERTERM
	* PAY
	* ABLE
	* ASSIGN
	* TAPSYMBOL
	* QUALIFIER
	* ONLY
	* COMBATSTATUSMODIFIER
	* ATTACKED
	* GET
	* SUBTYPEPLANAR
	* FORAGE
	* CAN
	* CYCLED
	* __ANON_21
	* PREVENT
	* KEYWORDSTATUSMODIFIER
	* RETURN
	* TIMES
	* PUT
	* ZONE
	* ITS
	* REVEAL
	* INCUBATE
	* ON
	* UNTAPSYMBOL
	* SHUFFLE
	* UNTAP
	* THOSE
	* WIN
	* DEAL
	* COLORTERM
	* EQUAL
	* WHILE
	* LOOKED
	* CYCLE
	* SUPERTYPE
	* LSQB
	* SACRIFICE
	* REMAIN
	* IF
	* EXERT
	* THESE
	* DESTROY
	* EACH
	* WHO
	* THE
	* LEVEL
	* ADDITIONAL
	* TURNED
	* CONVERT
	* DAMAGETYPE
	* __ANON_19
	* CONTROLLED
	* DISCARDED
","{T}: Add {C}.
{T}: Add {U} or {R}. ~ deals 1 damage to you."
352,Sulfurous Springs,46.042488274000334,False,"No terminal matches 'A' in the current parser context, at line 1 col 6

{T}: Add {C}.
     ^
Expected one of: 
	* OTHERWISE
	* MELD
	* BEEN
	* LOSE
	* REMOVE
	* SHUFFLED
	* __ANON_17
	* TAPPEDSTATUSMODIFIER
	* ONTO
	* IN
	* TAP
	* OBJECTCHARACTERISTIC
	* SPEND
	* ADD
	* TAKE
	* FROM
	* TURN
	* ATTACH
	* DETAIN
	* CONTROL
	* AFTER
	* DISCARD
	* CREATE
	* ADAPT
	* THAT
	* INTO
	* __ANON_20
	* MONSTROSITY
	* DOUBLE
	* THEM
	* ANY
	* SUBTYPECREATUREA
	* ALL
	* WITH
	* THEN
	* MILL
	* AMASS
	* PLAY
	* UNATTACH
	* EXPLORES
	* DIE
	* ORDINAL
	* COUNTER
	* SUBTYPELAND
	* CLASH
	* __ANON_15
	* YOUR
	* AT
	* WITHOUT
	* CHOSE
	* SUBTYPEENCHANTMENT
	* SCRY
	* DRAW
	* SAME
	* ACTIVATE
	* PROLIFERATE
	* CAST
	* BLOCK
	* IS
	* FIGHT
	* LEARN
	* GAINED
	* EXILE
	* UNDER
	* HERSELF
	* LOOK
	* SACRIFICED
	* INVESTIGATE
	* A
	* LBRACE
	* NO
	* SUBTYPECREATUREB
	* SEARCH
	* SKIP
	* ATTACK
	* BECOME
	* THEIR
	* FATESEAL
	* LESS
	* REGENERATE
	* SURVEIL
	* PLAYERCHARACTERISTIC
	* ABANDON
	* DOES
	* DISCOVER
	* SUBTYPEPLANESWALKER
	* ITSELF
	* UNTIL
	* CARDINAL
	* EXCHANGE
	* SUBTYPESPELL
	* DREW
	* DASH
	* ABILITYMODIFIER
	* TYPE
	* SUSPECT
	* FLIP
	* HAS
	* CONNIVE
	* UP
	* SUPPORT
	* AN
	* GAIN
	* STAR
	* X
	* NON
	* FREQUENCY
	* OTHER
	* __ANON_18
	* SWITCH
	* UNATTACHED
	* DO
	* WOULD
	* BOLSTER
	* CLOAK
	* ATTACHED
	* TRANSFORM
	* HIMSELF
	* REVEALED
	* CHOOSE
	* MANIFEST
	* NAMEREFSYMBOL
	* BLOCKED
	* SEARCHED
	* TARGET
	* BE
	* SUBTYPEARTIFACT
	* THIS
	* IT
	* WHEN
	* EFFECTSTATUSMODIFIER
	* WHENEVER
	* GOAD
	* PLAYED
	* POPULATE
	* AS
	* __ANON_14
	* GREATER
	* MAY
	* FOR
	* HAD
	* HAVE
	* MORE
	* NUMBER
	* PLAYERTERM
	* PAY
	* ABLE
	* ASSIGN
	* TAPSYMBOL
	* QUALIFIER
	* ONLY
	* COMBATSTATUSMODIFIER
	* ATTACKED
	* GET
	* SUBTYPEPLANAR
	* FORAGE
	* CAN
	* CYCLED
	* __ANON_21
	* PREVENT
	* KEYWORDSTATUSMODIFIER
	* RETURN
	* TIMES
	* PUT
	* ZONE
	* ITS
	* REVEAL
	* INCUBATE
	* ON
	* UNTAPSYMBOL
	* SHUFFLE
	* UNTAP
	* THOSE
	* WIN
	* DEAL
	* COLORTERM
	* EQUAL
	* WHILE
	* LOOKED
	* CYCLE
	* SUPERTYPE
	* LSQB
	* SACRIFICE
	* REMAIN
	* IF
	* EXERT
	* THESE
	* DESTROY
	* EACH
	* WHO
	* THE
	* LEVEL
	* ADDITIONAL
	* TURNED
	* CONVERT
	* DAMAGETYPE
	* __ANON_19
	* CONTROLLED
	* DISCARDED
","{T}: Add {C}.
{T}: Add {B} or {R}. ~ deals 1 damage to you."
353,Terramorphic Expanse,44.896663435999926,False,"No terminal matches 'S' in the current parser context, at line 1 col 6

{T}, Sacrifice ~: Search your library for a b
     ^
Expected one of: 
	* MELD
	* IN
	* SHUFFLED
	* LOSE
	* REMOVE
	* TAPPEDSTATUSMODIFIER
	* __ANON_17
	* ONTO
	* OBJECTCHARACTERISTIC
	* TAP
	* SPEND
	* ADD
	* TAKE
	* FROM
	* TURN
	* ATTACH
	* DETAIN
	* CONTROL
	* DISCARD
	* CREATE
	* ADAPT
	* THAT
	* INTO
	* __ANON_20
	* MONSTROSITY
	* DOUBLE
	* THEM
	* ANY
	* SUBTYPECREATUREA
	* ALL
	* WITH
	* AMASS
	* MILL
	* PLAY
	* UNATTACH
	* EXPLORES
	* DIE
	* COUNTER
	* ORDINAL
	* SUBTYPELAND
	* CLASH
	* __ANON_15
	* YOUR
	* WITHOUT
	* CHOSE
	* SUBTYPEENCHANTMENT
	* SCRY
	* DRAW
	* SAME
	* ACTIVATE
	* PROLIFERATE
	* CAST
	* BLOCK
	* LEARN
	* FIGHT
	* GAINED
	* EXILE
	* UNDER
	* HERSELF
	* LOOK
	* SACRIFICED
	* INVESTIGATE
	* A
	* NO
	* LBRACE
	* SUBTYPECREATUREB
	* SEARCH
	* SKIP
	* ATTACK
	* THEIR
	* FATESEAL
	* LESS
	* REGENERATE
	* SURVEIL
	* PLAYERCHARACTERISTIC
	* ABANDON
	* DISCOVER
	* SUBTYPEPLANESWALKER
	* ITSELF
	* EXCHANGE
	* CARDINAL
	* SUBTYPESPELL
	* DREW
	* ABILITYMODIFIER
	* TYPE
	* SUSPECT
	* FLIP
	* CONNIVE
	* SUPPORT
	* UP
	* AN
	* GAIN
	* STAR
	* X
	* NON
	* FREQUENCY
	* OTHER
	* __ANON_18
	* SWITCH
	* UNATTACHED
	* CLOAK
	* BOLSTER
	* ATTACHED
	* TRANSFORM
	* REVEALED
	* HIMSELF
	* CHOOSE
	* MANIFEST
	* BLOCKED
	* NAMEREFSYMBOL
	* SEARCHED
	* TARGET
	* SUBTYPEARTIFACT
	* THIS
	* IT
	* EFFECTSTATUSMODIFIER
	* GOAD
	* PLAYED
	* POPULATE
	* __ANON_14
	* GREATER
	* MORE
	* NUMBER
	* PLAYERTERM
	* PAY
	* ABLE
	* ASSIGN
	* TAPSYMBOL
	* QUALIFIER
	* ONLY
	* COMBATSTATUSMODIFIER
	* ATTACKED
	* GET
	* SUBTYPEPLANAR
	* FORAGE
	* CYCLED
	* __ANON_21
	* PREVENT
	* KEYWORDSTATUSMODIFIER
	* RETURN
	* TIMES
	* PUT
	* ZONE
	* ITS
	* REVEAL
	* INCUBATE
	* ON
	* UNTAPSYMBOL
	* SHUFFLE
	* UNTAP
	* THOSE
	* WIN
	* DEAL
	* COLORTERM
	* EQUAL
	* LOOKED
	* CYCLE
	* SUPERTYPE
	* LSQB
	* SACRIFICE
	* REMAIN
	* EXERT
	* EACH
	* THESE
	* DESTROY
	* WHO
	* ADDITIONAL
	* THE
	* LEVEL
	* TURNED
	* CONVERT
	* DAMAGETYPE
	* __ANON_19
	* CONTROLLED
	* DISCARDED
","{T}, Sacrifice ~: Search your library for a basic land card, put it onto the battlefield tapped, then shuffle."
354,Faerie Conclave,196.78006125399997,False,"No terminal matches 'A' in the current parser context, at line 2 col 6

{T}: Add {U}.
     ^
Expected one of: 
	* OTHERWISE
	* MELD
	* BEEN
	* LOSE
	* REMOVE
	* SHUFFLED
	* __ANON_17
	* TAPPEDSTATUSMODIFIER
	* ONTO
	* IN
	* TAP
	* OBJECTCHARACTERISTIC
	* SPEND
	* ADD
	* TAKE
	* FROM
	* TURN
	* ATTACH
	* DETAIN
	* CONTROL
	* AFTER
	* DISCARD
	* CREATE
	* ADAPT
	* THAT
	* INTO
	* __ANON_20
	* MONSTROSITY
	* DOUBLE
	* THEM
	* ANY
	* SUBTYPECREATUREA
	* ALL
	* WITH
	* THEN
	* MILL
	* AMASS
	* PLAY
	* UNATTACH
	* EXPLORES
	* DIE
	* ORDINAL
	* COUNTER
	* SUBTYPELAND
	* CLASH
	* __ANON_15
	* YOUR
	* AT
	* WITHOUT
	* CHOSE
	* SUBTYPEENCHANTMENT
	* SCRY
	* DRAW
	* SAME
	* ACTIVATE
	* PROLIFERATE
	* CAST
	* BLOCK
	* IS
	* FIGHT
	* LEARN
	* GAINED
	* EXILE
	* UNDER
	* HERSELF
	* LOOK
	* SACRIFICED
	* INVESTIGATE
	* A
	* LBRACE
	* NO
	* SUBTYPECREATUREB
	* SEARCH
	* SKIP
	* ATTACK
	* BECOME
	* THEIR
	* FATESEAL
	* LESS
	* REGENERATE
	* SURVEIL
	* PLAYERCHARACTERISTIC
	* ABANDON
	* DOES
	* DISCOVER
	* SUBTYPEPLANESWALKER
	* ITSELF
	* UNTIL
	* CARDINAL
	* EXCHANGE
	* SUBTYPESPELL
	* DREW
	* DASH
	* ABILITYMODIFIER
	* TYPE
	* SUSPECT
	* FLIP
	* HAS
	* CONNIVE
	* UP
	* SUPPORT
	* AN
	* GAIN
	* STAR
	* X
	* NON
	* FREQUENCY
	* OTHER
	* __ANON_18
	* SWITCH
	* UNATTACHED
	* DO
	* WOULD
	* BOLSTER
	* CLOAK
	* ATTACHED
	* TRANSFORM
	* HIMSELF
	* REVEALED
	* CHOOSE
	* MANIFEST
	* NAMEREFSYMBOL
	* BLOCKED
	* SEARCHED
	* TARGET
	* BE
	* SUBTYPEARTIFACT
	* THIS
	* IT
	* WHEN
	* EFFECTSTATUSMODIFIER
	* WHENEVER
	* GOAD
	* PLAYED
	* POPULATE
	* AS
	* __ANON_14
	* GREATER
	* MAY
	* FOR
	* HAD
	* HAVE
	* MORE
	* NUMBER
	* PLAYERTERM
	* PAY
	* ABLE
	* ASSIGN
	* TAPSYMBOL
	* QUALIFIER
	* ONLY
	* COMBATSTATUSMODIFIER
	* ATTACKED
	* GET
	* SUBTYPEPLANAR
	* FORAGE
	* CAN
	* CYCLED
	* __ANON_21
	* PREVENT
	* KEYWORDSTATUSMODIFIER
	* RETURN
	* TIMES
	* PUT
	* ZONE
	* ITS
	* REVEAL
	* INCUBATE
	* ON
	* UNTAPSYMBOL
	* SHUFFLE
	* UNTAP
	* THOSE
	* WIN
	* DEAL
	* COLORTERM
	* EQUAL
	* WHILE
	* LOOKED
	* CYCLE
	* SUPERTYPE
	* LSQB
	* SACRIFICE
	* REMAIN
	* IF
	* EXERT
	* THESE
	* DESTROY
	* EACH
	* WHO
	* THE
	* LEVEL
	* ADDITIONAL
	* TURNED
	* CONVERT
	* DAMAGETYPE
	* __ANON_19
	* CONTROLLED
	* DISCARDED
","~ enters tapped.
{T}: Add {U}.
{1}{U}: ~ becomes a 2/1 blue Faerie creature with flying until end of turn. it is still a land."
355,Forbidding Watchtower,197.897982039,False,"No terminal matches 'A' in the current parser context, at line 2 col 6

{T}: Add {W}.
     ^
Expected one of: 
	* OTHERWISE
	* MELD
	* BEEN
	* LOSE
	* REMOVE
	* SHUFFLED
	* __ANON_17
	* TAPPEDSTATUSMODIFIER
	* ONTO
	* IN
	* TAP
	* OBJECTCHARACTERISTIC
	* SPEND
	* ADD
	* TAKE
	* FROM
	* TURN
	* ATTACH
	* DETAIN
	* CONTROL
	* AFTER
	* DISCARD
	* CREATE
	* ADAPT
	* THAT
	* INTO
	* __ANON_20
	* MONSTROSITY
	* DOUBLE
	* THEM
	* ANY
	* SUBTYPECREATUREA
	* ALL
	* WITH
	* THEN
	* MILL
	* AMASS
	* PLAY
	* UNATTACH
	* EXPLORES
	* DIE
	* ORDINAL
	* COUNTER
	* SUBTYPELAND
	* CLASH
	* __ANON_15
	* YOUR
	* AT
	* WITHOUT
	* CHOSE
	* SUBTYPEENCHANTMENT
	* SCRY
	* DRAW
	* SAME
	* ACTIVATE
	* PROLIFERATE
	* CAST
	* BLOCK
	* IS
	* FIGHT
	* LEARN
	* GAINED
	* EXILE
	* UNDER
	* HERSELF
	* LOOK
	* SACRIFICED
	* INVESTIGATE
	* A
	* LBRACE
	* NO
	* SUBTYPECREATUREB
	* SEARCH
	* SKIP
	* ATTACK
	* BECOME
	* THEIR
	* FATESEAL
	* LESS
	* REGENERATE
	* SURVEIL
	* PLAYERCHARACTERISTIC
	* ABANDON
	* DOES
	* DISCOVER
	* SUBTYPEPLANESWALKER
	* ITSELF
	* UNTIL
	* CARDINAL
	* EXCHANGE
	* SUBTYPESPELL
	* DREW
	* DASH
	* ABILITYMODIFIER
	* TYPE
	* SUSPECT
	* FLIP
	* HAS
	* CONNIVE
	* UP
	* SUPPORT
	* AN
	* GAIN
	* STAR
	* X
	* NON
	* FREQUENCY
	* OTHER
	* __ANON_18
	* SWITCH
	* UNATTACHED
	* DO
	* WOULD
	* BOLSTER
	* CLOAK
	* ATTACHED
	* TRANSFORM
	* HIMSELF
	* REVEALED
	* CHOOSE
	* MANIFEST
	* NAMEREFSYMBOL
	* BLOCKED
	* SEARCHED
	* TARGET
	* BE
	* SUBTYPEARTIFACT
	* THIS
	* IT
	* WHEN
	* EFFECTSTATUSMODIFIER
	* WHENEVER
	* GOAD
	* PLAYED
	* POPULATE
	* AS
	* __ANON_14
	* GREATER
	* MAY
	* FOR
	* HAD
	* HAVE
	* MORE
	* NUMBER
	* PLAYERTERM
	* PAY
	* ABLE
	* ASSIGN
	* TAPSYMBOL
	* QUALIFIER
	* ONLY
	* COMBATSTATUSMODIFIER
	* ATTACKED
	* GET
	* SUBTYPEPLANAR
	* FORAGE
	* CAN
	* CYCLED
	* __ANON_21
	* PREVENT
	* KEYWORDSTATUSMODIFIER
	* RETURN
	* TIMES
	* PUT
	* ZONE
	* ITS
	* REVEAL
	* INCUBATE
	* ON
	* UNTAPSYMBOL
	* SHUFFLE
	* UNTAP
	* THOSE
	* WIN
	* DEAL
	* COLORTERM
	* EQUAL
	* WHILE
	* LOOKED
	* CYCLE
	* SUPERTYPE
	* LSQB
	* SACRIFICE
	* REMAIN
	* IF
	* EXERT
	* THESE
	* DESTROY
	* EACH
	* WHO
	* THE
	* LEVEL
	* ADDITIONAL
	* TURNED
	* CONVERT
	* DAMAGETYPE
	* __ANON_19
	* CONTROLLED
	* DISCARDED
","~ enters tapped.
{T}: Add {W}.
{1}{W}: ~ becomes a 1/5 white Soldier creature until end of turn. it is still a land."
356,Rod of Ruin,289.20957324100027,True,,"{3}, {T}: ~ deals 1 damage to any target."
357,Underground River,47.5687475929999,False,"No terminal matches 'A' in the current parser context, at line 1 col 6

{T}: Add {C}.
     ^
Expected one of: 
	* OTHERWISE
	* MELD
	* BEEN
	* LOSE
	* REMOVE
	* SHUFFLED
	* __ANON_17
	* TAPPEDSTATUSMODIFIER
	* ONTO
	* IN
	* TAP
	* OBJECTCHARACTERISTIC
	* SPEND
	* ADD
	* TAKE
	* FROM
	* TURN
	* ATTACH
	* DETAIN
	* CONTROL
	* AFTER
	* DISCARD
	* CREATE
	* ADAPT
	* THAT
	* INTO
	* __ANON_20
	* MONSTROSITY
	* DOUBLE
	* THEM
	* ANY
	* SUBTYPECREATUREA
	* ALL
	* WITH
	* THEN
	* MILL
	* AMASS
	* PLAY
	* UNATTACH
	* EXPLORES
	* DIE
	* ORDINAL
	* COUNTER
	* SUBTYPELAND
	* CLASH
	* __ANON_15
	* YOUR
	* AT
	* WITHOUT
	* CHOSE
	* SUBTYPEENCHANTMENT
	* SCRY
	* DRAW
	* SAME
	* ACTIVATE
	* PROLIFERATE
	* CAST
	* BLOCK
	* IS
	* FIGHT
	* LEARN
	* GAINED
	* EXILE
	* UNDER
	* HERSELF
	* LOOK
	* SACRIFICED
	* INVESTIGATE
	* A
	* LBRACE
	* NO
	* SUBTYPECREATUREB
	* SEARCH
	* SKIP
	* ATTACK
	* BECOME
	* THEIR
	* FATESEAL
	* LESS
	* REGENERATE
	* SURVEIL
	* PLAYERCHARACTERISTIC
	* ABANDON
	* DOES
	* DISCOVER
	* SUBTYPEPLANESWALKER
	* ITSELF
	* UNTIL
	* CARDINAL
	* EXCHANGE
	* SUBTYPESPELL
	* DREW
	* DASH
	* ABILITYMODIFIER
	* TYPE
	* SUSPECT
	* FLIP
	* HAS
	* CONNIVE
	* UP
	* SUPPORT
	* AN
	* GAIN
	* STAR
	* X
	* NON
	* FREQUENCY
	* OTHER
	* __ANON_18
	* SWITCH
	* UNATTACHED
	* DO
	* WOULD
	* BOLSTER
	* CLOAK
	* ATTACHED
	* TRANSFORM
	* HIMSELF
	* REVEALED
	* CHOOSE
	* MANIFEST
	* NAMEREFSYMBOL
	* BLOCKED
	* SEARCHED
	* TARGET
	* BE
	* SUBTYPEARTIFACT
	* THIS
	* IT
	* WHEN
	* EFFECTSTATUSMODIFIER
	* WHENEVER
	* GOAD
	* PLAYED
	* POPULATE
	* AS
	* __ANON_14
	* GREATER
	* MAY
	* FOR
	* HAD
	* HAVE
	* MORE
	* NUMBER
	* PLAYERTERM
	* PAY
	* ABLE
	* ASSIGN
	* TAPSYMBOL
	* QUALIFIER
	* ONLY
	* COMBATSTATUSMODIFIER
	* ATTACKED
	* GET
	* SUBTYPEPLANAR
	* FORAGE
	* CAN
	* CYCLED
	* __ANON_21
	* PREVENT
	* KEYWORDSTATUSMODIFIER
	* RETURN
	* TIMES
	* PUT
	* ZONE
	* ITS
	* REVEAL
	* INCUBATE
	* ON
	* UNTAPSYMBOL
	* SHUFFLE
	* UNTAP
	* THOSE
	* WIN
	* DEAL
	* COLORTERM
	* EQUAL
	* WHILE
	* LOOKED
	* CYCLE
	* SUPERTYPE
	* LSQB
	* SACRIFICE
	* REMAIN
	* IF
	* EXERT
	* THESE
	* DESTROY
	* EACH
	* WHO
	* THE
	* LEVEL
	* ADDITIONAL
	* TURNED
	* CONVERT
	* DAMAGETYPE
	* __ANON_19
	* CONTROLLED
	* DISCARDED
","{T}: Add {C}.
{T}: Add {U} or {B}. ~ deals 1 damage to you."
358,Ghitu Encampment,198.98444327100015,False,"No terminal matches 'A' in the current parser context, at line 2 col 6

{T}: Add {R}.
     ^
Expected one of: 
	* OTHERWISE
	* MELD
	* BEEN
	* LOSE
	* REMOVE
	* SHUFFLED
	* __ANON_17
	* TAPPEDSTATUSMODIFIER
	* ONTO
	* IN
	* TAP
	* OBJECTCHARACTERISTIC
	* SPEND
	* ADD
	* TAKE
	* FROM
	* TURN
	* ATTACH
	* DETAIN
	* CONTROL
	* AFTER
	* DISCARD
	* CREATE
	* ADAPT
	* THAT
	* INTO
	* __ANON_20
	* MONSTROSITY
	* DOUBLE
	* THEM
	* ANY
	* SUBTYPECREATUREA
	* ALL
	* WITH
	* THEN
	* MILL
	* AMASS
	* PLAY
	* UNATTACH
	* EXPLORES
	* DIE
	* ORDINAL
	* COUNTER
	* SUBTYPELAND
	* CLASH
	* __ANON_15
	* YOUR
	* AT
	* WITHOUT
	* CHOSE
	* SUBTYPEENCHANTMENT
	* SCRY
	* DRAW
	* SAME
	* ACTIVATE
	* PROLIFERATE
	* CAST
	* BLOCK
	* IS
	* FIGHT
	* LEARN
	* GAINED
	* EXILE
	* UNDER
	* HERSELF
	* LOOK
	* SACRIFICED
	* INVESTIGATE
	* A
	* LBRACE
	* NO
	* SUBTYPECREATUREB
	* SEARCH
	* SKIP
	* ATTACK
	* BECOME
	* THEIR
	* FATESEAL
	* LESS
	* REGENERATE
	* SURVEIL
	* PLAYERCHARACTERISTIC
	* ABANDON
	* DOES
	* DISCOVER
	* SUBTYPEPLANESWALKER
	* ITSELF
	* UNTIL
	* CARDINAL
	* EXCHANGE
	* SUBTYPESPELL
	* DREW
	* DASH
	* ABILITYMODIFIER
	* TYPE
	* SUSPECT
	* FLIP
	* HAS
	* CONNIVE
	* UP
	* SUPPORT
	* AN
	* GAIN
	* STAR
	* X
	* NON
	* FREQUENCY
	* OTHER
	* __ANON_18
	* SWITCH
	* UNATTACHED
	* DO
	* WOULD
	* BOLSTER
	* CLOAK
	* ATTACHED
	* TRANSFORM
	* HIMSELF
	* REVEALED
	* CHOOSE
	* MANIFEST
	* NAMEREFSYMBOL
	* BLOCKED
	* SEARCHED
	* TARGET
	* BE
	* SUBTYPEARTIFACT
	* THIS
	* IT
	* WHEN
	* EFFECTSTATUSMODIFIER
	* WHENEVER
	* GOAD
	* PLAYED
	* POPULATE
	* AS
	* __ANON_14
	* GREATER
	* MAY
	* FOR
	* HAD
	* HAVE
	* MORE
	* NUMBER
	* PLAYERTERM
	* PAY
	* ABLE
	* ASSIGN
	* TAPSYMBOL
	* QUALIFIER
	* ONLY
	* COMBATSTATUSMODIFIER
	* ATTACKED
	* GET
	* SUBTYPEPLANAR
	* FORAGE
	* CAN
	* CYCLED
	* __ANON_21
	* PREVENT
	* KEYWORDSTATUSMODIFIER
	* RETURN
	* TIMES
	* PUT
	* ZONE
	* ITS
	* REVEAL
	* INCUBATE
	* ON
	* UNTAPSYMBOL
	* SHUFFLE
	* UNTAP
	* THOSE
	* WIN
	* DEAL
	* COLORTERM
	* EQUAL
	* WHILE
	* LOOKED
	* CYCLE
	* SUPERTYPE
	* LSQB
	* SACRIFICE
	* REMAIN
	* IF
	* EXERT
	* THESE
	* DESTROY
	* EACH
	* WHO
	* THE
	* LEVEL
	* ADDITIONAL
	* TURNED
	* CONVERT
	* DAMAGETYPE
	* __ANON_19
	* CONTROLLED
	* DISCARDED
","~ enters tapped.
{T}: Add {R}.
{1}{R}: ~ becomes a 2/1 red Warrior creature with first strike until end of turn. it is still a land. (It deals combat damage before creatures without first strike.)"
359,Yavimaya Coast,46.363400384000215,False,"No terminal matches 'A' in the current parser context, at line 1 col 6

{T}: Add {C}.
     ^
Expected one of: 
	* OTHERWISE
	* MELD
	* BEEN
	* LOSE
	* REMOVE
	* SHUFFLED
	* __ANON_17
	* TAPPEDSTATUSMODIFIER
	* ONTO
	* IN
	* TAP
	* OBJECTCHARACTERISTIC
	* SPEND
	* ADD
	* TAKE
	* FROM
	* TURN
	* ATTACH
	* DETAIN
	* CONTROL
	* AFTER
	* DISCARD
	* CREATE
	* ADAPT
	* THAT
	* INTO
	* __ANON_20
	* MONSTROSITY
	* DOUBLE
	* THEM
	* ANY
	* SUBTYPECREATUREA
	* ALL
	* WITH
	* THEN
	* MILL
	* AMASS
	* PLAY
	* UNATTACH
	* EXPLORES
	* DIE
	* ORDINAL
	* COUNTER
	* SUBTYPELAND
	* CLASH
	* __ANON_15
	* YOUR
	* AT
	* WITHOUT
	* CHOSE
	* SUBTYPEENCHANTMENT
	* SCRY
	* DRAW
	* SAME
	* ACTIVATE
	* PROLIFERATE
	* CAST
	* BLOCK
	* IS
	* FIGHT
	* LEARN
	* GAINED
	* EXILE
	* UNDER
	* HERSELF
	* LOOK
	* SACRIFICED
	* INVESTIGATE
	* A
	* LBRACE
	* NO
	* SUBTYPECREATUREB
	* SEARCH
	* SKIP
	* ATTACK
	* BECOME
	* THEIR
	* FATESEAL
	* LESS
	* REGENERATE
	* SURVEIL
	* PLAYERCHARACTERISTIC
	* ABANDON
	* DOES
	* DISCOVER
	* SUBTYPEPLANESWALKER
	* ITSELF
	* UNTIL
	* CARDINAL
	* EXCHANGE
	* SUBTYPESPELL
	* DREW
	* DASH
	* ABILITYMODIFIER
	* TYPE
	* SUSPECT
	* FLIP
	* HAS
	* CONNIVE
	* UP
	* SUPPORT
	* AN
	* GAIN
	* STAR
	* X
	* NON
	* FREQUENCY
	* OTHER
	* __ANON_18
	* SWITCH
	* UNATTACHED
	* DO
	* WOULD
	* BOLSTER
	* CLOAK
	* ATTACHED
	* TRANSFORM
	* HIMSELF
	* REVEALED
	* CHOOSE
	* MANIFEST
	* NAMEREFSYMBOL
	* BLOCKED
	* SEARCHED
	* TARGET
	* BE
	* SUBTYPEARTIFACT
	* THIS
	* IT
	* WHEN
	* EFFECTSTATUSMODIFIER
	* WHENEVER
	* GOAD
	* PLAYED
	* POPULATE
	* AS
	* __ANON_14
	* GREATER
	* MAY
	* FOR
	* HAD
	* HAVE
	* MORE
	* NUMBER
	* PLAYERTERM
	* PAY
	* ABLE
	* ASSIGN
	* TAPSYMBOL
	* QUALIFIER
	* ONLY
	* COMBATSTATUSMODIFIER
	* ATTACKED
	* GET
	* SUBTYPEPLANAR
	* FORAGE
	* CAN
	* CYCLED
	* __ANON_21
	* PREVENT
	* KEYWORDSTATUSMODIFIER
	* RETURN
	* TIMES
	* PUT
	* ZONE
	* ITS
	* REVEAL
	* INCUBATE
	* ON
	* UNTAPSYMBOL
	* SHUFFLE
	* UNTAP
	* THOSE
	* WIN
	* DEAL
	* COLORTERM
	* EQUAL
	* WHILE
	* LOOKED
	* CYCLE
	* SUPERTYPE
	* LSQB
	* SACRIFICE
	* REMAIN
	* IF
	* EXERT
	* THESE
	* DESTROY
	* EACH
	* WHO
	* THE
	* LEVEL
	* ADDITIONAL
	* TURNED
	* CONVERT
	* DAMAGETYPE
	* __ANON_19
	* CONTROLLED
	* DISCARDED
","{T}: Add {C}.
{T}: Add {G} or {U}. ~ deals 1 damage to you."
360,Plains,47.85913414300012,True,,({T}: Add {W}.)
361,Island,46.53015983299974,True,,({T}: Add {U}.)
362,Mantis Engine,407.73885594600006,True,,"{2}: ~ gains flying until end of turn. (It can not be blocked except by creatures with flying or reach.)
{2}: ~ gains first strike until end of turn. (It deals combat damage before creatures without first strike.)"
363,Swamp,46.577495438999904,True,,({T}: Add {B}.)
364,Mountain,44.02830667900025,True,,({T}: Add {R}.)
365,Forest,40.83326345400019,True,,({T}: Add {G}.)
366,Spawning Pool,162.8199973820001,False,"No terminal matches 'A' in the current parser context, at line 2 col 6

{T}: Add {B}.
     ^
Expected one of: 
	* OTHERWISE
	* MELD
	* BEEN
	* LOSE
	* REMOVE
	* SHUFFLED
	* __ANON_17
	* TAPPEDSTATUSMODIFIER
	* ONTO
	* IN
	* TAP
	* OBJECTCHARACTERISTIC
	* SPEND
	* ADD
	* TAKE
	* FROM
	* TURN
	* ATTACH
	* DETAIN
	* CONTROL
	* AFTER
	* DISCARD
	* CREATE
	* ADAPT
	* THAT
	* INTO
	* __ANON_20
	* MONSTROSITY
	* DOUBLE
	* THEM
	* ANY
	* SUBTYPECREATUREA
	* ALL
	* WITH
	* THEN
	* MILL
	* AMASS
	* PLAY
	* UNATTACH
	* EXPLORES
	* DIE
	* ORDINAL
	* COUNTER
	* SUBTYPELAND
	* CLASH
	* __ANON_15
	* YOUR
	* AT
	* WITHOUT
	* CHOSE
	* SUBTYPEENCHANTMENT
	* SCRY
	* DRAW
	* SAME
	* ACTIVATE
	* PROLIFERATE
	* CAST
	* BLOCK
	* IS
	* FIGHT
	* LEARN
	* GAINED
	* EXILE
	* UNDER
	* HERSELF
	* LOOK
	* SACRIFICED
	* INVESTIGATE
	* A
	* LBRACE
	* NO
	* SUBTYPECREATUREB
	* SEARCH
	* SKIP
	* ATTACK
	* BECOME
	* THEIR
	* FATESEAL
	* LESS
	* REGENERATE
	* SURVEIL
	* PLAYERCHARACTERISTIC
	* ABANDON
	* DOES
	* DISCOVER
	* SUBTYPEPLANESWALKER
	* ITSELF
	* UNTIL
	* CARDINAL
	* EXCHANGE
	* SUBTYPESPELL
	* DREW
	* DASH
	* ABILITYMODIFIER
	* TYPE
	* SUSPECT
	* FLIP
	* HAS
	* CONNIVE
	* UP
	* SUPPORT
	* AN
	* GAIN
	* STAR
	* X
	* NON
	* FREQUENCY
	* OTHER
	* __ANON_18
	* SWITCH
	* UNATTACHED
	* DO
	* WOULD
	* BOLSTER
	* CLOAK
	* ATTACHED
	* TRANSFORM
	* HIMSELF
	* REVEALED
	* CHOOSE
	* MANIFEST
	* NAMEREFSYMBOL
	* BLOCKED
	* SEARCHED
	* TARGET
	* BE
	* SUBTYPEARTIFACT
	* THIS
	* IT
	* WHEN
	* EFFECTSTATUSMODIFIER
	* WHENEVER
	* GOAD
	* PLAYED
	* POPULATE
	* AS
	* __ANON_14
	* GREATER
	* MAY
	* FOR
	* HAD
	* HAVE
	* MORE
	* NUMBER
	* PLAYERTERM
	* PAY
	* ABLE
	* ASSIGN
	* TAPSYMBOL
	* QUALIFIER
	* ONLY
	* COMBATSTATUSMODIFIER
	* ATTACKED
	* GET
	* SUBTYPEPLANAR
	* FORAGE
	* CAN
	* CYCLED
	* __ANON_21
	* PREVENT
	* KEYWORDSTATUSMODIFIER
	* RETURN
	* TIMES
	* PUT
	* ZONE
	* ITS
	* REVEAL
	* INCUBATE
	* ON
	* UNTAPSYMBOL
	* SHUFFLE
	* UNTAP
	* THOSE
	* WIN
	* DEAL
	* COLORTERM
	* EQUAL
	* WHILE
	* LOOKED
	* CYCLE
	* SUPERTYPE
	* LSQB
	* SACRIFICE
	* REMAIN
	* IF
	* EXERT
	* THESE
	* DESTROY
	* EACH
	* WHO
	* THE
	* LEVEL
	* ADDITIONAL
	* TURNED
	* CONVERT
	* DAMAGETYPE
	* __ANON_19
	* CONTROLLED
	* DISCARDED
","~ enters tapped.
{T}: Add {B}.
{1}{B}: ~ becomes a 1/1 black Skeleton creature with ""{B}: Regenerate this creature"" until end of turn. it is still a land. (If it regenerates, the next time it would be destroyed this turn, instead tap it, remove it from combat, and heal all damage on it.)"
367,Treetop Village,125.93945930099972,False,"No terminal matches 'A' in the current parser context, at line 2 col 6

{T}: Add {G}.
     ^
Expected one of: 
	* OTHERWISE
	* MELD
	* BEEN
	* LOSE
	* REMOVE
	* SHUFFLED
	* __ANON_17
	* TAPPEDSTATUSMODIFIER
	* ONTO
	* IN
	* TAP
	* OBJECTCHARACTERISTIC
	* SPEND
	* ADD
	* TAKE
	* FROM
	* TURN
	* ATTACH
	* DETAIN
	* CONTROL
	* AFTER
	* DISCARD
	* CREATE
	* ADAPT
	* THAT
	* INTO
	* __ANON_20
	* MONSTROSITY
	* DOUBLE
	* THEM
	* ANY
	* SUBTYPECREATUREA
	* ALL
	* WITH
	* THEN
	* MILL
	* AMASS
	* PLAY
	* UNATTACH
	* EXPLORES
	* DIE
	* ORDINAL
	* COUNTER
	* SUBTYPELAND
	* CLASH
	* __ANON_15
	* YOUR
	* AT
	* WITHOUT
	* CHOSE
	* SUBTYPEENCHANTMENT
	* SCRY
	* DRAW
	* SAME
	* ACTIVATE
	* PROLIFERATE
	* CAST
	* BLOCK
	* IS
	* FIGHT
	* LEARN
	* GAINED
	* EXILE
	* UNDER
	* HERSELF
	* LOOK
	* SACRIFICED
	* INVESTIGATE
	* A
	* LBRACE
	* NO
	* SUBTYPECREATUREB
	* SEARCH
	* SKIP
	* ATTACK
	* BECOME
	* THEIR
	* FATESEAL
	* LESS
	* REGENERATE
	* SURVEIL
	* PLAYERCHARACTERISTIC
	* ABANDON
	* DOES
	* DISCOVER
	* SUBTYPEPLANESWALKER
	* ITSELF
	* UNTIL
	* CARDINAL
	* EXCHANGE
	* SUBTYPESPELL
	* DREW
	* DASH
	* ABILITYMODIFIER
	* TYPE
	* SUSPECT
	* FLIP
	* HAS
	* CONNIVE
	* UP
	* SUPPORT
	* AN
	* GAIN
	* STAR
	* X
	* NON
	* FREQUENCY
	* OTHER
	* __ANON_18
	* SWITCH
	* UNATTACHED
	* DO
	* WOULD
	* BOLSTER
	* CLOAK
	* ATTACHED
	* TRANSFORM
	* HIMSELF
	* REVEALED
	* CHOOSE
	* MANIFEST
	* NAMEREFSYMBOL
	* BLOCKED
	* SEARCHED
	* TARGET
	* BE
	* SUBTYPEARTIFACT
	* THIS
	* IT
	* WHEN
	* EFFECTSTATUSMODIFIER
	* WHENEVER
	* GOAD
	* PLAYED
	* POPULATE
	* AS
	* __ANON_14
	* GREATER
	* MAY
	* FOR
	* HAD
	* HAVE
	* MORE
	* NUMBER
	* PLAYERTERM
	* PAY
	* ABLE
	* ASSIGN
	* TAPSYMBOL
	* QUALIFIER
	* ONLY
	* COMBATSTATUSMODIFIER
	* ATTACKED
	* GET
	* SUBTYPEPLANAR
	* FORAGE
	* CAN
	* CYCLED
	* __ANON_21
	* PREVENT
	* KEYWORDSTATUSMODIFIER
	* RETURN
	* TIMES
	* PUT
	* ZONE
	* ITS
	* REVEAL
	* INCUBATE
	* ON
	* UNTAPSYMBOL
	* SHUFFLE
	* UNTAP
	* THOSE
	* WIN
	* DEAL
	* COLORTERM
	* EQUAL
	* WHILE
	* LOOKED
	* CYCLE
	* SUPERTYPE
	* LSQB
	* SACRIFICE
	* REMAIN
	* IF
	* EXERT
	* THESE
	* DESTROY
	* EACH
	* WHO
	* THE
	* LEVEL
	* ADDITIONAL
	* TURNED
	* CONVERT
	* DAMAGETYPE
	* __ANON_19
	* CONTROLLED
	* DISCARDED
","~ enters tapped.
{T}: Add {G}.
{1}{G}: ~ becomes a 3/3 green Ape creature with trample until end of turn. it is still a land. (It can deal excess combat damage to the player or planeswalker it is attacking.)"
