,name,duration,parsed,error,text
0,Beloved Princess,29.209494222000103,False,"No terminal matches '~' in the current parser context, at line 2 col 1

~ can not be blocked by creatures with p
^
Expected one of: 
	* DASH
	* WORD
","Lifelink
~ can not be blocked by creatures with power 3 or greater."
1,Acclaimed Contender,28.089828787000442,False,"No terminal matches '~' in the current parser context, at line 1 col 6

When ~ enters, if you control another Knight,
     ^
Expected one of: 
	* DASH
	* WORD
","When ~ enters, if you control another Knight, look at the top five cards of your library. You may reveal a Knight, Aura, Equipment, or legendary artifact card from among them and put it into your hand. Put the rest on the bottom of your library in a random order."
2,All That Glitters,29.00926535200051,False,"No terminal matches '+' in the current parser context, at line 2 col 25

Enchanted creature gets +1/+1 for each artifact and/or enchantme
                        ^
Expected one of: 
	* DASH
	* WORD
","Enchant creature
Enchanted creature gets +1/+1 for each artifact and/or enchantment you control."
3,Archon of Absolution,28.553521478999755,False,"No terminal matches '(' in the current parser context, at line 2 col 23

Protection from white (This creature can not be blocked, targe
                      ^
Expected one of: 
	* DASH
	* WORD
","Flying
Protection from white (This creature can not be blocked, targeted, dealt damage, enchanted, or equipped by anything white.)
Creatures can not attack you or planeswalkers you control unless their controller pays {1} for each of those creatures."
4,Bartered Cow,29.112435154000195,False,"No terminal matches '~' in the current parser context, at line 1 col 6

When ~ dies or when you discard it, create a 
     ^
Expected one of: 
	* DASH
	* WORD
","When ~ dies or when you discard it, create a Food token. (it is an artifact with ""{2}, {T}, Sacrifice this artifact: You gain 3 life."".)"
5,Dizzying Swoop,29.097825933000422,False,"No terminal matches '.' in the current parser context, at line 1 col 31

Tap up to two target creatures. (Then exile this card. You may cast th
                              ^
Expected one of: 
	* DASH
	* WORD
",Tap up to two target creatures. (Then exile this card. You may cast the creature later from exile.)
6,Ardenvale Tactician,29.812860804000593,False,"Unexpected end-of-input. Expected one of: 
	* DASH
	* WORD
",Flying
7,Charming Prince,24.130288998999276,False,"No terminal matches '~' in the current parser context, at line 1 col 6

When ~ enters, choose one —
     ^
Expected one of: 
	* DASH
	* WORD
","When ~ enters, choose one —
• Scry 2.
• You gain 3 life.
• Exile another target creature you own. Return it to the battlefield under your control at the beginning of the next end step."
8,Faerie Guidemother,23.530483745999845,False,"Unexpected end-of-input. Expected one of: 
	* DASH
	* WORD
",Flying
9,Ardenvale Paladin,53.18101719400056,False,"No terminal matches 'I' in the current parser context, at line 1 col 11

Adamant — If at least three white mana was spent t
          ^
Expected one of: 
	* CLOAK
	* EACH
	* FROM
	* ATTACK
	* COLORTERM
	* DREW
	* WIN
	* DRAW
	* DETAIN
	* TYPE
	* SUBTYPELAND
	* SUPPORT
	* __ANON_18
	* THE
	* THOSE
	* MANIFEST
	* CYCLED
	* AS
	* RETURN
	* NAMEREFSYMBOL
	* TIMES
	* FOR
	* AN
	* UNDER
	* GAIN
	* SWITCH
	* PROLIFERATE
	* BOLSTER
	* THESE
	* COMBATSTATUSMODIFIER
	* ZONE
	* THEN
	* CAN
	* ON
	* MAY
	* UNTAP
	* CLASH
	* DO
	* BLOCK
	* HAD
	* PUT
	* BECOME
	* LOOKED
	* TURN
	* NUMBER
	* WHO
	* SKIP
	* INVESTIGATE
	* ABANDON
	* DISCARDED
	* CONTROL
	* ABILITYMODIFIER
	* __ANON_19
	* PAY
	* X
	* LEVEL
	* NO
	* SUBTYPEPLANAR
	* UNTAPSYMBOL
	* THAT
	* SUBTYPECREATUREB
	* AT
	* BEEN
	* WITHOUT
	* MONSTROSITY
	* __ANON_21
	* __ANON_17
	* REGENERATE
	* NON
	* ITSELF
	* COUNTER
	* AFTER
	* STAR
	* LSQB
	* ONLY
	* BE
	* MORE
	* PLAYERCHARACTERISTIC
	* CAST
	* DISCOVER
	* REVEAL
	* REVEALED
	* LESS
	* MELD
	* WHENEVER
	* SCRY
	* __ANON_15
	* DOUBLE
	* TRANSFORM
	* SEARCH
	* FREQUENCY
	* TAP
	* ADAPT
	* DISCARD
	* SEARCHED
	* WOULD
	* PLAYERTERM
	* DAMAGETYPE
	* SHUFFLE
	* LOOK
	* SUBTYPEENCHANTMENT
	* THIS
	* ATTACHED
	* ADDITIONAL
	* GET
	* GOAD
	* SHUFFLED
	* TURNED
	* EFFECTSTATUSMODIFIER
	* ACTIVATE
	* CONTROLLED
	* OBJECTCHARACTERISTIC
	* TAKE
	* DESTROY
	* TAPSYMBOL
	* HIMSELF
	* ANY
	* SUBTYPESPELL
	* REMAIN
	* LOSE
	* ADD
	* CHOSE
	* OTHERWISE
	* SPEND
	* FLIP
	* UNATTACH
	* EXCHANGE
	* SUBTYPEPLANESWALKER
	* ASSIGN
	* __ANON_14
	* GREATER
	* KEYWORDSTATUSMODIFIER
	* POPULATE
	* AMASS
	* THEM
	* WHILE
	* EQUAL
	* IT
	* SUBTYPECREATUREA
	* MILL
	* OTHER
	* HERSELF
	* SAME
	* SACRIFICED
	* ONTO
	* GAINED
	* ATTACH
	* IF
	* WITH
	* DOES
	* ORDINAL
	* FATESEAL
	* PREVENT
	* A
	* CREATE
	* FIGHT
	* YOUR
	* ABLE
	* EXPLORES
	* SUBTYPEARTIFACT
	* QUALIFIER
	* UP
	* DEAL
	* EXERT
	* FORAGE
	* IS
	* SURVEIL
	* IN
	* ITS
	* SACRIFICE
	* __ANON_20
	* SUPERTYPE
	* WHEN
	* PLAYED
	* UNATTACHED
	* ATTACKED
	* BLOCKED
	* INTO
	* CYCLE
	* HAVE
	* REMOVE
	* INCUBATE
	* TARGET
	* DIE
	* DASH
	* ALL
	* TAPPEDSTATUSMODIFIER
	* CHOOSE
	* CARDINAL
	* LEARN
	* HAS
	* CONNIVE
	* UNTIL
	* LBRACE
	* SUSPECT
	* PLAY
	* CONVERT
	* THEIR
	* EXILE
","Adamant — If at least three white mana was spent to cast this spell, ~ enters with a +1/+1 counter on it."
10,Deafening Silence,24.27023658500002,False,"No terminal matches '.' in the current parser context, at line 1 col 67

ore than one noncreature spell each turn.
                                        ^
Expected one of: 
	* DASH
	* WORD
",Each player can not cast more than one noncreature spell each turn.
11,The Circle of Loyalty,25.000419891999627,False,"No terminal matches '{' in the current parser context, at line 1 col 18

This spell costs {1} less to cast for each Knight you con
                 ^
Expected one of: 
	* DASH
	* WORD
","This spell costs {1} less to cast for each Knight you control.
Creatures you control get +1/+1.
Whenever you cast a legendary spell, create a 2/2 white Knight creature token with vigilance.
{3}{W}, {T}: Create a 2/2 white Knight creature token with vigilance."
12,Fortifying Provisions,23.75753720099965,False,"No terminal matches '+' in the current parser context, at line 1 col 27

Creatures you control get +0/+1.
                          ^
Expected one of: 
	* DASH
	* WORD
","Creatures you control get +0/+1.
When ~ enters, create a Food token. (it is an artifact with ""{2}, {T}, Sacrifice this artifact: You gain 3 life."".)"
13,Gift of the Fae,24.564026371000182,False,"No terminal matches '+' in the current parser context, at line 1 col 22

Target creature gets +2/+1 and gains flying until end of turn
                     ^
Expected one of: 
	* DASH
	* WORD
",Target creature gets +2/+1 and gains flying until end of turn. (Then exile this card. You may cast the creature later from exile.)
14,Knight of the Keep,3.836000360024627e-06,False,'text',
15,Flutterfox,24.765539860999525,False,"No terminal matches ',' in the current parser context, at line 1 col 50

s you control an artifact or enchantment, ~ has flying.
                                        ^
Expected one of: 
	* DASH
	* WORD
","As long as you control an artifact or enchantment, ~ has flying."
16,Hushbringer,23.45232784200016,False,"No terminal matches ',' in the current parser context, at line 1 col 7

Flying, lifelink
      ^
Expected one of: 
	* DASH
	* WORD
","Flying, lifelink
Creatures entering or dying do not cause abilities to trigger."
17,"Linden, the Steadfast Queen",23.57652066999981,False,"No terminal matches ',' in the current parser context, at line 2 col 46

ver a white creature you control attacks, you gain 1 life.
                                        ^
Expected one of: 
	* DASH
	* WORD
","Vigilance
Whenever a white creature you control attacks, you gain 1 life."
18,Glass Casket,26.78911992600024,False,"No terminal matches '~' in the current parser context, at line 1 col 6

When ~ enters, exile target creature an oppon
     ^
Expected one of: 
	* DASH
	* WORD
","When ~ enters, exile target creature an opponent controls with mana value 3 or less until ~ leaves the battlefield."
19,Chop Down,27.115874697000436,False,"No terminal matches '4' in the current parser context, at line 1 col 36

Destroy target creature with power 4 or greater. (Then exile this card. You
                                   ^
Expected one of: 
	* DASH
	* WORD
",Destroy target creature with power 4 or greater. (Then exile this card. You may cast the creature later from exile.)
20,Happily Ever After,26.49169359500047,False,"No terminal matches '~' in the current parser context, at line 1 col 6

When ~ enters, each player gains 5 life and d
     ^
Expected one of: 
	* DASH
	* WORD
","When ~ enters, each player gains 5 life and draws a card.
At the beginning of your upkeep, if there are five colors among permanents you control, there are six or more card types among permanents you control and/or cards in your graveyard, and your life total is greater than or equal to your starting life total, you win the game."
21,Harmonious Archon,27.217509422999683,False,"No terminal matches '-' in the current parser context, at line 2 col 4

Non-Archon creatures have base power and to
   ^
Expected one of: 
	* DASH
	* WORD
","Flying
Non-Archon creatures have base power and toughness 3/3.
When ~ enters, create two 1/1 white Human creature tokens."
22,Lonesome Unicorn,28.014448072999585,False,"Unexpected end-of-input. Expected one of: 
	* DASH
	* WORD
",Vigilance
23,Mysterious Pathlighter,24.649227594999502,False,"No terminal matches '+' in the current parser context, at line 2 col 75

 an Adventure enters with an additional +1/+1 counter on it. (It does not need t
                                        ^
Expected one of: 
	* DASH
	* WORD
","Flying
Each creature you control that has an Adventure enters with an additional +1/+1 counter on it. (It does not need to have gone on the adventure first.)"
24,Rally for the Throne,24.548675419000574,False,"No terminal matches '1' in the current parser context, at line 1 col 12

Create two 1/1 white Human creature tokens.
           ^
Expected one of: 
	* DASH
	* WORD
","Create two 1/1 white Human creature tokens.
Adamant — If at least three white mana was spent to cast this spell, you gain 1 life for each creature you control."
25,Shepherd of the Flock,4.036000063933898e-06,False,'text',
26,Rider in Need,26.7810038409998,False,"No terminal matches '2' in the current parser context, at line 1 col 10

Create a 2/2 white Knight creature token with vig
         ^
Expected one of: 
	* DASH
	* WORD
",Create a 2/2 white Knight creature token with vigilance. (Then exile this card. You may cast the creature later from exile.)
27,Prized Griffin,28.30536508499972,False,"Unexpected end-of-input. Expected one of: 
	* DASH
	* WORD
",Flying
28,Realm-Cloaked Giant,27.73120996200032,False,"Unexpected end-of-input. Expected one of: 
	* DASH
	* WORD
",Vigilance
29,Silverflame Squire,1.9770000108110253e-05,False,'text',
30,Cast Off,27.057557654999982,False,"No terminal matches '-' in the current parser context, at line 1 col 16

Destroy all non-Giant creatures. (Then exile this card.
               ^
Expected one of: 
	* DASH
	* WORD
",Destroy all non-Giant creatures. (Then exile this card. You may cast the creature later from exile.)
31,Righteousness,23.565709411999705,False,"No terminal matches '+' in the current parser context, at line 1 col 31

Target blocking creature gets +7/+7 until end of turn.
                              ^
Expected one of: 
	* DASH
	* WORD
",Target blocking creature gets +7/+7 until end of turn.
32,Shining Armor,22.540059138000288,False,"No terminal matches '~' in the current parser context, at line 2 col 6

When ~ enters, attach it to target Knight you
     ^
Expected one of: 
	* DASH
	* WORD
","Flash
When ~ enters, attach it to target Knight you control.
Equipped creature gets +0/+2 and has vigilance.
Equip {3} ({3}: Attach to target creature you control. Equip only as a sorcery.)"
33,Usher to Safety,27.358759161999842,False,"No terminal matches ''' in the current parser context, at line 1 col 49

arget permanent you control to its owner's hand. (Then exile this card. You may 
                                        ^
Expected one of: 
	* DASH
	* WORD
",Return target permanent you control to its owner's hand. (Then exile this card. You may cast the creature later from exile.)
34,Silverflame Ritual,25.823457888999656,False,"No terminal matches '+' in the current parser context, at line 1 col 7

Put a +1/+1 counter on each creature you contr
      ^
Expected one of: 
	* DASH
	* WORD
","Put a +1/+1 counter on each creature you control.
Adamant — If at least three white mana was spent to cast this spell, creatures you control gain vigilance until end of turn."
35,On Alert,25.97823511200022,False,"No terminal matches '+' in the current parser context, at line 1 col 22

Target creature gets +2/+2 until end of turn. Untap it. (Then
                     ^
Expected one of: 
	* DASH
	* WORD
",Target creature gets +2/+2 until end of turn. Untap it. (Then exile this card. You may cast the creature later from exile.)
36,"Syr Alin, the Lion's Claw",28.457189749999998,False,"No terminal matches '~' in the current parser context, at line 2 col 10

Whenever ~f attacks, other creatures you control 
         ^
Expected one of: 
	* DASH
	* WORD
","First strike
Whenever ~f attacks, other creatures you control get +1/+1 until end of turn."
37,True Love's Kiss,24.445691339000405,False,"No terminal matches '.' in the current parser context, at line 1 col 37

Exile target artifact or enchantment.
                                    ^
Expected one of: 
	* DASH
	* WORD
","Exile target artifact or enchantment.
Draw a card."
38,Trapped in the Tower,26.739213273000132,False,"No terminal matches ',' in the current parser context, at line 2 col 43

chanted creature can not attack or block, and its activated abilities can not be
                                        ^
Expected one of: 
	* DASH
	* WORD
","Enchant creature without flying
Enchanted creature can not attack or block, and its activated abilities can not be activated."
39,Venerable Knight,23.741469765000147,False,"No terminal matches '~' in the current parser context, at line 1 col 6

When ~ dies, put a +1/+1 counter on target Kn
     ^
Expected one of: 
	* DASH
	* WORD
","When ~ dies, put a +1/+1 counter on target Knight you control."
40,Worthy Knight,24.14467156700084,False,"No terminal matches ',' in the current parser context, at line 1 col 33

Whenever you cast a Knight spell, create a 1/1 white Human creature toke
                                ^
Expected one of: 
	* DASH
	* WORD
","Whenever you cast a Knight spell, create a 1/1 white Human creature token."
41,Youthful Knight,24.215177855999173,False,"Unexpected end-of-input. Expected one of: 
	* DASH
	* WORD
",First strike
42,Animating Faerie,25.509140068000306,False,"Unexpected end-of-input. Expected one of: 
	* DASH
	* WORD
",Flying
43,Giant Killer,115.46057932799977,False,"No terminal matches 'T' in the current parser context, at line 1 col 14

{1}{W}, {T}: Tap target creature.
             ^
Expected one of: 
	* CLOAK
	* EACH
	* FROM
	* ATTACK
	* COLORTERM
	* DREW
	* WIN
	* DRAW
	* DETAIN
	* TYPE
	* SUBTYPELAND
	* SUPPORT
	* __ANON_18
	* THE
	* THOSE
	* MANIFEST
	* CYCLED
	* AS
	* RETURN
	* NAMEREFSYMBOL
	* TIMES
	* FOR
	* AN
	* UNDER
	* GAIN
	* SWITCH
	* PROLIFERATE
	* BOLSTER
	* THESE
	* COMBATSTATUSMODIFIER
	* ZONE
	* THEN
	* CAN
	* ON
	* MAY
	* UNTAP
	* CLASH
	* DO
	* BLOCK
	* HAD
	* PUT
	* BECOME
	* LOOKED
	* TURN
	* NUMBER
	* WHO
	* SKIP
	* INVESTIGATE
	* ABANDON
	* DISCARDED
	* CONTROL
	* ABILITYMODIFIER
	* __ANON_19
	* PAY
	* X
	* LEVEL
	* NO
	* SUBTYPEPLANAR
	* UNTAPSYMBOL
	* THAT
	* SUBTYPECREATUREB
	* AT
	* BEEN
	* WITHOUT
	* MONSTROSITY
	* __ANON_21
	* __ANON_17
	* REGENERATE
	* NON
	* ITSELF
	* COUNTER
	* AFTER
	* STAR
	* LSQB
	* ONLY
	* BE
	* MORE
	* PLAYERCHARACTERISTIC
	* CAST
	* DISCOVER
	* REVEAL
	* REVEALED
	* LESS
	* MELD
	* WHENEVER
	* SCRY
	* __ANON_15
	* DOUBLE
	* TRANSFORM
	* SEARCH
	* FREQUENCY
	* TAP
	* ADAPT
	* DISCARD
	* SEARCHED
	* WOULD
	* PLAYERTERM
	* DAMAGETYPE
	* SHUFFLE
	* LOOK
	* SUBTYPEENCHANTMENT
	* THIS
	* ATTACHED
	* ADDITIONAL
	* GET
	* GOAD
	* SHUFFLED
	* TURNED
	* EFFECTSTATUSMODIFIER
	* ACTIVATE
	* CONTROLLED
	* OBJECTCHARACTERISTIC
	* TAKE
	* DESTROY
	* TAPSYMBOL
	* HIMSELF
	* ANY
	* SUBTYPESPELL
	* REMAIN
	* LOSE
	* ADD
	* CHOSE
	* OTHERWISE
	* SPEND
	* FLIP
	* UNATTACH
	* EXCHANGE
	* SUBTYPEPLANESWALKER
	* ASSIGN
	* __ANON_14
	* GREATER
	* KEYWORDSTATUSMODIFIER
	* POPULATE
	* AMASS
	* THEM
	* WHILE
	* EQUAL
	* IT
	* SUBTYPECREATUREA
	* MILL
	* OTHER
	* HERSELF
	* SAME
	* SACRIFICED
	* ONTO
	* GAINED
	* ATTACH
	* IF
	* WITH
	* DOES
	* ORDINAL
	* FATESEAL
	* PREVENT
	* A
	* CREATE
	* FIGHT
	* YOUR
	* ABLE
	* EXPLORES
	* SUBTYPEARTIFACT
	* QUALIFIER
	* UP
	* DEAL
	* EXERT
	* FORAGE
	* IS
	* SURVEIL
	* IN
	* ITS
	* SACRIFICE
	* __ANON_20
	* SUPERTYPE
	* WHEN
	* PLAYED
	* UNATTACHED
	* ATTACKED
	* BLOCKED
	* INTO
	* CYCLE
	* HAVE
	* REMOVE
	* INCUBATE
	* TARGET
	* DIE
	* DASH
	* ALL
	* TAPPEDSTATUSMODIFIER
	* CHOOSE
	* CARDINAL
	* LEARN
	* HAS
	* CONNIVE
	* UNTIL
	* LBRACE
	* SUSPECT
	* PLAY
	* CONVERT
	* THEIR
	* EXILE
","{1}{W}, {T}: Tap target creature."
44,Bring to Life,25.99264935300016,False,"No terminal matches '0' in the current parser context, at line 1 col 51

creature artifact you control becomes a 0/0 artifact creature. Put four +1/+1 co
                                        ^
Expected one of: 
	* DASH
	* WORD
",Target noncreature artifact you control becomes a 0/0 artifact creature. Put four +1/+1 counters on it.
45,Brazen Borrower,26.459035859999858,False,"No terminal matches '~' in the current parser context, at line 3 col 1

~ can block only creatures with flying.
^
Expected one of: 
	* DASH
	* WORD
","Flash
Flying
~ can block only creatures with flying."
46,Petty Theft,26.993284759000744,False,"No terminal matches ''' in the current parser context, at line 1 col 66

manent an opponent controls to its owner's hand.
                                        ^
Expected one of: 
	* DASH
	* WORD
",Return target nonland permanent an opponent controls to its owner's hand.
47,Corridor Monitor,25.975051178000285,False,"No terminal matches '~' in the current parser context, at line 1 col 6

When ~ enters, untap target artifact or creat
     ^
Expected one of: 
	* DASH
	* WORD
","When ~ enters, untap target artifact or creature you control."
48,Charmed Sleep,27.60659004200079,False,"No terminal matches '~' in the current parser context, at line 2 col 6

When ~ enters, tap enchanted creature.
     ^
Expected one of: 
	* DASH
	* WORD
","Enchant creature
When ~ enters, tap enchanted creature.
Enchanted creature does not untap during its controller's untap step."
49,Didn't Say Please,27.341437916999894,False,"No terminal matches '.' in the current parser context, at line 1 col 21

Counter target spell. Its controller mills three cards.
                    ^
Expected one of: 
	* DASH
	* WORD
",Counter target spell. Its controller mills three cards.
50,"Emry, Lurker of the Loch",27.74010720000024,False,"No terminal matches '{' in the current parser context, at line 1 col 18

This spell costs {1} less to cast for each artifact you c
                 ^
Expected one of: 
	* DASH
	* WORD
","This spell costs {1} less to cast for each artifact you control.
When ~f enters, mill four cards.
{T}: Choose target artifact card in your graveyard. You may cast that card this turn. (You still pay its costs. Timing rules still apply.)"
51,Granted,22.24609899999996,False,"No terminal matches '.' in the current parser context, at line 1 col 90

tside the game and put it into your hand.
                                        ^
Expected one of: 
	* DASH
	* WORD
",You may reveal a noncreature card you own from outside the game and put it into your hand.
52,Fae of Wishes,27.74861641500047,False,"No terminal matches '{' in the current parser context, at line 2 col 1

{1}{U}, Discard two cards: Return ~ to i
^
Expected one of: 
	* DASH
	* WORD
","Flying
{1}{U}, Discard two cards: Return ~ to its owner's hand."
53,Faerie Vandal,25.63684860900048,False,"No terminal matches '(' in the current parser context, at line 1 col 7

Flash (You may cast this spell any time you co
      ^
Expected one of: 
	* DASH
	* WORD
","Flash (You may cast this spell any time you could cast an instant.)
Flying
Whenever you draw your second card each turn, put a +1/+1 counter on ~."
54,Folio of Fancies,25.359963029999562,False,"No terminal matches '.' in the current parser context, at line 1 col 34

Players have no maximum hand size.
                                 ^
Expected one of: 
	* DASH
	* WORD
","Players have no maximum hand size.
{X}{X}, {T}: Each player draws X cards.
{2}{U}, {T}: Each opponent mills cards equal to the number of cards in their hand."
55,Frogify,26.758346862000508,False,"No terminal matches '1' in the current parser context, at line 2 col 98

 creature with base power and toughness 1/1. (It loses all other card types and 
                                        ^
Expected one of: 
	* DASH
	* WORD
","Enchant creature
Enchanted creature loses all abilities and is a blue Frog creature with base power and toughness 1/1. (It loses all other card types and creature types.)"
56,Merfolk Secretkeeper,4.426000487001147e-06,False,'text',
57,"Gadwick, the Wizened",26.395311956000114,False,"No terminal matches '~' in the current parser context, at line 1 col 6

When ~f enters, draw X cards.
     ^
Expected one of: 
	* DASH
	* WORD
","When ~f enters, draw X cards.
Whenever you cast a blue spell, tap target nonland permanent an opponent controls."
58,Hypnotic Sprite,24.730318507000447,False,"Unexpected end-of-input. Expected one of: 
	* DASH
	* WORD
",Flying
59,Mesmeric Glare,26.539324085999397,False,"No terminal matches '3' in the current parser context, at line 1 col 38

Counter target spell with mana value 3 or less. (Then exile this card. You ma
                                     ^
Expected one of: 
	* DASH
	* WORD
",Counter target spell with mana value 3 or less. (Then exile this card. You may cast the creature later from exile.)
60,Into the Story,26.417110444999707,False,"No terminal matches '{' in the current parser context, at line 1 col 18

This spell costs {3} less to cast if an opponent has seve
                 ^
Expected one of: 
	* DASH
	* WORD
","This spell costs {3} less to cast if an opponent has seven or more cards in their graveyard.
Draw four cards."
61,The Magic Mirror,26.97906175299977,False,"No terminal matches '{' in the current parser context, at line 1 col 18

This spell costs {1} less to cast for each instant and so
                 ^
Expected one of: 
	* DASH
	* WORD
","This spell costs {1} less to cast for each instant and sorcery card in your graveyard.
You have no maximum hand size.
At the beginning of your upkeep, put a knowledge counter on ~, then draw a card for each knowledge counter on ~."
62,Mantle of Tides,26.6950740329994,False,"No terminal matches '+' in the current parser context, at line 1 col 24

Equipped creature gets +1/+2.
                       ^
Expected one of: 
	* DASH
	* WORD
","Equipped creature gets +1/+2.
Whenever you draw your second card each turn, attach ~ to target creature you control.
Equip {3} ({3}: Attach to target creature you control. Equip only as a sorcery.)"
63,Venture Deeper,25.637334930999714,False,"No terminal matches '.' in the current parser context, at line 1 col 31

Target player mills four cards. (Then exile this card. You may cast th
                              ^
Expected one of: 
	* DASH
	* WORD
",Target player mills four cards. (Then exile this card. You may cast the creature later from exile.)
64,Mirrormade,26.959862953000084,False,"No terminal matches '~' in the current parser context, at line 1 col 14

You may have ~ enter as a copy of any artifact or enc
             ^
Expected one of: 
	* DASH
	* WORD
",You may have ~ enter as a copy of any artifact or enchantment on the battlefield.
65,Mistford River Turtle,24.322578179999255,False,"No terminal matches '~' in the current parser context, at line 1 col 10

Whenever ~ attacks, another target attacking non-
         ^
Expected one of: 
	* DASH
	* WORD
","Whenever ~ attacks, another target attacking non-Human creature can not be blocked this turn."
66,Moonlit Scavengers,25.345767187000092,False,"No terminal matches '~' in the current parser context, at line 1 col 6

When ~ enters, if you control an artifact or 
     ^
Expected one of: 
	* DASH
	* WORD
","When ~ enters, if you control an artifact or enchantment, return target creature an opponent controls to its owner's hand."
67,Mystical Dispute,26.586901096000474,False,"No terminal matches '{' in the current parser context, at line 1 col 18

This spell costs {2} less to cast if it targets a blue sp
                 ^
Expected one of: 
	* DASH
	* WORD
","This spell costs {2} less to cast if it targets a blue spell.
Counter target spell unless its controller pays {3}."
68,Opt,25.023566611000206,False,"No terminal matches '1' in the current parser context, at line 1 col 6

Scry 1.
     ^
Expected one of: 
	* DASH
	* WORD
","Scry 1.
Draw a card."
69,Overwhelmed Apprentice,26.0553349490001,False,"No terminal matches '~' in the current parser context, at line 1 col 6

When ~ enters, each opponent mills two cards.
     ^
Expected one of: 
	* DASH
	* WORD
","When ~ enters, each opponent mills two cards. Then you scry 2. (Look at the top two cards of your library, then put any number of them on the bottom and the rest on top in any order.)"
70,Midnight Clock,46.929725238000174,False,"No terminal matches 'A' in the current parser context, at line 1 col 6

{T}: Add {U}.
     ^
Expected one of: 
	* CLOAK
	* EACH
	* FROM
	* ATTACK
	* COLORTERM
	* DREW
	* WIN
	* DRAW
	* DETAIN
	* TYPE
	* SUBTYPELAND
	* SUPPORT
	* __ANON_18
	* THE
	* THOSE
	* MANIFEST
	* CYCLED
	* AS
	* RETURN
	* NAMEREFSYMBOL
	* TIMES
	* FOR
	* AN
	* UNDER
	* GAIN
	* SWITCH
	* PROLIFERATE
	* BOLSTER
	* THESE
	* COMBATSTATUSMODIFIER
	* ZONE
	* THEN
	* CAN
	* ON
	* MAY
	* UNTAP
	* CLASH
	* DO
	* BLOCK
	* HAD
	* PUT
	* BECOME
	* LOOKED
	* TURN
	* NUMBER
	* WHO
	* SKIP
	* INVESTIGATE
	* ABANDON
	* DISCARDED
	* CONTROL
	* ABILITYMODIFIER
	* __ANON_19
	* PAY
	* X
	* LEVEL
	* NO
	* SUBTYPEPLANAR
	* UNTAPSYMBOL
	* THAT
	* SUBTYPECREATUREB
	* AT
	* BEEN
	* WITHOUT
	* MONSTROSITY
	* __ANON_21
	* __ANON_17
	* REGENERATE
	* NON
	* ITSELF
	* COUNTER
	* AFTER
	* STAR
	* LSQB
	* ONLY
	* BE
	* MORE
	* PLAYERCHARACTERISTIC
	* CAST
	* DISCOVER
	* REVEAL
	* REVEALED
	* LESS
	* MELD
	* WHENEVER
	* SCRY
	* __ANON_15
	* DOUBLE
	* TRANSFORM
	* SEARCH
	* FREQUENCY
	* TAP
	* ADAPT
	* DISCARD
	* SEARCHED
	* WOULD
	* PLAYERTERM
	* DAMAGETYPE
	* SHUFFLE
	* LOOK
	* SUBTYPEENCHANTMENT
	* THIS
	* ATTACHED
	* ADDITIONAL
	* GET
	* GOAD
	* SHUFFLED
	* TURNED
	* EFFECTSTATUSMODIFIER
	* ACTIVATE
	* CONTROLLED
	* OBJECTCHARACTERISTIC
	* TAKE
	* DESTROY
	* TAPSYMBOL
	* HIMSELF
	* ANY
	* SUBTYPESPELL
	* REMAIN
	* LOSE
	* ADD
	* CHOSE
	* OTHERWISE
	* SPEND
	* FLIP
	* UNATTACH
	* EXCHANGE
	* SUBTYPEPLANESWALKER
	* ASSIGN
	* __ANON_14
	* GREATER
	* KEYWORDSTATUSMODIFIER
	* POPULATE
	* AMASS
	* THEM
	* WHILE
	* EQUAL
	* IT
	* SUBTYPECREATUREA
	* MILL
	* OTHER
	* HERSELF
	* SAME
	* SACRIFICED
	* ONTO
	* GAINED
	* ATTACH
	* IF
	* WITH
	* DOES
	* ORDINAL
	* FATESEAL
	* PREVENT
	* A
	* CREATE
	* FIGHT
	* YOUR
	* ABLE
	* EXPLORES
	* SUBTYPEARTIFACT
	* QUALIFIER
	* UP
	* DEAL
	* EXERT
	* FORAGE
	* IS
	* SURVEIL
	* IN
	* ITS
	* SACRIFICE
	* __ANON_20
	* SUPERTYPE
	* WHEN
	* PLAYED
	* UNATTACHED
	* ATTACKED
	* BLOCKED
	* INTO
	* CYCLE
	* HAVE
	* REMOVE
	* INCUBATE
	* TARGET
	* DIE
	* DASH
	* ALL
	* TAPPEDSTATUSMODIFIER
	* CHOOSE
	* CARDINAL
	* LEARN
	* HAS
	* CONNIVE
	* UNTIL
	* LBRACE
	* SUSPECT
	* PLAY
	* CONVERT
	* THEIR
	* EXILE
","{T}: Add {U}.
{2}{U}: Put an hour counter on ~.
At the beginning of each upkeep, put an hour counter on ~.
When the twelfth hour counter is put on ~, shuffle your hand and graveyard into your library, then draw seven cards. Exile ~."
71,Queen of Ice,22.823840388999997,False,"No terminal matches '~' in the current parser context, at line 1 col 10

Whenever ~ deals combat damage to a creature, tap
         ^
Expected one of: 
	* DASH
	* WORD
","Whenever ~ deals combat damage to a creature, tap that creature. It does not untap during its controller's next untap step."
72,Rage of Winter,24.975667065999914,False,"No terminal matches '.' in the current parser context, at line 1 col 20

Tap target creature. It does not untap during its controlle
                   ^
Expected one of: 
	* DASH
	* WORD
",Tap target creature. It does not untap during its controller's next untap step. (Then exile this card. You may cast the creature later from exile.)
73,Run Away Together,25.781821655000385,False,"No terminal matches '.' in the current parser context, at line 1 col 60

reatures controlled by different players. Return those creatures to their owners
                                        ^
Expected one of: 
	* DASH
	* WORD
",Choose two target creatures controlled by different players. Return those creatures to their owners' hands.
74,So Tiny,25.83945820899953,False,"No terminal matches '-' in the current parser context, at line 3 col 25

Enchanted creature gets -2/-0. It gets -6/-0 instead as long as 
                        ^
Expected one of: 
	* DASH
	* WORD
","Flash
Enchant creature
Enchanted creature gets -2/-0. It gets -6/-0 instead as long as its controller has seven or more cards in their graveyard."
75,Sage of the Falls,26.463409357999808,False,"No terminal matches '~' in the current parser context, at line 1 col 10

Whenever ~ or another non-Human creature you cont
         ^
Expected one of: 
	* DASH
	* WORD
","Whenever ~ or another non-Human creature you control enters, you may draw a card. If you do, discard a card."
76,Steelgaze Griffin,24.67452782700002,False,"No terminal matches ',' in the current parser context, at line 2 col 45

ever you draw your second card each turn, ~ gets +2/+0 until end of turn.
                                        ^
Expected one of: 
	* DASH
	* WORD
","Flying
Whenever you draw your second card each turn, ~ gets +2/+0 until end of turn."
77,Stolen by the Fae,24.19695090499954,False,"No terminal matches ''' in the current parser context, at line 1 col 54

 creature with mana value X to its owner's hand. You create X 1/1 blue Faerie cr
                                        ^
Expected one of: 
	* DASH
	* WORD
",Return target creature with mana value X to its owner's hand. You create X 1/1 blue Faerie creature tokens with flying.
78,Tome Raider,26.052383963000466,False,"No terminal matches '~' in the current parser context, at line 2 col 6

When ~ enters, draw a card.
     ^
Expected one of: 
	* DASH
	* WORD
","Flying
When ~ enters, draw a card."
79,Turn into a Pumpkin,26.01952977200017,False,"No terminal matches ''' in the current parser context, at line 1 col 45

rn target nonland permanent to its owner's hand. Draw a card.
                                        ^
Expected one of: 
	* DASH
	* WORD
","Return target nonland permanent to its owner's hand. Draw a card.
Adamant — If at least three blue mana was spent to cast this spell, create a Food token. (it is an artifact with ""{2}, {T}, Sacrifice this artifact: You gain 3 life."".)"
80,Wishful Merfolk,25.558835918999648,False,"No terminal matches '{' in the current parser context, at line 2 col 1

{1}{U}: ~ loses defender and becomes a H
^
Expected one of: 
	* DASH
	* WORD
","Defender
{1}{U}: ~ loses defender and becomes a Human until end of turn."
81,Unexplained Vision,26.835955662000742,False,"No terminal matches '.' in the current parser context, at line 1 col 17

Draw three cards.
                ^
Expected one of: 
	* DASH
	* WORD
","Draw three cards.
Adamant — If at least three blue mana was spent to cast this spell, scry 3."
82,Vantress Gargoyle,26.96885793799993,False,"No terminal matches '~' in the current parser context, at line 2 col 1

~ can not attack unless defending player
^
Expected one of: 
	* DASH
	* WORD
","Flying
~ can not attack unless defending player has seven or more cards in their graveyard.
~ can not block unless you have four or more cards in hand.
{T}: Each player mills a card."
83,Witching Well,28.28154499199991,False,"No terminal matches '~' in the current parser context, at line 1 col 6

When ~ enters, scry 2. (Look at the top two c
     ^
Expected one of: 
	* DASH
	* WORD
","When ~ enters, scry 2. (Look at the top two cards of your library, then put any number of them on the bottom and the rest on top in any order.)
{3}{U}, Sacrifice ~: Draw two cards."
84,"Ayara, First of Locthwain",26.946093589000156,False,"No terminal matches '~' in the current parser context, at line 1 col 10

Whenever ~f or another black creature you control
         ^
Expected one of: 
	* DASH
	* WORD
","Whenever ~f or another black creature you control enters, each opponent loses 1 life and you gain 1 life.
{T}, Sacrifice another black creature: Draw a card."
85,Vantress Paladin,50.27643396700023,False,"No terminal matches 'I' in the current parser context, at line 2 col 11

Adamant — If at least three blue mana was spent to
          ^
Expected one of: 
	* CLOAK
	* EACH
	* FROM
	* ATTACK
	* COLORTERM
	* DREW
	* WIN
	* DRAW
	* DETAIN
	* TYPE
	* SUBTYPELAND
	* SUPPORT
	* __ANON_18
	* THE
	* THOSE
	* MANIFEST
	* CYCLED
	* AS
	* RETURN
	* NAMEREFSYMBOL
	* TIMES
	* FOR
	* AN
	* UNDER
	* GAIN
	* SWITCH
	* PROLIFERATE
	* BOLSTER
	* THESE
	* COMBATSTATUSMODIFIER
	* ZONE
	* THEN
	* CAN
	* ON
	* MAY
	* UNTAP
	* CLASH
	* DO
	* BLOCK
	* HAD
	* PUT
	* BECOME
	* LOOKED
	* TURN
	* NUMBER
	* WHO
	* SKIP
	* INVESTIGATE
	* ABANDON
	* DISCARDED
	* CONTROL
	* ABILITYMODIFIER
	* __ANON_19
	* PAY
	* X
	* LEVEL
	* NO
	* SUBTYPEPLANAR
	* UNTAPSYMBOL
	* THAT
	* SUBTYPECREATUREB
	* AT
	* BEEN
	* WITHOUT
	* MONSTROSITY
	* __ANON_21
	* __ANON_17
	* REGENERATE
	* NON
	* ITSELF
	* COUNTER
	* AFTER
	* STAR
	* LSQB
	* ONLY
	* BE
	* MORE
	* PLAYERCHARACTERISTIC
	* CAST
	* DISCOVER
	* REVEAL
	* REVEALED
	* LESS
	* MELD
	* WHENEVER
	* SCRY
	* __ANON_15
	* DOUBLE
	* TRANSFORM
	* SEARCH
	* FREQUENCY
	* TAP
	* ADAPT
	* DISCARD
	* SEARCHED
	* WOULD
	* PLAYERTERM
	* DAMAGETYPE
	* SHUFFLE
	* LOOK
	* SUBTYPEENCHANTMENT
	* THIS
	* ATTACHED
	* ADDITIONAL
	* GET
	* GOAD
	* SHUFFLED
	* TURNED
	* EFFECTSTATUSMODIFIER
	* ACTIVATE
	* CONTROLLED
	* OBJECTCHARACTERISTIC
	* TAKE
	* DESTROY
	* TAPSYMBOL
	* HIMSELF
	* ANY
	* SUBTYPESPELL
	* REMAIN
	* LOSE
	* ADD
	* CHOSE
	* OTHERWISE
	* SPEND
	* FLIP
	* UNATTACH
	* EXCHANGE
	* SUBTYPEPLANESWALKER
	* ASSIGN
	* __ANON_14
	* GREATER
	* KEYWORDSTATUSMODIFIER
	* POPULATE
	* AMASS
	* THEM
	* WHILE
	* EQUAL
	* IT
	* SUBTYPECREATUREA
	* MILL
	* OTHER
	* HERSELF
	* SAME
	* SACRIFICED
	* ONTO
	* GAINED
	* ATTACH
	* IF
	* WITH
	* DOES
	* ORDINAL
	* FATESEAL
	* PREVENT
	* A
	* CREATE
	* FIGHT
	* YOUR
	* ABLE
	* EXPLORES
	* SUBTYPEARTIFACT
	* QUALIFIER
	* UP
	* DEAL
	* EXERT
	* FORAGE
	* IS
	* SURVEIL
	* IN
	* ITS
	* SACRIFICE
	* __ANON_20
	* SUPERTYPE
	* WHEN
	* PLAYED
	* UNATTACHED
	* ATTACKED
	* BLOCKED
	* INTO
	* CYCLE
	* HAVE
	* REMOVE
	* INCUBATE
	* TARGET
	* DIE
	* DASH
	* ALL
	* TAPPEDSTATUSMODIFIER
	* CHOOSE
	* CARDINAL
	* LEARN
	* HAS
	* CONNIVE
	* UNTIL
	* LBRACE
	* SUSPECT
	* PLAY
	* CONVERT
	* THEIR
	* EXILE
","Flying
Adamant — If at least three blue mana was spent to cast this spell, ~ enters with a +1/+1 counter on it."
86,Barrow Witches,26.16432438300035,False,"No terminal matches '~' in the current parser context, at line 1 col 6

When ~ enters, return target Knight card from
     ^
Expected one of: 
	* DASH
	* WORD
","When ~ enters, return target Knight card from your graveyard to your hand."
87,Belle of the Brawl,26.951428443000623,False,"No terminal matches '(' in the current parser context, at line 1 col 8

Menace (This creature can not be blocked except
       ^
Expected one of: 
	* DASH
	* WORD
","Menace (This creature can not be blocked except by two or more creatures.)
Whenever ~ attacks, other Knights you control get +1/+0 until end of turn."
88,Bake into a Pie,27.843606611000723,False,"No terminal matches '.' in the current parser context, at line 1 col 24

Destroy target creature. Create a Food token. (it is an artifac
                       ^
Expected one of: 
	* DASH
	* WORD
","Destroy target creature. Create a Food token. (it is an artifact with ""{2}, {T}, Sacrifice this artifact: You gain 3 life."".)"
89,Blacklance Paragon,25.644667321999805,False,"No terminal matches '~' in the current parser context, at line 2 col 6

When ~ enters, target Knight gains deathtouch
     ^
Expected one of: 
	* DASH
	* WORD
","Flash
When ~ enters, target Knight gains deathtouch and lifelink until end of turn."
90,Bog Naughty,24.863802140999724,False,"No terminal matches '{' in the current parser context, at line 2 col 1

{2}{B}, Sacrifice a Food: Target creatur
^
Expected one of: 
	* DASH
	* WORD
","Flying
{2}{B}, Sacrifice a Food: Target creature gets -3/-3 until end of turn."
91,Cauldron Familiar,23.9438588969997,False,"No terminal matches '~' in the current parser context, at line 1 col 6

When ~ enters, each opponent loses 1 life and
     ^
Expected one of: 
	* DASH
	* WORD
","When ~ enters, each opponent loses 1 life and you gain 1 life.
Sacrifice a Food: Return ~ from your graveyard to the battlefield."
92,The Cauldron of Eternity,24.906467849000364,False,"No terminal matches '{' in the current parser context, at line 1 col 18

This spell costs {2} less to cast for each creature card 
                 ^
Expected one of: 
	* DASH
	* WORD
","This spell costs {2} less to cast for each creature card in your graveyard.
Whenever a creature you control dies, put it on the bottom of its owner's library.
{2}{B}, {T}, Pay 2 life: Return target creature card from your graveyard to the battlefield. Activate only as a sorcery."
93,Clackbridge Troll,24.54035089900026,False,"No terminal matches ',' in the current parser context, at line 1 col 8

Trample, haste
       ^
Expected one of: 
	* DASH
	* WORD
","Trample, haste
When ~ enters, target opponent creates three 0/1 white Goat creature tokens.
At the beginning of combat on your turn, any opponent may sacrifice a creature of their choice. If a player does, tap ~, you gain 3 life, and you draw a card."
94,Epic Downfall,24.352899638000054,False,"No terminal matches '3' in the current parser context, at line 1 col 39

Exile target creature with mana value 3 or greater.
                                      ^
Expected one of: 
	* DASH
	* WORD
",Exile target creature with mana value 3 or greater.
95,Festive Funeral,23.03689928699987,False,"No terminal matches '-' in the current parser context, at line 1 col 22

Target creature gets -X/-X until end of turn, where X is the 
                     ^
Expected one of: 
	* DASH
	* WORD
","Target creature gets -X/-X until end of turn, where X is the number of cards in your graveyard."
96,Eye Collector,27.58221072700053,False,"No terminal matches '~' in the current parser context, at line 2 col 10

Whenever ~ deals combat damage to a player, each 
         ^
Expected one of: 
	* DASH
	* WORD
","Flying
Whenever ~ deals combat damage to a player, each player mills a card. (Each player puts the top card of their library into their graveyard.)"
97,Foreboding Fruit,25.836033335999673,False,"No terminal matches '2' in the current parser context, at line 1 col 41

Target player draws two cards and loses 2 life.
                                        ^
Expected one of: 
	* DASH
	* WORD
","Target player draws two cards and loses 2 life.
Adamant — If at least three black mana was spent to cast this spell, create a Food token. (it is an artifact with ""{2}, {T}, Sacrifice this artifact: You gain 3 life."".)"
98,Forever Young,25.829539839999597,False,"No terminal matches '.' in the current parser context, at line 1 col 83

om your graveyard on top of your library.
                                        ^
Expected one of: 
	* DASH
	* WORD
","Put any number of target creature cards from your graveyard on top of your library.
Draw a card."
99,Cauldron's Gift,51.8136503450005,False,"No terminal matches 'I' in the current parser context, at line 1 col 11

Adamant — If at least three black mana was spent t
          ^
Expected one of: 
	* CLOAK
	* EACH
	* FROM
	* ATTACK
	* COLORTERM
	* DREW
	* WIN
	* DRAW
	* DETAIN
	* TYPE
	* SUBTYPELAND
	* SUPPORT
	* __ANON_18
	* THE
	* THOSE
	* MANIFEST
	* CYCLED
	* AS
	* RETURN
	* NAMEREFSYMBOL
	* TIMES
	* FOR
	* AN
	* UNDER
	* GAIN
	* SWITCH
	* PROLIFERATE
	* BOLSTER
	* THESE
	* COMBATSTATUSMODIFIER
	* ZONE
	* THEN
	* CAN
	* ON
	* MAY
	* UNTAP
	* CLASH
	* DO
	* BLOCK
	* HAD
	* PUT
	* BECOME
	* LOOKED
	* TURN
	* NUMBER
	* WHO
	* SKIP
	* INVESTIGATE
	* ABANDON
	* DISCARDED
	* CONTROL
	* ABILITYMODIFIER
	* __ANON_19
	* PAY
	* X
	* LEVEL
	* NO
	* SUBTYPEPLANAR
	* UNTAPSYMBOL
	* THAT
	* SUBTYPECREATUREB
	* AT
	* BEEN
	* WITHOUT
	* MONSTROSITY
	* __ANON_21
	* __ANON_17
	* REGENERATE
	* NON
	* ITSELF
	* COUNTER
	* AFTER
	* STAR
	* LSQB
	* ONLY
	* BE
	* MORE
	* PLAYERCHARACTERISTIC
	* CAST
	* DISCOVER
	* REVEAL
	* REVEALED
	* LESS
	* MELD
	* WHENEVER
	* SCRY
	* __ANON_15
	* DOUBLE
	* TRANSFORM
	* SEARCH
	* FREQUENCY
	* TAP
	* ADAPT
	* DISCARD
	* SEARCHED
	* WOULD
	* PLAYERTERM
	* DAMAGETYPE
	* SHUFFLE
	* LOOK
	* SUBTYPEENCHANTMENT
	* THIS
	* ATTACHED
	* ADDITIONAL
	* GET
	* GOAD
	* SHUFFLED
	* TURNED
	* EFFECTSTATUSMODIFIER
	* ACTIVATE
	* CONTROLLED
	* OBJECTCHARACTERISTIC
	* TAKE
	* DESTROY
	* TAPSYMBOL
	* HIMSELF
	* ANY
	* SUBTYPESPELL
	* REMAIN
	* LOSE
	* ADD
	* CHOSE
	* OTHERWISE
	* SPEND
	* FLIP
	* UNATTACH
	* EXCHANGE
	* SUBTYPEPLANESWALKER
	* ASSIGN
	* __ANON_14
	* GREATER
	* KEYWORDSTATUSMODIFIER
	* POPULATE
	* AMASS
	* THEM
	* WHILE
	* EQUAL
	* IT
	* SUBTYPECREATUREA
	* MILL
	* OTHER
	* HERSELF
	* SAME
	* SACRIFICED
	* ONTO
	* GAINED
	* ATTACH
	* IF
	* WITH
	* DOES
	* ORDINAL
	* FATESEAL
	* PREVENT
	* A
	* CREATE
	* FIGHT
	* YOUR
	* ABLE
	* EXPLORES
	* SUBTYPEARTIFACT
	* QUALIFIER
	* UP
	* DEAL
	* EXERT
	* FORAGE
	* IS
	* SURVEIL
	* IN
	* ITS
	* SACRIFICE
	* __ANON_20
	* SUPERTYPE
	* WHEN
	* PLAYED
	* UNATTACHED
	* ATTACKED
	* BLOCKED
	* INTO
	* CYCLE
	* HAVE
	* REMOVE
	* INCUBATE
	* TARGET
	* DIE
	* DASH
	* ALL
	* TAPPEDSTATUSMODIFIER
	* CHOOSE
	* CARDINAL
	* LEARN
	* HAS
	* CONNIVE
	* UNTIL
	* LBRACE
	* SUSPECT
	* PLAY
	* CONVERT
	* THEIR
	* EXILE
","Adamant — If at least three black mana was spent to cast this spell, mill four cards.
You may choose a creature card in your graveyard. If you do, return it to the battlefield with an additional +1/+1 counter on it."
100,Profane Insight,24.87307782699918,False,"No terminal matches '1' in the current parser context, at line 1 col 30

You draw a card and you lose 1 life. (Then exile this card. You may c
                             ^
Expected one of: 
	* DASH
	* WORD
",You draw a card and you lose 1 life. (Then exile this card. You may cast the creature later from exile.)
101,Foulmire Knight,29.18052876999991,False,"Unexpected end-of-input. Expected one of: 
	* DASH
	* WORD
",Deathtouch
102,Giant's Skewer,27.214747983000052,False,"No terminal matches '+' in the current parser context, at line 1 col 24

Equipped creature gets +2/+1.
                       ^
Expected one of: 
	* DASH
	* WORD
","Equipped creature gets +2/+1.
Whenever equipped creature deals combat damage to a creature, create a Food token. (it is an artifact with ""{2}, {T}, Sacrifice this artifact: You gain 3 life."".)
Equip {3} ({3}: Attach to target creature you control. Equip only as a sorcery.)"
103,Lash of Thorns,25.28058109899939,False,"No terminal matches '+' in the current parser context, at line 1 col 22

Target creature gets +2/+1 and gains deathtouch until end of 
                     ^
Expected one of: 
	* DASH
	* WORD
",Target creature gets +2/+1 and gains deathtouch until end of turn.
104,Locthwain Paladin,26.838361967999845,False,"No terminal matches '(' in the current parser context, at line 1 col 8

Menace (This creature can not be blocked except
       ^
Expected one of: 
	* DASH
	* WORD
","Menace (This creature can not be blocked except by two or more creatures.)
Adamant — If at least three black mana was spent to cast this spell, ~ enters with a +1/+1 counter on it."
105,Lost Legion,26.13779807100036,False,"No terminal matches '~' in the current parser context, at line 1 col 6

When ~ enters, scry 2. (Look at the top two c
     ^
Expected one of: 
	* DASH
	* WORD
","When ~ enters, scry 2. (Look at the top two cards of your library, then put any number of them on the bottom and the rest on top in any order.)"
106,Memory Theft,28.401617391999935,False,"No terminal matches '.' in the current parser context, at line 1 col 35

Target opponent reveals their hand. You choose a nonland card from it. Tha
                                  ^
Expected one of: 
	* DASH
	* WORD
",Target opponent reveals their hand. You choose a nonland card from it. That player discards that card. You may put a card that has an Adventure that player owns from exile into that player's graveyard.
107,Swift End,24.746921969999676,False,"No terminal matches '.' in the current parser context, at line 1 col 40

Destroy target creature or planeswalker. You lose 2 life. (Then exile this card
                                       ^
Expected one of: 
	* DASH
	* WORD
",Destroy target creature or planeswalker. You lose 2 life. (Then exile this card. You may cast the creature later from exile.)
108,Order of Midnight,22.11003714400067,False,"No terminal matches '~' in the current parser context, at line 2 col 1

~ can not block.
^
Expected one of: 
	* DASH
	* WORD
","Flying
~ can not block."
109,Murderous Rider,27.933280059000026,False,"No terminal matches '~' in the current parser context, at line 2 col 6

When ~ dies, put it on the bottom of its owne
     ^
Expected one of: 
	* DASH
	* WORD
","Lifelink
When ~ dies, put it on the bottom of its owner's library."
110,Piper of the Swarm,24.681657987000108,False,"No terminal matches '.' in the current parser context, at line 1 col 29

Rats you control have menace.
                            ^
Expected one of: 
	* DASH
	* WORD
","Rats you control have menace.
{1}{B}, {T}: Create a 1/1 black Rat creature token.
{2}{B}{B}, {T}, Sacrifice three Rats: Gain control of target creature."
111,Reaper of Night,23.770060371,False,"No terminal matches '~' in the current parser context, at line 1 col 10

Whenever ~ attacks, if defending player has two o
         ^
Expected one of: 
	* DASH
	* WORD
","Whenever ~ attacks, if defending player has two or fewer cards in hand, it gains flying until end of turn."
112,Alter Fate,28.30522609699983,False,"No terminal matches '.' in the current parser context, at line 1 col 61

re card from your graveyard to your hand. (Then exile this card. You may cast th
                                        ^
Expected one of: 
	* DASH
	* WORD
",Return target creature card from your graveyard to your hand. (Then exile this card. You may cast the creature later from exile.)
113,"Rankle, Master of Pranks",26.64180547199976,False,"No terminal matches ',' in the current parser context, at line 1 col 7

Flying, haste
      ^
Expected one of: 
	* DASH
	* WORD
","Flying, haste
Whenever ~f deals combat damage to a player, choose any number —
• Each player discards a card.
• Each player loses 1 life and draws a card.
• Each player sacrifices a creature of their choice."
114,Malevolent Noble,69.44996305299992,False,"No terminal matches 'S' in the current parser context, at line 1 col 6

{2}, Sacrifice an artifact or another creatur
     ^
Expected one of: 
	* CLOAK
	* EACH
	* FROM
	* ATTACK
	* COLORTERM
	* DREW
	* WIN
	* DRAW
	* DETAIN
	* TYPE
	* SUBTYPELAND
	* SUPPORT
	* __ANON_18
	* THE
	* THOSE
	* MANIFEST
	* CYCLED
	* RETURN
	* NAMEREFSYMBOL
	* TIMES
	* AN
	* UNDER
	* GAIN
	* SWITCH
	* PROLIFERATE
	* BOLSTER
	* THESE
	* COMBATSTATUSMODIFIER
	* ZONE
	* ON
	* UNTAP
	* CLASH
	* BLOCK
	* PUT
	* LOOKED
	* TURN
	* NUMBER
	* WHO
	* SKIP
	* INVESTIGATE
	* ABANDON
	* DISCARDED
	* CONTROL
	* ABILITYMODIFIER
	* __ANON_19
	* PAY
	* LEVEL
	* X
	* NO
	* SUBTYPEPLANAR
	* UNTAPSYMBOL
	* THAT
	* SUBTYPECREATUREB
	* WITHOUT
	* MONSTROSITY
	* __ANON_21
	* __ANON_17
	* REGENERATE
	* NON
	* ITSELF
	* COUNTER
	* STAR
	* LSQB
	* ONLY
	* MORE
	* PLAYERCHARACTERISTIC
	* CAST
	* DISCOVER
	* REVEAL
	* REVEALED
	* LESS
	* MELD
	* SCRY
	* __ANON_15
	* DOUBLE
	* TRANSFORM
	* SEARCH
	* TAP
	* FREQUENCY
	* ADAPT
	* DISCARD
	* SEARCHED
	* PLAYERTERM
	* DAMAGETYPE
	* SHUFFLE
	* LOOK
	* SUBTYPEENCHANTMENT
	* THIS
	* ATTACHED
	* ADDITIONAL
	* GET
	* GOAD
	* SHUFFLED
	* TURNED
	* EFFECTSTATUSMODIFIER
	* ACTIVATE
	* CONTROLLED
	* OBJECTCHARACTERISTIC
	* TAKE
	* DESTROY
	* TAPSYMBOL
	* HIMSELF
	* ANY
	* SUBTYPESPELL
	* REMAIN
	* LOSE
	* ADD
	* CHOSE
	* FLIP
	* SPEND
	* UNATTACH
	* EXCHANGE
	* SUBTYPEPLANESWALKER
	* ASSIGN
	* __ANON_14
	* GREATER
	* KEYWORDSTATUSMODIFIER
	* POPULATE
	* AMASS
	* THEM
	* IT
	* EQUAL
	* SUBTYPECREATUREA
	* MILL
	* OTHER
	* HERSELF
	* SAME
	* SACRIFICED
	* ONTO
	* GAINED
	* ATTACH
	* WITH
	* ORDINAL
	* FATESEAL
	* PREVENT
	* FIGHT
	* CREATE
	* A
	* YOUR
	* ABLE
	* EXPLORES
	* SUBTYPEARTIFACT
	* QUALIFIER
	* UP
	* DEAL
	* EXERT
	* FORAGE
	* SURVEIL
	* IN
	* ITS
	* SACRIFICE
	* __ANON_20
	* SUPERTYPE
	* PLAYED
	* UNATTACHED
	* ATTACKED
	* BLOCKED
	* INTO
	* CYCLE
	* REMOVE
	* INCUBATE
	* TARGET
	* DIE
	* ALL
	* TAPPEDSTATUSMODIFIER
	* CHOOSE
	* CARDINAL
	* LEARN
	* CONNIVE
	* LBRACE
	* SUSPECT
	* PLAY
	* CONVERT
	* THEIR
	* EXILE
","{2}, Sacrifice an artifact or another creature: Put a +1/+1 counter on ~."
115,Revenge of Ravens,24.95573731100012,False,"No terminal matches ',' in the current parser context, at line 1 col 62

ttacks you or a planeswalker you control, that creature's controller loses 1 lif
                                        ^
Expected one of: 
	* DASH
	* WORD
","Whenever a creature attacks you or a planeswalker you control, that creature's controller loses 1 life and you gain 1 life."
116,Smitten Swordmaster,25.422022960000504,False,"Unexpected end-of-input. Expected one of: 
	* DASH
	* WORD
",Lifelink
117,Harvest Fear,28.462864240999806,False,"No terminal matches '.' in the current parser context, at line 1 col 35

Target opponent discards two cards. (Then exile this card. You may cast th
                                  ^
Expected one of: 
	* DASH
	* WORD
",Target opponent discards two cards. (Then exile this card. You may cast the creature later from exile.)
118,Reave Soul,28.23212629000045,False,"No terminal matches '3' in the current parser context, at line 1 col 36

Destroy target creature with power 3 or less.
                                   ^
Expected one of: 
	* DASH
	* WORD
",Destroy target creature with power 3 or less.
119,Curry Favor,26.824829041999692,False,"No terminal matches ',' in the current parser context, at line 1 col 47

in X life and each opponent loses X life, where X is the number of Knights you c
                                        ^
Expected one of: 
	* DASH
	* WORD
","You gain X life and each opponent loses X life, where X is the number of Knights you control."
120,Specter's Shriek,25.929795060999822,False,"No terminal matches '.' in the current parser context, at line 1 col 35

Target opponent reveals their hand. You may choose a nonland card from it.
                                  ^
Expected one of: 
	* DASH
	* WORD
","Target opponent reveals their hand. You may choose a nonland card from it. If you do, that player exiles that card. If a nonblack card is exiled this way, exile a card from your hand."
121,"Syr Konrad, the Grim",25.732388128999446,False,"No terminal matches ',' in the current parser context, at line 1 col 31

Whenever another creature dies, or a creature card is put into a grave
                              ^
Expected one of: 
	* DASH
	* WORD
","Whenever another creature dies, or a creature card is put into a graveyard from anywhere other than the battlefield, or a creature card leaves your graveyard, ~f deals 1 damage to each opponent.
{1}{B}: Each player mills a card. (They each put the top card of their library into their graveyard.)"
122,Tempting Witch,25.031249540000317,False,"No terminal matches '~' in the current parser context, at line 1 col 6

When ~ enters, create a Food token. (it is an
     ^
Expected one of: 
	* DASH
	* WORD
","When ~ enters, create a Food token. (it is an artifact with ""{2}, {T}, Sacrifice this artifact: You gain 3 life."".)
{2}, {T}, Sacrifice a Food: Target player loses 3 life."
123,Wicked Guardian,26.83366636699975,False,"No terminal matches '~' in the current parser context, at line 1 col 6

When ~ enters, you may have it deal 2 damage 
     ^
Expected one of: 
	* DASH
	* WORD
","When ~ enters, you may have it deal 2 damage to another creature you control. If you do, draw a card."
124,Bloodhaze Wolverine,24.033116988000074,False,"No terminal matches ',' in the current parser context, at line 1 col 45

ever you draw your second card each turn, ~ gets +1/+1 and gains first strike un
                                        ^
Expected one of: 
	* DASH
	* WORD
","Whenever you draw your second card each turn, ~ gets +1/+1 and gains first strike until end of turn."
125,Barge In,26.02258043599977,False,"No terminal matches '+' in the current parser context, at line 1 col 32

Target attacking creature gets +2/+2 until end of turn. Each attacking 
                               ^
Expected one of: 
	* DASH
	* WORD
",Target attacking creature gets +2/+2 until end of turn. Each attacking non-Human creature gains trample until end of turn.
126,Blow Your House Down,24.25199492699994,False,"No terminal matches '.' in the current parser context, at line 1 col 53

target creatures can not block this turn. Destroy any of them that are Walls.
                                        ^
Expected one of: 
	* DASH
	* WORD
",Up to three target creatures can not block this turn. Destroy any of them that are Walls.
127,Witch's Vengeance,28.865887847000522,False,"No terminal matches '-' in the current parser context, at line 1 col 51

of the creature type of your choice get -3/-3 until end of turn.
                                        ^
Expected one of: 
	* DASH
	* WORD
",Creatures of the creature type of your choice get -3/-3 until end of turn.
128,Bonecrusher Giant,22.344026159999885,False,"No terminal matches '~' in the current parser context, at line 1 col 10

Whenever ~ becomes the target of a spell, ~ deals
         ^
Expected one of: 
	* DASH
	* WORD
","Whenever ~ becomes the target of a spell, ~ deals 2 damage to that spell's controller."
129,Stomp,24.707961614999476,False,"No terminal matches '.' in the current parser context, at line 1 col 38

Damage can not be prevented this turn. ~ deals 2 damage to any target.
                                     ^
Expected one of: 
	* DASH
	* WORD
",Damage can not be prevented this turn. ~ deals 2 damage to any target.
130,Brimstone Trebuchet,24.13189160999991,False,"No terminal matches ',' in the current parser context, at line 1 col 9

Defender, reach
        ^
Expected one of: 
	* DASH
	* WORD
","Defender, reach
{T}: ~ deals 1 damage to each opponent.
Whenever a Knight you control enters, untap ~."
131,Burning-Yard Trainer,27.602401565000036,False,"No terminal matches ',' in the current parser context, at line 1 col 8

Trample, haste
       ^
Expected one of: 
	* DASH
	* WORD
","Trample, haste
When ~ enters, another target Knight you control gets +2/+2 and gains trample and haste until end of turn."
132,Claim the Firstborn,26.473534067999935,False,"No terminal matches '3' in the current parser context, at line 1 col 49

trol of target creature with mana value 3 or less until end of turn. Untap that 
                                        ^
Expected one of: 
	* DASH
	* WORD
",Gain control of target creature with mana value 3 or less until end of turn. Untap that creature. It gains haste until end of turn.
133,Embereth Shieldbreaker,4.045999958179891e-06,False,'text',
134,Crystal Slipper,26.104297199999564,False,"No terminal matches '+' in the current parser context, at line 1 col 24

Equipped creature gets +1/+0 and has haste.
                       ^
Expected one of: 
	* DASH
	* WORD
","Equipped creature gets +1/+0 and has haste.
Equip {1} ({1}: Attach to target creature you control. Equip only as a sorcery.)"
135,Embercleave,26.39390042100058,False,"No terminal matches '{' in the current parser context, at line 2 col 18

This spell costs {1} less to cast for each attacking crea
                 ^
Expected one of: 
	* DASH
	* WORD
","Flash
This spell costs {1} less to cast for each attacking creature you control.
When ~ enters, attach it to target creature you control.
Equipped creature gets +1/+1 and has double strike and trample.
Equip {3}"
136,Outflank,529.3785369679999,True,,~ deals damage to target attacking or blocking creature equal to the number of creatures you control.
137,Battle Display,27.8701602000001,False,"No terminal matches '.' in the current parser context, at line 1 col 24

Destroy target artifact. (Then exile this card. You may cast th
                       ^
Expected one of: 
	* DASH
	* WORD
",Destroy target artifact. (Then exile this card. You may cast the creature later from exile.)
138,"Syr Elenora, the Discerning",352.6041719200002,False,"No terminal matches '~' in the current parser context, at line 2 col 6

When ~ enters, draw a card.
     ^
Expected one of: 
	* DASH
	* WORD
","~f's power is equal to the number of cards in your hand.
When ~ enters, draw a card.
Spells your opponents cast that target ~ cost {2} more to cast."
139,Ferocity of the Wilds,26.755422631999863,False,"No terminal matches '-' in the current parser context, at line 1 col 14

Attacking non-Human creatures you control get +1/+0 a
             ^
Expected one of: 
	* DASH
	* WORD
",Attacking non-Human creatures you control get +1/+0 and have trample.
140,Embereth Paladin,48.43128959400019,False,"No terminal matches 'I' in the current parser context, at line 2 col 11

Adamant — If at least three red mana was spent to 
          ^
Expected one of: 
	* CLOAK
	* EACH
	* FROM
	* ATTACK
	* COLORTERM
	* DREW
	* WIN
	* DRAW
	* DETAIN
	* TYPE
	* SUBTYPELAND
	* SUPPORT
	* __ANON_18
	* THE
	* THOSE
	* MANIFEST
	* CYCLED
	* AS
	* RETURN
	* NAMEREFSYMBOL
	* TIMES
	* FOR
	* AN
	* UNDER
	* GAIN
	* SWITCH
	* PROLIFERATE
	* BOLSTER
	* THESE
	* COMBATSTATUSMODIFIER
	* ZONE
	* THEN
	* CAN
	* ON
	* MAY
	* UNTAP
	* CLASH
	* DO
	* BLOCK
	* HAD
	* PUT
	* BECOME
	* LOOKED
	* TURN
	* NUMBER
	* WHO
	* SKIP
	* INVESTIGATE
	* ABANDON
	* DISCARDED
	* CONTROL
	* ABILITYMODIFIER
	* __ANON_19
	* PAY
	* X
	* LEVEL
	* NO
	* SUBTYPEPLANAR
	* UNTAPSYMBOL
	* THAT
	* SUBTYPECREATUREB
	* AT
	* BEEN
	* WITHOUT
	* MONSTROSITY
	* __ANON_21
	* __ANON_17
	* REGENERATE
	* NON
	* ITSELF
	* COUNTER
	* AFTER
	* STAR
	* LSQB
	* ONLY
	* BE
	* MORE
	* PLAYERCHARACTERISTIC
	* CAST
	* DISCOVER
	* REVEAL
	* REVEALED
	* LESS
	* MELD
	* WHENEVER
	* SCRY
	* __ANON_15
	* DOUBLE
	* TRANSFORM
	* SEARCH
	* FREQUENCY
	* TAP
	* ADAPT
	* DISCARD
	* SEARCHED
	* WOULD
	* PLAYERTERM
	* DAMAGETYPE
	* SHUFFLE
	* LOOK
	* SUBTYPEENCHANTMENT
	* THIS
	* ATTACHED
	* ADDITIONAL
	* GET
	* GOAD
	* SHUFFLED
	* TURNED
	* EFFECTSTATUSMODIFIER
	* ACTIVATE
	* CONTROLLED
	* OBJECTCHARACTERISTIC
	* TAKE
	* DESTROY
	* TAPSYMBOL
	* HIMSELF
	* ANY
	* SUBTYPESPELL
	* REMAIN
	* LOSE
	* ADD
	* CHOSE
	* OTHERWISE
	* SPEND
	* FLIP
	* UNATTACH
	* EXCHANGE
	* SUBTYPEPLANESWALKER
	* ASSIGN
	* __ANON_14
	* GREATER
	* KEYWORDSTATUSMODIFIER
	* POPULATE
	* AMASS
	* THEM
	* WHILE
	* EQUAL
	* IT
	* SUBTYPECREATUREA
	* MILL
	* OTHER
	* HERSELF
	* SAME
	* SACRIFICED
	* ONTO
	* GAINED
	* ATTACH
	* IF
	* WITH
	* DOES
	* ORDINAL
	* FATESEAL
	* PREVENT
	* A
	* CREATE
	* FIGHT
	* YOUR
	* ABLE
	* EXPLORES
	* SUBTYPEARTIFACT
	* QUALIFIER
	* UP
	* DEAL
	* EXERT
	* FORAGE
	* IS
	* SURVEIL
	* IN
	* ITS
	* SACRIFICE
	* __ANON_20
	* SUPERTYPE
	* WHEN
	* PLAYED
	* UNATTACHED
	* ATTACKED
	* BLOCKED
	* INTO
	* CYCLE
	* HAVE
	* REMOVE
	* INCUBATE
	* TARGET
	* DIE
	* DASH
	* ALL
	* TAPPEDSTATUSMODIFIER
	* CHOOSE
	* CARDINAL
	* LEARN
	* HAS
	* CONNIVE
	* UNTIL
	* LBRACE
	* SUSPECT
	* PLAY
	* CONVERT
	* THEIR
	* EXILE
","Haste
Adamant — If at least three red mana was spent to cast this spell, ~ enters with a +1/+1 counter on it."
141,Fervent Champion,27.087129337999613,False,"No terminal matches ',' in the current parser context, at line 1 col 13

First strike, haste
            ^
Expected one of: 
	* DASH
	* WORD
","First strike, haste
Whenever ~ attacks, another target attacking Knight you control gets +1/+0 until end of turn.
Equip abilities you activate that target ~ cost {3} less to activate."
142,Fires of Invention,22.026438030999998,False,"No terminal matches '.' in the current parser context, at line 1 col 93

n cast no more than two spells each turn.
                                        ^
Expected one of: 
	* DASH
	* WORD
","You can cast spells only during your turn and you can cast no more than two spells each turn.
You may cast spells with mana value less than or equal to the number of lands you control without paying their mana costs."
143,Irencrag Pyromancer,22.07568774399988,False,"No terminal matches ',' in the current parser context, at line 1 col 45

ever you draw your second card each turn, ~ deals 3 damage to any target.
                                        ^
Expected one of: 
	* DASH
	* WORD
","Whenever you draw your second card each turn, ~ deals 3 damage to any target."
144,Irencrag Feat,25.92708396300077,False,"No terminal matches '{' in the current parser context, at line 1 col 11

Add seven {R}. You can cast only one more spell th
          ^
Expected one of: 
	* DASH
	* WORD
",Add seven {R}. You can cast only one more spell this turn.
145,Fling,28.163187461000234,False,"No terminal matches ',' in the current parser context, at line 1 col 41

As an additional cost to cast this spell, sacrifice a creature.
                                        ^
Expected one of: 
	* DASH
	* WORD
","As an additional cost to cast this spell, sacrifice a creature.
~ deals damage equal to the sacrificed creature's power to any target."
146,Joust,25.64165625500027,False,"No terminal matches '.' in the current parser context, at line 1 col 74

l and target creature you do not control. The creature you control gets +2/+1 un
                                        ^
Expected one of: 
	* DASH
	* WORD
",Choose target creature you control and target creature you do not control. The creature you control gets +2/+1 until end of turn if it is a Knight. Then those creatures fight each other. (Each deals damage equal to its power to the other.)
147,Mad Ratter,27.52831508700001,False,"No terminal matches ',' in the current parser context, at line 1 col 45

ever you draw your second card each turn, create two 1/1 black Rat creature toke
                                        ^
Expected one of: 
	* DASH
	* WORD
","Whenever you draw your second card each turn, create two 1/1 black Rat creature tokens."
148,Ogre Errant,23.710795157000575,False,"No terminal matches '~' in the current parser context, at line 1 col 10

Whenever ~ attacks, another target attacking Knig
         ^
Expected one of: 
	* DASH
	* WORD
","Whenever ~ attacks, another target attacking Knight gains menace until end of turn. (It can not be blocked except by two or more creatures.)"
149,Haggle,26.499613218000377,False,"No terminal matches '.' in the current parser context, at line 1 col 23

You may discard a card. If you do, draw a card. (Then exile th
                      ^
Expected one of: 
	* DASH
	* WORD
","You may discard a card. If you do, draw a card. (Then exile this card. You may cast the creature later from exile.)"
150,Opportunistic Dragon,26.92452602999947,False,"No terminal matches '~' in the current parser context, at line 2 col 6

When ~ enters, choose target Human or artifac
     ^
Expected one of: 
	* DASH
	* WORD
","Flying
When ~ enters, choose target Human or artifact an opponent controls. For as long as ~ remains on the battlefield, gain control of that permanent, it loses all abilities, and it can not attack or block."
151,Raging Redcap,29.312006949000533,False,"Unexpected end-of-input. Expected one of: 
	* DASH
	* WORD
",Double strike
152,Redcap Raiders,28.818379256999833,False,"No terminal matches '~' in the current parser context, at line 1 col 10

Whenever ~ attacks, you may tap an untapped non-H
         ^
Expected one of: 
	* DASH
	* WORD
","Whenever ~ attacks, you may tap an untapped non-Human creature you control. If you do, ~ gets +1/+1 and gains trample until end of turn."
153,Boulder Rush,26.795358244000454,False,"No terminal matches '+' in the current parser context, at line 1 col 22

Target creature gets +2/+0 until end of turn. (Then exile thi
                     ^
Expected one of: 
	* DASH
	* WORD
",Target creature gets +2/+0 until end of turn. (Then exile this card. You may cast the creature later from exile.)
154,Robber of the Rich,28.037553070000286,False,"No terminal matches ',' in the current parser context, at line 1 col 6

Reach, haste
     ^
Expected one of: 
	* DASH
	* WORD
","Reach, haste
Whenever ~ attacks, if defending player has more cards in hand than you, exile the top card of their library. During any turn you attacked with a Rogue, you may cast that card and you may spend mana as though it were mana of any color to cast that spell."
155,Merchant of the Vale,82.84211022599993,False,"No terminal matches 'D' in the current parser context, at line 1 col 9

{2}{R}, Discard a card: Draw a card.
        ^
Expected one of: 
	* CLOAK
	* EACH
	* FROM
	* ATTACK
	* COLORTERM
	* DREW
	* WIN
	* DRAW
	* DETAIN
	* TYPE
	* SUBTYPELAND
	* SUPPORT
	* __ANON_18
	* THE
	* THOSE
	* MANIFEST
	* CYCLED
	* RETURN
	* NAMEREFSYMBOL
	* TIMES
	* AN
	* UNDER
	* GAIN
	* SWITCH
	* PROLIFERATE
	* BOLSTER
	* THESE
	* COMBATSTATUSMODIFIER
	* ZONE
	* ON
	* UNTAP
	* CLASH
	* BLOCK
	* PUT
	* LOOKED
	* TURN
	* NUMBER
	* WHO
	* SKIP
	* INVESTIGATE
	* ABANDON
	* DISCARDED
	* CONTROL
	* ABILITYMODIFIER
	* __ANON_19
	* PAY
	* LEVEL
	* X
	* NO
	* SUBTYPEPLANAR
	* UNTAPSYMBOL
	* THAT
	* SUBTYPECREATUREB
	* WITHOUT
	* MONSTROSITY
	* __ANON_21
	* __ANON_17
	* REGENERATE
	* NON
	* ITSELF
	* COUNTER
	* STAR
	* LSQB
	* ONLY
	* MORE
	* PLAYERCHARACTERISTIC
	* CAST
	* DISCOVER
	* REVEAL
	* REVEALED
	* LESS
	* MELD
	* SCRY
	* __ANON_15
	* DOUBLE
	* TRANSFORM
	* SEARCH
	* TAP
	* FREQUENCY
	* ADAPT
	* DISCARD
	* SEARCHED
	* PLAYERTERM
	* DAMAGETYPE
	* SHUFFLE
	* LOOK
	* SUBTYPEENCHANTMENT
	* THIS
	* ATTACHED
	* ADDITIONAL
	* GET
	* GOAD
	* SHUFFLED
	* TURNED
	* EFFECTSTATUSMODIFIER
	* ACTIVATE
	* CONTROLLED
	* OBJECTCHARACTERISTIC
	* TAKE
	* DESTROY
	* TAPSYMBOL
	* HIMSELF
	* ANY
	* SUBTYPESPELL
	* REMAIN
	* LOSE
	* ADD
	* CHOSE
	* FLIP
	* SPEND
	* UNATTACH
	* EXCHANGE
	* SUBTYPEPLANESWALKER
	* ASSIGN
	* __ANON_14
	* GREATER
	* KEYWORDSTATUSMODIFIER
	* POPULATE
	* AMASS
	* THEM
	* IT
	* EQUAL
	* SUBTYPECREATUREA
	* MILL
	* OTHER
	* HERSELF
	* SAME
	* SACRIFICED
	* ONTO
	* GAINED
	* ATTACH
	* WITH
	* ORDINAL
	* FATESEAL
	* PREVENT
	* FIGHT
	* CREATE
	* A
	* YOUR
	* ABLE
	* EXPLORES
	* SUBTYPEARTIFACT
	* QUALIFIER
	* UP
	* DEAL
	* EXERT
	* FORAGE
	* SURVEIL
	* IN
	* ITS
	* SACRIFICE
	* __ANON_20
	* SUPERTYPE
	* PLAYED
	* UNATTACHED
	* ATTACKED
	* BLOCKED
	* INTO
	* CYCLE
	* REMOVE
	* INCUBATE
	* TARGET
	* DIE
	* ALL
	* TAPPEDSTATUSMODIFIER
	* CHOOSE
	* CARDINAL
	* LEARN
	* CONNIVE
	* LBRACE
	* SUSPECT
	* PLAY
	* CONVERT
	* THEIR
	* EXILE
","{2}{R}, Discard a card: Draw a card."
156,Skullknocker Ogre,25.985824594000405,False,"No terminal matches '~' in the current parser context, at line 1 col 10

Whenever ~ deals damage to an opponent, that play
         ^
Expected one of: 
	* DASH
	* WORD
","Whenever ~ deals damage to an opponent, that player discards a card at random. If the player does, they draw a card."
157,Wishclaw Talisman,258.19066756600023,False,"No terminal matches 'R' in the current parser context, at line 2 col 11

{1}, {T}, Remove a wish counter from ~: Search you
          ^
Expected one of: 
	* CLOAK
	* EACH
	* FROM
	* ATTACK
	* COLORTERM
	* DREW
	* WIN
	* DRAW
	* DETAIN
	* TYPE
	* SUBTYPELAND
	* SUPPORT
	* __ANON_18
	* THE
	* THOSE
	* MANIFEST
	* CYCLED
	* RETURN
	* NAMEREFSYMBOL
	* TIMES
	* AN
	* UNDER
	* GAIN
	* SWITCH
	* PROLIFERATE
	* BOLSTER
	* THESE
	* COMBATSTATUSMODIFIER
	* ZONE
	* ON
	* UNTAP
	* CLASH
	* BLOCK
	* PUT
	* LOOKED
	* TURN
	* NUMBER
	* WHO
	* SKIP
	* INVESTIGATE
	* ABANDON
	* DISCARDED
	* CONTROL
	* ABILITYMODIFIER
	* __ANON_19
	* PAY
	* LEVEL
	* X
	* NO
	* SUBTYPEPLANAR
	* UNTAPSYMBOL
	* THAT
	* SUBTYPECREATUREB
	* WITHOUT
	* MONSTROSITY
	* __ANON_21
	* __ANON_17
	* REGENERATE
	* NON
	* ITSELF
	* COUNTER
	* STAR
	* LSQB
	* ONLY
	* MORE
	* PLAYERCHARACTERISTIC
	* CAST
	* DISCOVER
	* REVEAL
	* REVEALED
	* LESS
	* MELD
	* SCRY
	* __ANON_15
	* DOUBLE
	* TRANSFORM
	* SEARCH
	* TAP
	* FREQUENCY
	* ADAPT
	* DISCARD
	* SEARCHED
	* PLAYERTERM
	* DAMAGETYPE
	* SHUFFLE
	* LOOK
	* SUBTYPEENCHANTMENT
	* THIS
	* ATTACHED
	* ADDITIONAL
	* GET
	* GOAD
	* SHUFFLED
	* TURNED
	* EFFECTSTATUSMODIFIER
	* ACTIVATE
	* CONTROLLED
	* OBJECTCHARACTERISTIC
	* TAKE
	* DESTROY
	* TAPSYMBOL
	* HIMSELF
	* ANY
	* SUBTYPESPELL
	* REMAIN
	* LOSE
	* ADD
	* CHOSE
	* FLIP
	* SPEND
	* UNATTACH
	* EXCHANGE
	* SUBTYPEPLANESWALKER
	* ASSIGN
	* __ANON_14
	* GREATER
	* KEYWORDSTATUSMODIFIER
	* POPULATE
	* AMASS
	* THEM
	* IT
	* EQUAL
	* SUBTYPECREATUREA
	* MILL
	* OTHER
	* HERSELF
	* SAME
	* SACRIFICED
	* ONTO
	* GAINED
	* ATTACH
	* WITH
	* ORDINAL
	* FATESEAL
	* PREVENT
	* FIGHT
	* CREATE
	* A
	* YOUR
	* ABLE
	* EXPLORES
	* SUBTYPEARTIFACT
	* QUALIFIER
	* UP
	* DEAL
	* EXERT
	* FORAGE
	* SURVEIL
	* IN
	* ITS
	* SACRIFICE
	* __ANON_20
	* SUPERTYPE
	* PLAYED
	* UNATTACHED
	* ATTACKED
	* BLOCKED
	* INTO
	* CYCLE
	* REMOVE
	* INCUBATE
	* TARGET
	* DIE
	* ALL
	* TAPPEDSTATUSMODIFIER
	* CHOOSE
	* CARDINAL
	* LEARN
	* CONNIVE
	* LBRACE
	* SUSPECT
	* PLAY
	* CONVERT
	* THEIR
	* EXILE
","~ enters with three wish counters on it.
{1}, {T}, Remove a wish counter from ~: Search your library for a card, put it into your hand, then shuffle. An opponent gains control of ~. Activate only during your turn."
158,Rimrock Knight,131.16948731199955,True,,~ can not block.
159,"Syr Carah, the Bold",25.417701669000053,False,"No terminal matches '~' in the current parser context, at line 1 col 10

Whenever ~f or an instant or sorcery spell you co
         ^
Expected one of: 
	* DASH
	* WORD
","Whenever ~f or an instant or sorcery spell you control deals damage to a player, exile the top card of your library. You may play that card this turn.
{T}: ~ deals 1 damage to any target."
160,Thrill of Possibility,26.090177869999934,False,"No terminal matches ',' in the current parser context, at line 1 col 41

As an additional cost to cast this spell, discard a card.
                                        ^
Expected one of: 
	* DASH
	* WORD
","As an additional cost to cast this spell, discard a card.
Draw two cards."
161,"Torbran, Thane of Red Fell",26.993932356000187,False,"No terminal matches ',' in the current parser context, at line 1 col 97

nent or a permanent an opponent controls, it deals that much damage plus 2 inste
                                        ^
Expected one of: 
	* DASH
	* WORD
","If a red source you control would deal damage to an opponent or a permanent an opponent controls, it deals that much damage plus 2 instead."
162,Redcap Melee,249.0865877719998,False,"No terminal matches ',' in the current parser context, at line 1 col 100

onred permanent is dealt damage this way, you sacrifice a land.
                                        ^
Expected one of: 
	* DASH
	* WORD
","~ deals 4 damage to target creature or planeswalker. If a nonred permanent is dealt damage this way, you sacrifice a land."
163,Oathsworn Knight,508.53214658700017,False,"No terminal matches '~' in the current parser context, at line 3 col 29

If damage would be dealt to ~ while it has a +1/+1 counter on it, pr
                            ^
Expected one of: 
	* DASH
	* WORD
","~ enters with four +1/+1 counters on it.
~ attacks each combat if able.
If damage would be dealt to ~ while it has a +1/+1 counter on it, prevent that damage and remove a +1/+1 counter from it."
164,Sundering Stroke,164.78870997100057,False,"No terminal matches ',' in the current parser context, at line 1 col 49

7 damage divided as you choose among one, two, or three targets. If at least sev
                                        ^
Expected one of: 
	* DASH
	* WORD
","~ deals 7 damage divided as you choose among one, two, or three targets. If at least seven red mana was spent to cast this spell, instead ~ deals 7 damage to each of those permanents and/or players."
165,Curious Pair,3.766000190807972e-06,False,'text',
166,Treats to Share,22.650633382000706,False,"No terminal matches '.' in the current parser context, at line 1 col 20

Create a Food token. (Then exile this card. You may cast th
                   ^
Expected one of: 
	* DASH
	* WORD
","Create a Food token. (Then exile this card. You may cast the creature later from exile. A Food token is an artifact with ""{2}, {T}, Sacrifice this artifact: You gain 3 life."".)"
167,Fertile Footsteps,26.525728945000083,False,"No terminal matches ',' in the current parser context, at line 1 col 42

earch your library for a basic land card, put it onto the battlefield, then shuf
                                        ^
Expected one of: 
	* DASH
	* WORD
","Search your library for a basic land card, put it onto the battlefield, then shuffle. (Then exile this card. You may cast the creature later from exile.)"
168,Scorching Dragonfire,258.0620323869998,False,"No terminal matches ',' in the current parser context, at line 1 col 106

ture or planeswalker would die this turn, exile it instead.
                                        ^
Expected one of: 
	* DASH
	* WORD
","~ deals 3 damage to target creature or planeswalker. If that creature or planeswalker would die this turn, exile it instead."
169,Searing Barrage,267.07378029399933,False,"No terminal matches 'I' in the current parser context, at line 2 col 11

Adamant — If at least three red mana was spent to 
          ^
Expected one of: 
	* CLOAK
	* EACH
	* FROM
	* ATTACK
	* COLORTERM
	* DREW
	* WIN
	* DRAW
	* DETAIN
	* TYPE
	* SUBTYPELAND
	* SUPPORT
	* __ANON_18
	* THE
	* THOSE
	* MANIFEST
	* CYCLED
	* AS
	* RETURN
	* NAMEREFSYMBOL
	* TIMES
	* FOR
	* AN
	* UNDER
	* GAIN
	* SWITCH
	* PROLIFERATE
	* BOLSTER
	* THESE
	* COMBATSTATUSMODIFIER
	* ZONE
	* THEN
	* CAN
	* ON
	* MAY
	* UNTAP
	* CLASH
	* DO
	* BLOCK
	* HAD
	* PUT
	* BECOME
	* LOOKED
	* TURN
	* NUMBER
	* WHO
	* SKIP
	* INVESTIGATE
	* ABANDON
	* DISCARDED
	* CONTROL
	* ABILITYMODIFIER
	* __ANON_19
	* PAY
	* X
	* LEVEL
	* NO
	* SUBTYPEPLANAR
	* UNTAPSYMBOL
	* THAT
	* SUBTYPECREATUREB
	* AT
	* BEEN
	* WITHOUT
	* MONSTROSITY
	* __ANON_21
	* __ANON_17
	* REGENERATE
	* NON
	* ITSELF
	* COUNTER
	* AFTER
	* STAR
	* LSQB
	* ONLY
	* BE
	* MORE
	* PLAYERCHARACTERISTIC
	* CAST
	* DISCOVER
	* REVEAL
	* REVEALED
	* LESS
	* MELD
	* WHENEVER
	* SCRY
	* __ANON_15
	* DOUBLE
	* TRANSFORM
	* SEARCH
	* FREQUENCY
	* TAP
	* ADAPT
	* DISCARD
	* SEARCHED
	* WOULD
	* PLAYERTERM
	* DAMAGETYPE
	* SHUFFLE
	* LOOK
	* SUBTYPEENCHANTMENT
	* THIS
	* ATTACHED
	* ADDITIONAL
	* GET
	* GOAD
	* SHUFFLED
	* TURNED
	* EFFECTSTATUSMODIFIER
	* ACTIVATE
	* CONTROLLED
	* OBJECTCHARACTERISTIC
	* TAKE
	* DESTROY
	* TAPSYMBOL
	* HIMSELF
	* ANY
	* SUBTYPESPELL
	* REMAIN
	* LOSE
	* ADD
	* CHOSE
	* OTHERWISE
	* SPEND
	* FLIP
	* UNATTACH
	* EXCHANGE
	* SUBTYPEPLANESWALKER
	* ASSIGN
	* __ANON_14
	* GREATER
	* KEYWORDSTATUSMODIFIER
	* POPULATE
	* AMASS
	* THEM
	* WHILE
	* EQUAL
	* IT
	* SUBTYPECREATUREA
	* MILL
	* OTHER
	* HERSELF
	* SAME
	* SACRIFICED
	* ONTO
	* GAINED
	* ATTACH
	* IF
	* WITH
	* DOES
	* ORDINAL
	* FATESEAL
	* PREVENT
	* A
	* CREATE
	* FIGHT
	* YOUR
	* ABLE
	* EXPLORES
	* SUBTYPEARTIFACT
	* QUALIFIER
	* UP
	* DEAL
	* EXERT
	* FORAGE
	* IS
	* SURVEIL
	* IN
	* ITS
	* SACRIFICE
	* __ANON_20
	* SUPERTYPE
	* WHEN
	* PLAYED
	* UNATTACHED
	* ATTACKED
	* BLOCKED
	* INTO
	* CYCLE
	* HAVE
	* REMOVE
	* INCUBATE
	* TARGET
	* DIE
	* DASH
	* ALL
	* TAPPEDSTATUSMODIFIER
	* CHOOSE
	* CARDINAL
	* LEARN
	* HAS
	* CONNIVE
	* UNTIL
	* LBRACE
	* SUSPECT
	* PLAY
	* CONVERT
	* THEIR
	* EXILE
","~ deals 5 damage to target creature.
Adamant — If at least three red mana was spent to cast this spell, ~ deals 3 damage to that creature's controller."
170,Seven Dwarves,270.432155857,False,"No terminal matches '~' in the current parser context, at line 2 col 41

A deck can have up to seven cards named ~.
                                        ^
Expected one of: 
	* DASH
	* WORD
","~ gets +1/+1 for each other creature named ~ you control.
A deck can have up to seven cards named ~."
171,Edgewall Innkeeper,24.564585722999254,False,"No terminal matches ',' in the current parser context, at line 1 col 57

t a creature spell that has an Adventure, draw a card. (It does not need to have
                                        ^
Expected one of: 
	* DASH
	* WORD
","Whenever you cast a creature spell that has an Adventure, draw a card. (It does not need to have gone on the adventure first.)"
172,Feasting Troll King,26.572422134999215,False,"No terminal matches ',' in the current parser context, at line 1 col 10

Vigilance, trample
         ^
Expected one of: 
	* DASH
	* WORD
","Vigilance, trample
When ~ enters, if you cast it from your hand, create three Food tokens. (they are artifacts with ""{2}, {T}, Sacrifice this artifact: You gain 3 life."".)
Sacrifice three Foods: Return ~ from your graveyard to the battlefield. Activate only during your turn."
173,Garenbrig Carver,4.616999831341673e-06,False,'text',
174,Fierce Witchstalker,22.8770833640001,False,"No terminal matches '(' in the current parser context, at line 1 col 9

Trample (This creature can deal excess combat da
        ^
Expected one of: 
	* DASH
	* WORD
","Trample (This creature can deal excess combat damage to the player or planeswalker it is attacking.)
When ~ enters, create a Food token. (it is an artifact with ""{2}, {T}, Sacrifice this artifact: You gain 3 life."".)"
175,Welcome Home,23.59456617199976,False,"No terminal matches '2' in the current parser context, at line 1 col 14

Create three 2/2 green Bear creature tokens. (Then ex
             ^
Expected one of: 
	* DASH
	* WORD
",Create three 2/2 green Bear creature tokens. (Then exile this card. You may cast the creature later from exile.)
176,Flaxen Intruder,26.769482242999402,False,"No terminal matches '~' in the current parser context, at line 1 col 10

Whenever ~ deals combat damage to a player, you m
         ^
Expected one of: 
	* DASH
	* WORD
","Whenever ~ deals combat damage to a player, you may sacrifice it. When you do, destroy target artifact or enchantment."
177,Shield's Might,25.740677578999566,False,"No terminal matches '+' in the current parser context, at line 1 col 22

Target creature gets +2/+2 until end of turn. (Then exile thi
                     ^
Expected one of: 
	* DASH
	* WORD
",Target creature gets +2/+2 until end of turn. (Then exile this card. You may cast the creature later from exile.)
178,Garenbrig Squire,26.750758402999963,False,"No terminal matches ',' in the current parser context, at line 1 col 57

t a creature spell that has an Adventure, ~ gets +1/+1 until end of turn. (It do
                                        ^
Expected one of: 
	* DASH
	* WORD
","Whenever you cast a creature spell that has an Adventure, ~ gets +1/+1 until end of turn. (It does not need to have gone on the adventure first.)"
179,Giant Opportunity,26.671221449000768,False,"No terminal matches '.' in the current parser context, at line 1 col 28

You may sacrifice two Foods. If you do, create a 7/7 green Giant cr
                           ^
Expected one of: 
	* DASH
	* WORD
","You may sacrifice two Foods. If you do, create a 7/7 green Giant creature token. Otherwise, create three Food tokens. (they are artifacts with ""{2}, {T}, Sacrifice this artifact: You gain 3 life."".)"
180,Gilded Goose,27.147861269000714,False,"No terminal matches '~' in the current parser context, at line 2 col 6

When ~ enters, create a Food token. (it is an
     ^
Expected one of: 
	* DASH
	* WORD
","Flying
When ~ enters, create a Food token. (it is an artifact with ""{2}, {T}, Sacrifice this artifact: You gain 3 life."".)
{1}{G}, {T}: Create a Food token.
{T}, Sacrifice a Food: Add one mana of any color."
181,Slaying Fire,299.1971052990002,False,"No terminal matches 'I' in the current parser context, at line 2 col 11

Adamant — If at least three red mana was spent to 
          ^
Expected one of: 
	* CLOAK
	* EACH
	* FROM
	* ATTACK
	* COLORTERM
	* DREW
	* WIN
	* DRAW
	* DETAIN
	* TYPE
	* SUBTYPELAND
	* SUPPORT
	* __ANON_18
	* THE
	* THOSE
	* MANIFEST
	* CYCLED
	* AS
	* RETURN
	* NAMEREFSYMBOL
	* TIMES
	* FOR
	* AN
	* UNDER
	* GAIN
	* SWITCH
	* PROLIFERATE
	* BOLSTER
	* THESE
	* COMBATSTATUSMODIFIER
	* ZONE
	* THEN
	* CAN
	* ON
	* MAY
	* UNTAP
	* CLASH
	* DO
	* BLOCK
	* HAD
	* PUT
	* BECOME
	* LOOKED
	* TURN
	* NUMBER
	* WHO
	* SKIP
	* INVESTIGATE
	* ABANDON
	* DISCARDED
	* CONTROL
	* ABILITYMODIFIER
	* __ANON_19
	* PAY
	* X
	* LEVEL
	* NO
	* SUBTYPEPLANAR
	* UNTAPSYMBOL
	* THAT
	* SUBTYPECREATUREB
	* AT
	* BEEN
	* WITHOUT
	* MONSTROSITY
	* __ANON_21
	* __ANON_17
	* REGENERATE
	* NON
	* ITSELF
	* COUNTER
	* AFTER
	* STAR
	* LSQB
	* ONLY
	* BE
	* MORE
	* PLAYERCHARACTERISTIC
	* CAST
	* DISCOVER
	* REVEAL
	* REVEALED
	* LESS
	* MELD
	* WHENEVER
	* SCRY
	* __ANON_15
	* DOUBLE
	* TRANSFORM
	* SEARCH
	* FREQUENCY
	* TAP
	* ADAPT
	* DISCARD
	* SEARCHED
	* WOULD
	* PLAYERTERM
	* DAMAGETYPE
	* SHUFFLE
	* LOOK
	* SUBTYPEENCHANTMENT
	* THIS
	* ATTACHED
	* ADDITIONAL
	* GET
	* GOAD
	* SHUFFLED
	* TURNED
	* EFFECTSTATUSMODIFIER
	* ACTIVATE
	* CONTROLLED
	* OBJECTCHARACTERISTIC
	* TAKE
	* DESTROY
	* TAPSYMBOL
	* HIMSELF
	* ANY
	* SUBTYPESPELL
	* REMAIN
	* LOSE
	* ADD
	* CHOSE
	* OTHERWISE
	* SPEND
	* FLIP
	* UNATTACH
	* EXCHANGE
	* SUBTYPEPLANESWALKER
	* ASSIGN
	* __ANON_14
	* GREATER
	* KEYWORDSTATUSMODIFIER
	* POPULATE
	* AMASS
	* THEM
	* WHILE
	* EQUAL
	* IT
	* SUBTYPECREATUREA
	* MILL
	* OTHER
	* HERSELF
	* SAME
	* SACRIFICED
	* ONTO
	* GAINED
	* ATTACH
	* IF
	* WITH
	* DOES
	* ORDINAL
	* FATESEAL
	* PREVENT
	* A
	* CREATE
	* FIGHT
	* YOUR
	* ABLE
	* EXPLORES
	* SUBTYPEARTIFACT
	* QUALIFIER
	* UP
	* DEAL
	* EXERT
	* FORAGE
	* IS
	* SURVEIL
	* IN
	* ITS
	* SACRIFICE
	* __ANON_20
	* SUPERTYPE
	* WHEN
	* PLAYED
	* UNATTACHED
	* ATTACKED
	* BLOCKED
	* INTO
	* CYCLE
	* HAVE
	* REMOVE
	* INCUBATE
	* TARGET
	* DIE
	* DASH
	* ALL
	* TAPPEDSTATUSMODIFIER
	* CHOOSE
	* CARDINAL
	* LEARN
	* HAS
	* CONNIVE
	* UNTIL
	* LBRACE
	* SUSPECT
	* PLAY
	* CONVERT
	* THEIR
	* EXILE
","~ deals 3 damage to any target.
Adamant — If at least three red mana was spent to cast this spell, it deals 4 damage instead."
182,Garenbrig Paladin,50.45175221599948,False,"No terminal matches 'I' in the current parser context, at line 1 col 11

Adamant — If at least three green mana was spent t
          ^
Expected one of: 
	* CLOAK
	* EACH
	* FROM
	* ATTACK
	* COLORTERM
	* DREW
	* WIN
	* DRAW
	* DETAIN
	* TYPE
	* SUBTYPELAND
	* SUPPORT
	* __ANON_18
	* THE
	* THOSE
	* MANIFEST
	* CYCLED
	* AS
	* RETURN
	* NAMEREFSYMBOL
	* TIMES
	* FOR
	* AN
	* UNDER
	* GAIN
	* SWITCH
	* PROLIFERATE
	* BOLSTER
	* THESE
	* COMBATSTATUSMODIFIER
	* ZONE
	* THEN
	* CAN
	* ON
	* MAY
	* UNTAP
	* CLASH
	* DO
	* BLOCK
	* HAD
	* PUT
	* BECOME
	* LOOKED
	* TURN
	* NUMBER
	* WHO
	* SKIP
	* INVESTIGATE
	* ABANDON
	* DISCARDED
	* CONTROL
	* ABILITYMODIFIER
	* __ANON_19
	* PAY
	* X
	* LEVEL
	* NO
	* SUBTYPEPLANAR
	* UNTAPSYMBOL
	* THAT
	* SUBTYPECREATUREB
	* AT
	* BEEN
	* WITHOUT
	* MONSTROSITY
	* __ANON_21
	* __ANON_17
	* REGENERATE
	* NON
	* ITSELF
	* COUNTER
	* AFTER
	* STAR
	* LSQB
	* ONLY
	* BE
	* MORE
	* PLAYERCHARACTERISTIC
	* CAST
	* DISCOVER
	* REVEAL
	* REVEALED
	* LESS
	* MELD
	* WHENEVER
	* SCRY
	* __ANON_15
	* DOUBLE
	* TRANSFORM
	* SEARCH
	* FREQUENCY
	* TAP
	* ADAPT
	* DISCARD
	* SEARCHED
	* WOULD
	* PLAYERTERM
	* DAMAGETYPE
	* SHUFFLE
	* LOOK
	* SUBTYPEENCHANTMENT
	* THIS
	* ATTACHED
	* ADDITIONAL
	* GET
	* GOAD
	* SHUFFLED
	* TURNED
	* EFFECTSTATUSMODIFIER
	* ACTIVATE
	* CONTROLLED
	* OBJECTCHARACTERISTIC
	* TAKE
	* DESTROY
	* TAPSYMBOL
	* HIMSELF
	* ANY
	* SUBTYPESPELL
	* REMAIN
	* LOSE
	* ADD
	* CHOSE
	* OTHERWISE
	* SPEND
	* FLIP
	* UNATTACH
	* EXCHANGE
	* SUBTYPEPLANESWALKER
	* ASSIGN
	* __ANON_14
	* GREATER
	* KEYWORDSTATUSMODIFIER
	* POPULATE
	* AMASS
	* THEM
	* WHILE
	* EQUAL
	* IT
	* SUBTYPECREATUREA
	* MILL
	* OTHER
	* HERSELF
	* SAME
	* SACRIFICED
	* ONTO
	* GAINED
	* ATTACH
	* IF
	* WITH
	* DOES
	* ORDINAL
	* FATESEAL
	* PREVENT
	* A
	* CREATE
	* FIGHT
	* YOUR
	* ABLE
	* EXPLORES
	* SUBTYPEARTIFACT
	* QUALIFIER
	* UP
	* DEAL
	* EXERT
	* FORAGE
	* IS
	* SURVEIL
	* IN
	* ITS
	* SACRIFICE
	* __ANON_20
	* SUPERTYPE
	* WHEN
	* PLAYED
	* UNATTACHED
	* ATTACKED
	* BLOCKED
	* INTO
	* CYCLE
	* HAVE
	* REMOVE
	* INCUBATE
	* TARGET
	* DIE
	* DASH
	* ALL
	* TAPPEDSTATUSMODIFIER
	* CHOOSE
	* CARDINAL
	* LEARN
	* HAS
	* CONNIVE
	* UNTIL
	* LBRACE
	* SUSPECT
	* PLAY
	* CONVERT
	* THEIR
	* EXILE
","Adamant — If at least three green mana was spent to cast this spell, ~ enters with a +1/+1 counter on it.
~ can not be blocked by creatures with power 2 or less."
183,The Great Henge,26.853818508000586,False,"No terminal matches '{' in the current parser context, at line 1 col 18

This spell costs {X} less to cast, where X is the greates
                 ^
Expected one of: 
	* DASH
	* WORD
","This spell costs {X} less to cast, where X is the greatest power among creatures you control.
{T}: Add {G}{G}. You gain 2 life.
Whenever a nontoken creature you control enters, put a +1/+1 counter on it and draw a card."
184,Insatiable Appetite,24.32792916699964,False,"No terminal matches '.' in the current parser context, at line 1 col 25

You may sacrifice a Food. If you do, target creature gets +5/+5 
                        ^
Expected one of: 
	* DASH
	* WORD
","You may sacrifice a Food. If you do, target creature gets +5/+5 until end of turn. Otherwise, that creature gets +3/+3 until end of turn."
185,Keeper of Fables,24.648367228000097,False,"No terminal matches '-' in the current parser context, at line 1 col 25

Whenever one or more non-Human creatures you control deal combat
                        ^
Expected one of: 
	* DASH
	* WORD
","Whenever one or more non-Human creatures you control deal combat damage to a player, draw a card."
186,Kenrith's Transformation,26.41541013799997,False,"No terminal matches '~' in the current parser context, at line 2 col 6

When ~ enters, draw a card.
     ^
Expected one of: 
	* DASH
	* WORD
","Enchant creature
When ~ enters, draw a card.
Enchanted creature loses all abilities and is a green Elk creature with base power and toughness 3/3. (It loses all other card types and creature types.)"
187,Oakhame Adversary,22.758464638999612,False,"No terminal matches '{' in the current parser context, at line 1 col 18

This spell costs {2} less to cast if an opponent controls
                 ^
Expected one of: 
	* DASH
	* WORD
","This spell costs {2} less to cast if an opponent controls a green permanent.
Deathtouch
Whenever ~ deals combat damage to a player, draw a card."
188,Maraleaf Rider,27.426937174999694,False,"No terminal matches ':' in the current parser context, at line 1 col 17

Sacrifice a Food: Target creature blocks ~ this turn if 
                ^
Expected one of: 
	* DASH
	* WORD
",Sacrifice a Food: Target creature blocks ~ this turn if able.
189,Heart's Desire,27.71204839299935,False,"No terminal matches '1' in the current parser context, at line 1 col 10

Create a 1/1 white Human creature token. (Then ex
         ^
Expected one of: 
	* DASH
	* WORD
",Create a 1/1 white Human creature token. (Then exile this card. You may cast the creature later from exile.)
190,Once and Future,26.448278539999592,False,"No terminal matches '.' in the current parser context, at line 1 col 52

et card from your graveyard to your hand. Put up to one other target card from y
                                        ^
Expected one of: 
	* DASH
	* WORD
","Return target card from your graveyard to your hand. Put up to one other target card from your graveyard on top of your library. Exile ~.
Adamant — If at least three green mana was spent to cast this spell, instead return those cards to your hand and exile ~."
191,Weaselback Redcap,214.45892917700075,True,,{1}{R}: ~ gets +2/+0 until end of turn.
192,Questing Beast,23.8896784869994,False,"No terminal matches ',' in the current parser context, at line 1 col 10

Vigilance, deathtouch, haste
         ^
Expected one of: 
	* DASH
	* WORD
","Vigilance, deathtouch, haste
~ can not be blocked by creatures with power 2 or less.
Combat damage that would be dealt by creatures you control can not be prevented.
Whenever ~ deals combat damage to an opponent, it deals that much damage to target planeswalker that player controls."
193,Once Upon a Time,26.340605317000154,False,"No terminal matches ',' in the current parser context, at line 1 col 57

 the first spell you have cast this game, you may cast it without paying its man
                                        ^
Expected one of: 
	* DASH
	* WORD
","If this spell is the first spell you have cast this game, you may cast it without paying its mana cost.
Look at the top five cards of your library. You may reveal a creature or land card from among them and put it into your hand. Put the rest on the bottom of your library in a random order."
194,Outmuscle,26.590651610999885,False,"No terminal matches '+' in the current parser context, at line 1 col 7

Put a +1/+1 counter on target creature you con
      ^
Expected one of: 
	* DASH
	* WORD
","Put a +1/+1 counter on target creature you control, then it fights target creature you do not control. (Each deals damage equal to its power to the other.)
Adamant — If at least three green mana was spent to cast this spell, the creature you control gains indestructible until end of turn."
195,Seasonal Ritual,24.39422221299992,False,"No terminal matches '.' in the current parser context, at line 1 col 26

Add one mana of any color. (Then exile this card. You may cast th
                         ^
Expected one of: 
	* DASH
	* WORD
",Add one mana of any color. (Then exile this card. You may cast the creature later from exile.)
196,Rosethorn Halberd,28.065151013000104,False,"No terminal matches '~' in the current parser context, at line 1 col 6

When ~ enters, attach it to target non-Human 
     ^
Expected one of: 
	* DASH
	* WORD
","When ~ enters, attach it to target non-Human creature you control.
Equipped creature gets +2/+1.
Equip {5} ({5}: Attach to target creature you control. Equip only as a sorcery.)"
197,Return of the Wildspeaker,50.96622179800033,False,"No terminal matches '•' in the current parser context, at line 2 col 1

• Draw cards equal to the greatest power
^
Expected one of: 
	* CLOAK
	* EACH
	* FROM
	* ATTACK
	* COLORTERM
	* DREW
	* WIN
	* DRAW
	* DETAIN
	* TYPE
	* SUBTYPELAND
	* SUPPORT
	* __ANON_18
	* THE
	* THOSE
	* MANIFEST
	* CYCLED
	* AS
	* RETURN
	* NAMEREFSYMBOL
	* TIMES
	* FOR
	* AN
	* UNDER
	* GAIN
	* SWITCH
	* PROLIFERATE
	* BOLSTER
	* THESE
	* COMBATSTATUSMODIFIER
	* ZONE
	* THEN
	* CAN
	* ON
	* MAY
	* UNTAP
	* CLASH
	* DO
	* BLOCK
	* HAD
	* PUT
	* BECOME
	* LOOKED
	* TURN
	* NUMBER
	* WHO
	* SKIP
	* INVESTIGATE
	* ABANDON
	* DISCARDED
	* CONTROL
	* ABILITYMODIFIER
	* __ANON_19
	* PAY
	* X
	* LEVEL
	* NO
	* SUBTYPEPLANAR
	* UNTAPSYMBOL
	* THAT
	* SUBTYPECREATUREB
	* AT
	* BEEN
	* WITHOUT
	* MONSTROSITY
	* __ANON_21
	* __ANON_17
	* REGENERATE
	* NON
	* ITSELF
	* COUNTER
	* AFTER
	* STAR
	* LSQB
	* ONLY
	* BE
	* MORE
	* PLAYERCHARACTERISTIC
	* CAST
	* DISCOVER
	* REVEAL
	* REVEALED
	* LESS
	* MELD
	* WHENEVER
	* SCRY
	* __ANON_15
	* DOUBLE
	* TRANSFORM
	* SEARCH
	* FREQUENCY
	* TAP
	* ADAPT
	* DISCARD
	* SEARCHED
	* WOULD
	* PLAYERTERM
	* DAMAGETYPE
	* SHUFFLE
	* LOOK
	* SUBTYPEENCHANTMENT
	* THIS
	* ATTACHED
	* ADDITIONAL
	* GET
	* GOAD
	* SHUFFLED
	* TURNED
	* EFFECTSTATUSMODIFIER
	* ACTIVATE
	* CONTROLLED
	* OBJECTCHARACTERISTIC
	* TAKE
	* DESTROY
	* TAPSYMBOL
	* HIMSELF
	* ANY
	* SUBTYPESPELL
	* REMAIN
	* LOSE
	* ADD
	* CHOSE
	* OTHERWISE
	* SPEND
	* FLIP
	* UNATTACH
	* EXCHANGE
	* SUBTYPEPLANESWALKER
	* ASSIGN
	* __ANON_14
	* GREATER
	* KEYWORDSTATUSMODIFIER
	* POPULATE
	* AMASS
	* THEM
	* WHILE
	* EQUAL
	* IT
	* SUBTYPECREATUREA
	* MILL
	* OTHER
	* HERSELF
	* SAME
	* SACRIFICED
	* ONTO
	* GAINED
	* ATTACH
	* IF
	* WITH
	* DOES
	* ORDINAL
	* FATESEAL
	* PREVENT
	* A
	* CREATE
	* FIGHT
	* YOUR
	* ABLE
	* EXPLORES
	* SUBTYPEARTIFACT
	* QUALIFIER
	* UP
	* DEAL
	* EXERT
	* FORAGE
	* IS
	* SURVEIL
	* IN
	* ITS
	* SACRIFICE
	* __ANON_20
	* SUPERTYPE
	* WHEN
	* PLAYED
	* UNATTACHED
	* ATTACKED
	* BLOCKED
	* INTO
	* CYCLE
	* HAVE
	* REMOVE
	* INCUBATE
	* TARGET
	* DIE
	* DASH
	* ALL
	* TAPPEDSTATUSMODIFIER
	* CHOOSE
	* CARDINAL
	* LEARN
	* HAS
	* CONNIVE
	* UNTIL
	* LBRACE
	* SUSPECT
	* PLAY
	* CONVERT
	* THEIR
	* EXILE
","Choose one —
• Draw cards equal to the greatest power among non-Human creatures you control.
• Non-Human creatures you control get +3/+3 until end of turn."
198,Return to Nature,48.65637091000008,False,"No terminal matches '•' in the current parser context, at line 2 col 1

• Destroy target artifact.
^
Expected one of: 
	* CLOAK
	* EACH
	* FROM
	* ATTACK
	* COLORTERM
	* DREW
	* WIN
	* DRAW
	* DETAIN
	* TYPE
	* SUBTYPELAND
	* SUPPORT
	* __ANON_18
	* THE
	* THOSE
	* MANIFEST
	* CYCLED
	* AS
	* RETURN
	* NAMEREFSYMBOL
	* TIMES
	* FOR
	* AN
	* UNDER
	* GAIN
	* SWITCH
	* PROLIFERATE
	* BOLSTER
	* THESE
	* COMBATSTATUSMODIFIER
	* ZONE
	* THEN
	* CAN
	* ON
	* MAY
	* UNTAP
	* CLASH
	* DO
	* BLOCK
	* HAD
	* PUT
	* BECOME
	* LOOKED
	* TURN
	* NUMBER
	* WHO
	* SKIP
	* INVESTIGATE
	* ABANDON
	* DISCARDED
	* CONTROL
	* ABILITYMODIFIER
	* __ANON_19
	* PAY
	* X
	* LEVEL
	* NO
	* SUBTYPEPLANAR
	* UNTAPSYMBOL
	* THAT
	* SUBTYPECREATUREB
	* AT
	* BEEN
	* WITHOUT
	* MONSTROSITY
	* __ANON_21
	* __ANON_17
	* REGENERATE
	* NON
	* ITSELF
	* COUNTER
	* AFTER
	* STAR
	* LSQB
	* ONLY
	* BE
	* MORE
	* PLAYERCHARACTERISTIC
	* CAST
	* DISCOVER
	* REVEAL
	* REVEALED
	* LESS
	* MELD
	* WHENEVER
	* SCRY
	* __ANON_15
	* DOUBLE
	* TRANSFORM
	* SEARCH
	* FREQUENCY
	* TAP
	* ADAPT
	* DISCARD
	* SEARCHED
	* WOULD
	* PLAYERTERM
	* DAMAGETYPE
	* SHUFFLE
	* LOOK
	* SUBTYPEENCHANTMENT
	* THIS
	* ATTACHED
	* ADDITIONAL
	* GET
	* GOAD
	* SHUFFLED
	* TURNED
	* EFFECTSTATUSMODIFIER
	* ACTIVATE
	* CONTROLLED
	* OBJECTCHARACTERISTIC
	* TAKE
	* DESTROY
	* TAPSYMBOL
	* HIMSELF
	* ANY
	* SUBTYPESPELL
	* REMAIN
	* LOSE
	* ADD
	* CHOSE
	* OTHERWISE
	* SPEND
	* FLIP
	* UNATTACH
	* EXCHANGE
	* SUBTYPEPLANESWALKER
	* ASSIGN
	* __ANON_14
	* GREATER
	* KEYWORDSTATUSMODIFIER
	* POPULATE
	* AMASS
	* THEM
	* WHILE
	* EQUAL
	* IT
	* SUBTYPECREATUREA
	* MILL
	* OTHER
	* HERSELF
	* SAME
	* SACRIFICED
	* ONTO
	* GAINED
	* ATTACH
	* IF
	* WITH
	* DOES
	* ORDINAL
	* FATESEAL
	* PREVENT
	* A
	* CREATE
	* FIGHT
	* YOUR
	* ABLE
	* EXPLORES
	* SUBTYPEARTIFACT
	* QUALIFIER
	* UP
	* DEAL
	* EXERT
	* FORAGE
	* IS
	* SURVEIL
	* IN
	* ITS
	* SACRIFICE
	* __ANON_20
	* SUPERTYPE
	* WHEN
	* PLAYED
	* UNATTACHED
	* ATTACKED
	* BLOCKED
	* INTO
	* CYCLE
	* HAVE
	* REMOVE
	* INCUBATE
	* TARGET
	* DIE
	* DASH
	* ALL
	* TAPPEDSTATUSMODIFIER
	* CHOOSE
	* CARDINAL
	* LEARN
	* HAS
	* CONNIVE
	* UNTIL
	* LBRACE
	* SUSPECT
	* PLAY
	* CONVERT
	* THEIR
	* EXILE
","Choose one —
• Destroy target artifact.
• Destroy target enchantment.
• Exile target card from a graveyard."
199,Rosethorn Acolyte,51.03334728400023,False,"No terminal matches 'A' in the current parser context, at line 1 col 6

{T}: Add one mana of any color.
     ^
Expected one of: 
	* CLOAK
	* EACH
	* FROM
	* ATTACK
	* COLORTERM
	* DREW
	* WIN
	* DRAW
	* DETAIN
	* TYPE
	* SUBTYPELAND
	* SUPPORT
	* __ANON_18
	* THE
	* THOSE
	* MANIFEST
	* CYCLED
	* AS
	* RETURN
	* NAMEREFSYMBOL
	* TIMES
	* FOR
	* AN
	* UNDER
	* GAIN
	* SWITCH
	* PROLIFERATE
	* BOLSTER
	* THESE
	* COMBATSTATUSMODIFIER
	* ZONE
	* THEN
	* CAN
	* ON
	* MAY
	* UNTAP
	* CLASH
	* DO
	* BLOCK
	* HAD
	* PUT
	* BECOME
	* LOOKED
	* TURN
	* NUMBER
	* WHO
	* SKIP
	* INVESTIGATE
	* ABANDON
	* DISCARDED
	* CONTROL
	* ABILITYMODIFIER
	* __ANON_19
	* PAY
	* X
	* LEVEL
	* NO
	* SUBTYPEPLANAR
	* UNTAPSYMBOL
	* THAT
	* SUBTYPECREATUREB
	* AT
	* BEEN
	* WITHOUT
	* MONSTROSITY
	* __ANON_21
	* __ANON_17
	* REGENERATE
	* NON
	* ITSELF
	* COUNTER
	* AFTER
	* STAR
	* LSQB
	* ONLY
	* BE
	* MORE
	* PLAYERCHARACTERISTIC
	* CAST
	* DISCOVER
	* REVEAL
	* REVEALED
	* LESS
	* MELD
	* WHENEVER
	* SCRY
	* __ANON_15
	* DOUBLE
	* TRANSFORM
	* SEARCH
	* FREQUENCY
	* TAP
	* ADAPT
	* DISCARD
	* SEARCHED
	* WOULD
	* PLAYERTERM
	* DAMAGETYPE
	* SHUFFLE
	* LOOK
	* SUBTYPEENCHANTMENT
	* THIS
	* ATTACHED
	* ADDITIONAL
	* GET
	* GOAD
	* SHUFFLED
	* TURNED
	* EFFECTSTATUSMODIFIER
	* ACTIVATE
	* CONTROLLED
	* OBJECTCHARACTERISTIC
	* TAKE
	* DESTROY
	* TAPSYMBOL
	* HIMSELF
	* ANY
	* SUBTYPESPELL
	* REMAIN
	* LOSE
	* ADD
	* CHOSE
	* OTHERWISE
	* SPEND
	* FLIP
	* UNATTACH
	* EXCHANGE
	* SUBTYPEPLANESWALKER
	* ASSIGN
	* __ANON_14
	* GREATER
	* KEYWORDSTATUSMODIFIER
	* POPULATE
	* AMASS
	* THEM
	* WHILE
	* EQUAL
	* IT
	* SUBTYPECREATUREA
	* MILL
	* OTHER
	* HERSELF
	* SAME
	* SACRIFICED
	* ONTO
	* GAINED
	* ATTACH
	* IF
	* WITH
	* DOES
	* ORDINAL
	* FATESEAL
	* PREVENT
	* A
	* CREATE
	* FIGHT
	* YOUR
	* ABLE
	* EXPLORES
	* SUBTYPEARTIFACT
	* QUALIFIER
	* UP
	* DEAL
	* EXERT
	* FORAGE
	* IS
	* SURVEIL
	* IN
	* ITS
	* SACRIFICE
	* __ANON_20
	* SUPERTYPE
	* WHEN
	* PLAYED
	* UNATTACHED
	* ATTACKED
	* BLOCKED
	* INTO
	* CYCLE
	* HAVE
	* REMOVE
	* INCUBATE
	* TARGET
	* DIE
	* DASH
	* ALL
	* TAPPEDSTATUSMODIFIER
	* CHOOSE
	* CARDINAL
	* LEARN
	* HAS
	* CONNIVE
	* UNTIL
	* LBRACE
	* SUSPECT
	* PLAY
	* CONVERT
	* THEIR
	* EXILE
",{T}: Add one mana of any color.
200,Tuinvale Treefolk,4.386000000522472e-06,False,'text',
201,Sporecap Spider,26.47253819300022,False,"Unexpected end-of-input. Expected one of: 
	* DASH
	* WORD
",Reach
202,"Syr Faren, the Hengehammer",24.321108486999947,False,"No terminal matches '~' in the current parser context, at line 1 col 10

Whenever ~f attacks, another target attacking cre
         ^
Expected one of: 
	* DASH
	* WORD
","Whenever ~f attacks, another target attacking creature gets +X/+X until end of turn, where X is ~'s power."
203,Tall as a Beanstalk,27.839931714999693,False,"No terminal matches '+' in the current parser context, at line 2 col 25

Enchanted creature gets +3/+3, has reach, and is a Giant in addi
                        ^
Expected one of: 
	* DASH
	* WORD
","Enchant creature
Enchanted creature gets +3/+3, has reach, and is a Giant in addition to its other types."
204,Trail of Crumbs,26.625568826000745,False,"No terminal matches '~' in the current parser context, at line 1 col 6

When ~ enters, create a Food token. (it is an
     ^
Expected one of: 
	* DASH
	* WORD
","When ~ enters, create a Food token. (it is an artifact with ""{2}, {T}, Sacrifice this artifact: You gain 3 life."".)
Whenever you sacrifice a Food, you may pay {1}. If you do, look at the top two cards of your library. You may reveal a permanent card from among them and put it into your hand. Put the rest on the bottom of your library in any order."
205,Wicked Wolf,24.12457476200052,False,"No terminal matches '~' in the current parser context, at line 1 col 6

When ~ enters, it fights up to one target cre
     ^
Expected one of: 
	* DASH
	* WORD
","When ~ enters, it fights up to one target creature you do not control.
Sacrifice a Food: Put a +1/+1 counter on ~. It gains indestructible until end of turn. Tap it."
206,Oaken Boon,26.21127875899947,False,"No terminal matches '+' in the current parser context, at line 1 col 9

Put two +1/+1 counters on target creature. (Then
        ^
Expected one of: 
	* DASH
	* WORD
",Put two +1/+1 counters on target creature. (Then exile this card. You may cast the creature later from exile.)
207,Wildborn Preserver,24.23871211000005,False,"No terminal matches '-' in the current parser context, at line 3 col 21

Whenever another non-Human creature you control enters, you 
                    ^
Expected one of: 
	* DASH
	* WORD
","Flash
Reach
Whenever another non-Human creature you control enters, you may pay {X}. When you do, put X +1/+1 counters on ~."
208,Wildwood Tracker,26.098478869000246,False,"No terminal matches '~' in the current parser context, at line 1 col 10

Whenever ~ attacks or blocks, if you control anot
         ^
Expected one of: 
	* DASH
	* WORD
","Whenever ~ attacks or blocks, if you control another non-Human creature, ~ gets +1/+1 until end of turn."
209,Wolf's Quarry,26.81041554100011,False,"No terminal matches '1' in the current parser context, at line 1 col 14

Create three 1/1 green Boar creature tokens with ""Whe
             ^
Expected one of: 
	* DASH
	* WORD
","Create three 1/1 green Boar creature tokens with ""When this creature dies, create a Food token."". (A Food token is an artifact with ""{2}, {T}, Sacrifice this artifact: You gain 3 life."".)"
210,Dance of the Manse,26.60325089700018,False,"No terminal matches '/' in the current parser context, at line 1 col 35

Return up to X target artifact and/or non-Aura enchantment cards each with
                                  ^
Expected one of: 
	* DASH
	* WORD
","Return up to X target artifact and/or non-Aura enchantment cards each with mana value X or less from your graveyard to the battlefield. If X is 6 or more, those permanents are 4/4 creatures in addition to their other types."
211,Doom Foretold,24.74394215800021,False,"No terminal matches ''' in the current parser context, at line 1 col 32

At the beginning of each player's upkeep, that player sacrifices a nonl
                               ^
Expected one of: 
	* DASH
	* WORD
","At the beginning of each player's upkeep, that player sacrifices a nonland, nontoken permanent of their choice. If that player can not, they discard a card, they lose 2 life, you draw a card, you gain 2 life, you create a 2/2 white Knight creature token with vigilance, then you sacrifice ~."
212,Escape to the Wilds,24.089926253999693,False,"No terminal matches '.' in the current parser context, at line 1 col 41

Exile the top five cards of your library. You may play cards exiled this way unt
                                        ^
Expected one of: 
	* DASH
	* WORD
","Exile the top five cards of your library. You may play cards exiled this way until the end of your next turn.
You may play an additional land this turn."
213,Fell the Pheasant,266.96598528899995,False,"No terminal matches '.' in the current parser context, at line 1 col 69

reature with flying. Create a Food token. (it is an artifact with ""{2}, {T}, Sac
                                        ^
Expected one of: 
	* DASH
	* WORD
","~ deals 5 damage to target creature with flying. Create a Food token. (it is an artifact with ""{2}, {T}, Sacrifice this artifact: You gain 3 life."".)"
214,Faeburrow Elder,24.978284052999697,False,"No terminal matches '~' in the current parser context, at line 2 col 1

~ gets +1/+1 for each color among perman
^
Expected one of: 
	* DASH
	* WORD
","Vigilance
~ gets +1/+1 for each color among permanents you control.
{T}: For each color among permanents you control, add one mana of that color."
215,Drown in the Loch,49.56634165899959,False,"No terminal matches '•' in the current parser context, at line 2 col 1

• Counter target spell with mana value l
^
Expected one of: 
	* CLOAK
	* EACH
	* FROM
	* ATTACK
	* COLORTERM
	* DREW
	* WIN
	* DRAW
	* DETAIN
	* TYPE
	* SUBTYPELAND
	* SUPPORT
	* __ANON_18
	* THE
	* THOSE
	* MANIFEST
	* CYCLED
	* AS
	* RETURN
	* NAMEREFSYMBOL
	* TIMES
	* FOR
	* AN
	* UNDER
	* GAIN
	* SWITCH
	* PROLIFERATE
	* BOLSTER
	* THESE
	* COMBATSTATUSMODIFIER
	* ZONE
	* THEN
	* CAN
	* ON
	* MAY
	* UNTAP
	* CLASH
	* DO
	* BLOCK
	* HAD
	* PUT
	* BECOME
	* LOOKED
	* TURN
	* NUMBER
	* WHO
	* SKIP
	* INVESTIGATE
	* ABANDON
	* DISCARDED
	* CONTROL
	* ABILITYMODIFIER
	* __ANON_19
	* PAY
	* X
	* LEVEL
	* NO
	* SUBTYPEPLANAR
	* UNTAPSYMBOL
	* THAT
	* SUBTYPECREATUREB
	* AT
	* BEEN
	* WITHOUT
	* MONSTROSITY
	* __ANON_21
	* __ANON_17
	* REGENERATE
	* NON
	* ITSELF
	* COUNTER
	* AFTER
	* STAR
	* LSQB
	* ONLY
	* BE
	* MORE
	* PLAYERCHARACTERISTIC
	* CAST
	* DISCOVER
	* REVEAL
	* REVEALED
	* LESS
	* MELD
	* WHENEVER
	* SCRY
	* __ANON_15
	* DOUBLE
	* TRANSFORM
	* SEARCH
	* FREQUENCY
	* TAP
	* ADAPT
	* DISCARD
	* SEARCHED
	* WOULD
	* PLAYERTERM
	* DAMAGETYPE
	* SHUFFLE
	* LOOK
	* SUBTYPEENCHANTMENT
	* THIS
	* ATTACHED
	* ADDITIONAL
	* GET
	* GOAD
	* SHUFFLED
	* TURNED
	* EFFECTSTATUSMODIFIER
	* ACTIVATE
	* CONTROLLED
	* OBJECTCHARACTERISTIC
	* TAKE
	* DESTROY
	* TAPSYMBOL
	* HIMSELF
	* ANY
	* SUBTYPESPELL
	* REMAIN
	* LOSE
	* ADD
	* CHOSE
	* OTHERWISE
	* SPEND
	* FLIP
	* UNATTACH
	* EXCHANGE
	* SUBTYPEPLANESWALKER
	* ASSIGN
	* __ANON_14
	* GREATER
	* KEYWORDSTATUSMODIFIER
	* POPULATE
	* AMASS
	* THEM
	* WHILE
	* EQUAL
	* IT
	* SUBTYPECREATUREA
	* MILL
	* OTHER
	* HERSELF
	* SAME
	* SACRIFICED
	* ONTO
	* GAINED
	* ATTACH
	* IF
	* WITH
	* DOES
	* ORDINAL
	* FATESEAL
	* PREVENT
	* A
	* CREATE
	* FIGHT
	* YOUR
	* ABLE
	* EXPLORES
	* SUBTYPEARTIFACT
	* QUALIFIER
	* UP
	* DEAL
	* EXERT
	* FORAGE
	* IS
	* SURVEIL
	* IN
	* ITS
	* SACRIFICE
	* __ANON_20
	* SUPERTYPE
	* WHEN
	* PLAYED
	* UNATTACHED
	* ATTACKED
	* BLOCKED
	* INTO
	* CYCLE
	* HAVE
	* REMOVE
	* INCUBATE
	* TARGET
	* DIE
	* DASH
	* ALL
	* TAPPEDSTATUSMODIFIER
	* CHOOSE
	* CARDINAL
	* LEARN
	* HAS
	* CONNIVE
	* UNTIL
	* LBRACE
	* SUSPECT
	* PLAY
	* CONVERT
	* THEIR
	* EXILE
","Choose one —
• Counter target spell with mana value less than or equal to the number of cards in its controller's graveyard.
• Destroy target creature with mana value less than or equal to the number of cards in its controller's graveyard."
216,"Grumgully, the Generous",25.474421433000316,False,"No terminal matches '-' in the current parser context, at line 1 col 15

Each other non-Human creature you control enters with 
              ^
Expected one of: 
	* DASH
	* WORD
",Each other non-Human creature you control enters with an additional +1/+1 counter on it.
217,Improbable Alliance,23.33304725400012,False,"No terminal matches ',' in the current parser context, at line 1 col 45

ever you draw your second card each turn, create a 1/1 blue Faerie creature toke
                                        ^
Expected one of: 
	* DASH
	* WORD
","Whenever you draw your second card each turn, create a 1/1 blue Faerie creature token with flying.
{4}{U}{R}: Draw a card, then discard a card."
218,Inspiring Veteran,23.395731053999953,False,"No terminal matches '+' in the current parser context, at line 1 col 31

Other Knights you control get +1/+1.
                              ^
Expected one of: 
	* DASH
	* WORD
",Other Knights you control get +1/+1.
219,"Garruk, Cursed Huntsman",49.63782405600068,False,"No terminal matches 'C' in the current parser context, at line 1 col 6

[0]: Create two 2/2 black and green Wolf crea
     ^
Expected one of: 
	* CLOAK
	* EACH
	* FROM
	* ATTACK
	* COLORTERM
	* DREW
	* WIN
	* DRAW
	* DETAIN
	* TYPE
	* SUBTYPELAND
	* SUPPORT
	* __ANON_18
	* THE
	* THOSE
	* MANIFEST
	* CYCLED
	* AS
	* RETURN
	* NAMEREFSYMBOL
	* TIMES
	* FOR
	* AN
	* UNDER
	* GAIN
	* SWITCH
	* PROLIFERATE
	* BOLSTER
	* THESE
	* COMBATSTATUSMODIFIER
	* ZONE
	* THEN
	* CAN
	* ON
	* MAY
	* UNTAP
	* CLASH
	* DO
	* BLOCK
	* HAD
	* PUT
	* BECOME
	* LOOKED
	* TURN
	* NUMBER
	* WHO
	* SKIP
	* INVESTIGATE
	* ABANDON
	* DISCARDED
	* CONTROL
	* ABILITYMODIFIER
	* __ANON_19
	* PAY
	* X
	* LEVEL
	* NO
	* SUBTYPEPLANAR
	* UNTAPSYMBOL
	* THAT
	* SUBTYPECREATUREB
	* AT
	* BEEN
	* WITHOUT
	* MONSTROSITY
	* __ANON_21
	* __ANON_17
	* REGENERATE
	* NON
	* ITSELF
	* COUNTER
	* AFTER
	* STAR
	* LSQB
	* ONLY
	* BE
	* MORE
	* PLAYERCHARACTERISTIC
	* CAST
	* DISCOVER
	* REVEAL
	* REVEALED
	* LESS
	* MELD
	* WHENEVER
	* SCRY
	* __ANON_15
	* DOUBLE
	* TRANSFORM
	* SEARCH
	* FREQUENCY
	* TAP
	* ADAPT
	* DISCARD
	* SEARCHED
	* WOULD
	* PLAYERTERM
	* DAMAGETYPE
	* SHUFFLE
	* LOOK
	* SUBTYPEENCHANTMENT
	* THIS
	* ATTACHED
	* ADDITIONAL
	* GET
	* GOAD
	* SHUFFLED
	* TURNED
	* EFFECTSTATUSMODIFIER
	* ACTIVATE
	* CONTROLLED
	* OBJECTCHARACTERISTIC
	* TAKE
	* DESTROY
	* TAPSYMBOL
	* HIMSELF
	* ANY
	* SUBTYPESPELL
	* REMAIN
	* LOSE
	* ADD
	* CHOSE
	* OTHERWISE
	* SPEND
	* FLIP
	* UNATTACH
	* EXCHANGE
	* SUBTYPEPLANESWALKER
	* ASSIGN
	* __ANON_14
	* GREATER
	* KEYWORDSTATUSMODIFIER
	* POPULATE
	* AMASS
	* THEM
	* WHILE
	* EQUAL
	* IT
	* SUBTYPECREATUREA
	* MILL
	* OTHER
	* HERSELF
	* SAME
	* SACRIFICED
	* ONTO
	* GAINED
	* ATTACH
	* IF
	* WITH
	* DOES
	* ORDINAL
	* FATESEAL
	* PREVENT
	* A
	* CREATE
	* FIGHT
	* YOUR
	* ABLE
	* EXPLORES
	* SUBTYPEARTIFACT
	* QUALIFIER
	* UP
	* DEAL
	* EXERT
	* FORAGE
	* IS
	* SURVEIL
	* IN
	* ITS
	* SACRIFICE
	* __ANON_20
	* SUPERTYPE
	* WHEN
	* PLAYED
	* UNATTACHED
	* ATTACKED
	* BLOCKED
	* INTO
	* CYCLE
	* HAVE
	* REMOVE
	* INCUBATE
	* TARGET
	* DIE
	* DASH
	* ALL
	* TAPPEDSTATUSMODIFIER
	* CHOOSE
	* CARDINAL
	* LEARN
	* HAS
	* CONNIVE
	* UNTIL
	* LBRACE
	* SUSPECT
	* PLAY
	* CONVERT
	* THEIR
	* EXILE
","[0]: Create two 2/2 black and green Wolf creature tokens with ""When this creature dies, put a loyalty counter on each ~ you control."".
[−3]: Destroy target creature. Draw a card.
[−6]: You get an emblem with ""Creatures you control get +3/+3 and have trample.""."
220,Maraleaf Pixie,24.164230696999766,False,"No terminal matches '{' in the current parser context, at line 2 col 1

{T}: Add {G} or {U}.
^
Expected one of: 
	* DASH
	* WORD
","Flying
{T}: Add {G} or {U}."
221,Lochmere Serpent,28.7438506339995,False,"No terminal matches '{' in the current parser context, at line 2 col 1

{U}, Sacrifice an Island: ~ can not be b
^
Expected one of: 
	* DASH
	* WORD
","Flash
{U}, Sacrifice an Island: ~ can not be blocked this turn.
{B}, Sacrifice a Swamp: You gain 1 life and draw a card.
{U}{B}: Exile five target cards from an opponent's graveyard. Return ~ from your graveyard to your hand. Activate only as a sorcery."
222,Outlaws' Merriment,27.525027986999703,False,"No terminal matches ',' in the current parser context, at line 1 col 32

At the beginning of your upkeep, choose one at random. Create a red and
                               ^
Expected one of: 
	* DASH
	* WORD
","At the beginning of your upkeep, choose one at random. Create a red and white creature token with those characteristics.
• 3/1 Human Warrior with trample and haste.
• 2/1 Human Cleric with lifelink and haste.
• 1/2 Human Rogue with haste and ""When this creature enters, it deals 1 damage to any target.""."
223,Savvy Hunter,25.093393083999217,False,"No terminal matches '~' in the current parser context, at line 1 col 10

Whenever ~ attacks or blocks, create a Food token
         ^
Expected one of: 
	* DASH
	* WORD
","Whenever ~ attacks or blocks, create a Food token. (it is an artifact with ""{2}, {T}, Sacrifice this artifact: You gain 3 life."".)
Sacrifice two Foods: Draw a card."
224,"Oko, Thief of Crowns",50.38954592400023,False,"No terminal matches 'C' in the current parser context, at line 1 col 7

[+2]: Create a Food token. (it is an artifact 
      ^
Expected one of: 
	* CLOAK
	* EACH
	* FROM
	* ATTACK
	* COLORTERM
	* DREW
	* WIN
	* DRAW
	* DETAIN
	* TYPE
	* SUBTYPELAND
	* SUPPORT
	* __ANON_18
	* THE
	* THOSE
	* MANIFEST
	* CYCLED
	* AS
	* RETURN
	* NAMEREFSYMBOL
	* TIMES
	* FOR
	* AN
	* UNDER
	* GAIN
	* SWITCH
	* PROLIFERATE
	* BOLSTER
	* THESE
	* COMBATSTATUSMODIFIER
	* ZONE
	* THEN
	* CAN
	* ON
	* MAY
	* UNTAP
	* CLASH
	* DO
	* BLOCK
	* HAD
	* PUT
	* BECOME
	* LOOKED
	* TURN
	* NUMBER
	* WHO
	* SKIP
	* INVESTIGATE
	* ABANDON
	* DISCARDED
	* CONTROL
	* ABILITYMODIFIER
	* __ANON_19
	* PAY
	* X
	* LEVEL
	* NO
	* SUBTYPEPLANAR
	* UNTAPSYMBOL
	* THAT
	* SUBTYPECREATUREB
	* AT
	* BEEN
	* WITHOUT
	* MONSTROSITY
	* __ANON_21
	* __ANON_17
	* REGENERATE
	* NON
	* ITSELF
	* COUNTER
	* AFTER
	* STAR
	* LSQB
	* ONLY
	* BE
	* MORE
	* PLAYERCHARACTERISTIC
	* CAST
	* DISCOVER
	* REVEAL
	* REVEALED
	* LESS
	* MELD
	* WHENEVER
	* SCRY
	* __ANON_15
	* DOUBLE
	* TRANSFORM
	* SEARCH
	* FREQUENCY
	* TAP
	* ADAPT
	* DISCARD
	* SEARCHED
	* WOULD
	* PLAYERTERM
	* DAMAGETYPE
	* SHUFFLE
	* LOOK
	* SUBTYPEENCHANTMENT
	* THIS
	* ATTACHED
	* ADDITIONAL
	* GET
	* GOAD
	* SHUFFLED
	* TURNED
	* EFFECTSTATUSMODIFIER
	* ACTIVATE
	* CONTROLLED
	* OBJECTCHARACTERISTIC
	* TAKE
	* DESTROY
	* TAPSYMBOL
	* HIMSELF
	* ANY
	* SUBTYPESPELL
	* REMAIN
	* LOSE
	* ADD
	* CHOSE
	* OTHERWISE
	* SPEND
	* FLIP
	* UNATTACH
	* EXCHANGE
	* SUBTYPEPLANESWALKER
	* ASSIGN
	* __ANON_14
	* GREATER
	* KEYWORDSTATUSMODIFIER
	* POPULATE
	* AMASS
	* THEM
	* WHILE
	* EQUAL
	* IT
	* SUBTYPECREATUREA
	* MILL
	* OTHER
	* HERSELF
	* SAME
	* SACRIFICED
	* ONTO
	* GAINED
	* ATTACH
	* IF
	* WITH
	* DOES
	* ORDINAL
	* FATESEAL
	* PREVENT
	* A
	* CREATE
	* FIGHT
	* YOUR
	* ABLE
	* EXPLORES
	* SUBTYPEARTIFACT
	* QUALIFIER
	* UP
	* DEAL
	* EXERT
	* FORAGE
	* IS
	* SURVEIL
	* IN
	* ITS
	* SACRIFICE
	* __ANON_20
	* SUPERTYPE
	* WHEN
	* PLAYED
	* UNATTACHED
	* ATTACKED
	* BLOCKED
	* INTO
	* CYCLE
	* HAVE
	* REMOVE
	* INCUBATE
	* TARGET
	* DIE
	* DASH
	* ALL
	* TAPPEDSTATUSMODIFIER
	* CHOOSE
	* CARDINAL
	* LEARN
	* HAS
	* CONNIVE
	* UNTIL
	* LBRACE
	* SUSPECT
	* PLAY
	* CONVERT
	* THEIR
	* EXILE
","[+2]: Create a Food token. (it is an artifact with ""{2}, {T}, Sacrifice this artifact: You gain 3 life."".)
[+1]: Target artifact or creature loses all abilities and becomes a green Elk creature with base power and toughness 3/3.
[−5]: Exchange control of target artifact or creature you control and target creature an opponent controls with power 3 or less."
225,Shinechaser,25.52495730999999,False,"No terminal matches ',' in the current parser context, at line 1 col 7

Flying, vigilance
      ^
Expected one of: 
	* DASH
	* WORD
","Flying, vigilance
~ gets +1/+1 as long as you control an artifact.
~ gets +1/+1 as long as you control an enchantment."
226,Beanstalk Giant,403.58529167300003,True,,~'s power and toughness are each equal to the number of lands you control.
227,The Royal Scions,52.638398973999756,False,"No terminal matches 'D' in the current parser context, at line 1 col 7

[+1]: Draw a card, then discard a card.
      ^
Expected one of: 
	* CLOAK
	* EACH
	* FROM
	* ATTACK
	* COLORTERM
	* DREW
	* WIN
	* DRAW
	* DETAIN
	* TYPE
	* SUBTYPELAND
	* SUPPORT
	* __ANON_18
	* THE
	* THOSE
	* MANIFEST
	* CYCLED
	* AS
	* RETURN
	* NAMEREFSYMBOL
	* TIMES
	* FOR
	* AN
	* UNDER
	* GAIN
	* SWITCH
	* PROLIFERATE
	* BOLSTER
	* THESE
	* COMBATSTATUSMODIFIER
	* ZONE
	* THEN
	* CAN
	* ON
	* MAY
	* UNTAP
	* CLASH
	* DO
	* BLOCK
	* HAD
	* PUT
	* BECOME
	* LOOKED
	* TURN
	* NUMBER
	* WHO
	* SKIP
	* INVESTIGATE
	* ABANDON
	* DISCARDED
	* CONTROL
	* ABILITYMODIFIER
	* __ANON_19
	* PAY
	* X
	* LEVEL
	* NO
	* SUBTYPEPLANAR
	* UNTAPSYMBOL
	* THAT
	* SUBTYPECREATUREB
	* AT
	* BEEN
	* WITHOUT
	* MONSTROSITY
	* __ANON_21
	* __ANON_17
	* REGENERATE
	* NON
	* ITSELF
	* COUNTER
	* AFTER
	* STAR
	* LSQB
	* ONLY
	* BE
	* MORE
	* PLAYERCHARACTERISTIC
	* CAST
	* DISCOVER
	* REVEAL
	* REVEALED
	* LESS
	* MELD
	* WHENEVER
	* SCRY
	* __ANON_15
	* DOUBLE
	* TRANSFORM
	* SEARCH
	* FREQUENCY
	* TAP
	* ADAPT
	* DISCARD
	* SEARCHED
	* WOULD
	* PLAYERTERM
	* DAMAGETYPE
	* SHUFFLE
	* LOOK
	* SUBTYPEENCHANTMENT
	* THIS
	* ATTACHED
	* ADDITIONAL
	* GET
	* GOAD
	* SHUFFLED
	* TURNED
	* EFFECTSTATUSMODIFIER
	* ACTIVATE
	* CONTROLLED
	* OBJECTCHARACTERISTIC
	* TAKE
	* DESTROY
	* TAPSYMBOL
	* HIMSELF
	* ANY
	* SUBTYPESPELL
	* REMAIN
	* LOSE
	* ADD
	* CHOSE
	* OTHERWISE
	* SPEND
	* FLIP
	* UNATTACH
	* EXCHANGE
	* SUBTYPEPLANESWALKER
	* ASSIGN
	* __ANON_14
	* GREATER
	* KEYWORDSTATUSMODIFIER
	* POPULATE
	* AMASS
	* THEM
	* WHILE
	* EQUAL
	* IT
	* SUBTYPECREATUREA
	* MILL
	* OTHER
	* HERSELF
	* SAME
	* SACRIFICED
	* ONTO
	* GAINED
	* ATTACH
	* IF
	* WITH
	* DOES
	* ORDINAL
	* FATESEAL
	* PREVENT
	* A
	* CREATE
	* FIGHT
	* YOUR
	* ABLE
	* EXPLORES
	* SUBTYPEARTIFACT
	* QUALIFIER
	* UP
	* DEAL
	* EXERT
	* FORAGE
	* IS
	* SURVEIL
	* IN
	* ITS
	* SACRIFICE
	* __ANON_20
	* SUPERTYPE
	* WHEN
	* PLAYED
	* UNATTACHED
	* ATTACKED
	* BLOCKED
	* INTO
	* CYCLE
	* HAVE
	* REMOVE
	* INCUBATE
	* TARGET
	* DIE
	* DASH
	* ALL
	* TAPPEDSTATUSMODIFIER
	* CHOOSE
	* CARDINAL
	* LEARN
	* HAS
	* CONNIVE
	* UNTIL
	* LBRACE
	* SUSPECT
	* PLAY
	* CONVERT
	* THEIR
	* EXILE
","[+1]: Draw a card, then discard a card.
[+1]: Target creature gets +2/+0 and gains first strike and trample until end of turn.
[−8]: Draw four cards. When you do, ~ deals damage to any target equal to the number of cards in your hand."
228,Steelclaw Lance,27.504611944000317,False,"No terminal matches '+' in the current parser context, at line 1 col 24

Equipped creature gets +2/+2.
                       ^
Expected one of: 
	* DASH
	* WORD
","Equipped creature gets +2/+2.
Equip Knight {1}
Equip {3}"
229,Stormfist Crusader,23.92810306299998,False,"No terminal matches ',' in the current parser context, at line 2 col 32

At the beginning of your upkeep, each player draws a card and loses 1 l
                               ^
Expected one of: 
	* DASH
	* WORD
","Menace
At the beginning of your upkeep, each player draws a card and loses 1 life."
230,Wintermoor Commander,24.502554204000262,False,"No terminal matches '~' in the current parser context, at line 2 col 1

~'s toughness is equal to the number of 
^
Expected one of: 
	* DASH
	* WORD
","Deathtouch
~'s toughness is equal to the number of Knights you control.
Whenever ~ attacks, another target Knight you control gains indestructible until end of turn. (Damage and effects that say ""destroy"" do not destroy it.)"
231,Wandermare,26.161330151000584,False,"No terminal matches ',' in the current parser context, at line 1 col 57

t a creature spell that has an Adventure, put a +1/+1 counter on ~. (It does not
                                        ^
Expected one of: 
	* DASH
	* WORD
","Whenever you cast a creature spell that has an Adventure, put a +1/+1 counter on ~. (It does not need to have gone on the adventure first.)"
232,Arcanist's Owl,27.091546550999738,False,"No terminal matches '~' in the current parser context, at line 2 col 6

When ~ enters, look at the top four cards of 
     ^
Expected one of: 
	* DASH
	* WORD
","Flying
When ~ enters, look at the top four cards of your library. You may reveal an artifact or enchantment card from among them and put it into your hand. Put the rest on the bottom of your library in a random order."
233,Deathless Knight,25.078983306000737,False,"No terminal matches ',' in the current parser context, at line 2 col 48

u gain life for the first time each turn, return ~ from your graveyard to your h
                                        ^
Expected one of: 
	* DASH
	* WORD
","Haste
When you gain life for the first time each turn, return ~ from your graveyard to your hand."
234,Covetous Urge,27.35358728599931,False,"No terminal matches '.' in the current parser context, at line 1 col 35

Target opponent reveals their hand. You choose a nonland card from that pl
                                  ^
Expected one of: 
	* DASH
	* WORD
","Target opponent reveals their hand. You choose a nonland card from that player's graveyard or hand and exile it. You may cast that card for as long as it remains exiled, and you may spend mana as though it were mana of any color to cast that spell."
235,Elite Headhunter,27.460787480999898,False,"No terminal matches '(' in the current parser context, at line 1 col 8

Menace (This creature can not be blocked except
       ^
Expected one of: 
	* DASH
	* WORD
","Menace (This creature can not be blocked except by two or more creatures.)
{B/R}{B/R}{B/R}, Sacrifice another creature or an artifact: ~ deals 2 damage to target creature or planeswalker."
236,Loch Dragon,25.99852047999957,False,"No terminal matches '~' in the current parser context, at line 2 col 10

Whenever ~ enters or attacks, you may discard a c
         ^
Expected one of: 
	* DASH
	* WORD
","Flying
Whenever ~ enters or attacks, you may discard a card. If you do, draw a card."
237,Fireborn Knight,27.30554469300023,False,"No terminal matches '{' in the current parser context, at line 2 col 1

{R/W}{R/W}{R/W}{R/W}: ~ gets +1/+1 until
^
Expected one of: 
	* DASH
	* WORD
","Double strike
{R/W}{R/W}{R/W}{R/W}: ~ gets +1/+1 until end of turn."
238,Bring Back,23.273323829999754,False,"No terminal matches '1' in the current parser context, at line 1 col 12

Create two 1/1 white Human creature tokens. (Then e
           ^
Expected one of: 
	* DASH
	* WORD
",Create two 1/1 white Human creature tokens. (Then exile this card. You may cast the creature later from exile.)
239,Thunderous Snapper,26.23036773700005,False,"No terminal matches '5' in the current parser context, at line 1 col 43

enever you cast a spell with mana value 5 or greater, draw a card.
                                        ^
Expected one of: 
	* DASH
	* WORD
","Whenever you cast a spell with mana value 5 or greater, draw a card."
240,Lovestruck Beast,334.8293703670006,True,,~ can not attack unless you control a 1/1 creature.
241,Oakhame Ranger,48.26100116999987,False,"No terminal matches 'C' in the current parser context, at line 1 col 6

{T}: Creatures you control get +1/+1 until en
     ^
Expected one of: 
	* CLOAK
	* EACH
	* FROM
	* ATTACK
	* COLORTERM
	* DREW
	* WIN
	* DRAW
	* DETAIN
	* TYPE
	* SUBTYPELAND
	* SUPPORT
	* __ANON_18
	* THE
	* THOSE
	* MANIFEST
	* CYCLED
	* AS
	* RETURN
	* NAMEREFSYMBOL
	* TIMES
	* FOR
	* AN
	* UNDER
	* GAIN
	* SWITCH
	* PROLIFERATE
	* BOLSTER
	* THESE
	* COMBATSTATUSMODIFIER
	* ZONE
	* THEN
	* CAN
	* ON
	* MAY
	* UNTAP
	* CLASH
	* DO
	* BLOCK
	* HAD
	* PUT
	* BECOME
	* LOOKED
	* TURN
	* NUMBER
	* WHO
	* SKIP
	* INVESTIGATE
	* ABANDON
	* DISCARDED
	* CONTROL
	* ABILITYMODIFIER
	* __ANON_19
	* PAY
	* X
	* LEVEL
	* NO
	* SUBTYPEPLANAR
	* UNTAPSYMBOL
	* THAT
	* SUBTYPECREATUREB
	* AT
	* BEEN
	* WITHOUT
	* MONSTROSITY
	* __ANON_21
	* __ANON_17
	* REGENERATE
	* NON
	* ITSELF
	* COUNTER
	* AFTER
	* STAR
	* LSQB
	* ONLY
	* BE
	* MORE
	* PLAYERCHARACTERISTIC
	* CAST
	* DISCOVER
	* REVEAL
	* REVEALED
	* LESS
	* MELD
	* WHENEVER
	* SCRY
	* __ANON_15
	* DOUBLE
	* TRANSFORM
	* SEARCH
	* FREQUENCY
	* TAP
	* ADAPT
	* DISCARD
	* SEARCHED
	* WOULD
	* PLAYERTERM
	* DAMAGETYPE
	* SHUFFLE
	* LOOK
	* SUBTYPEENCHANTMENT
	* THIS
	* ATTACHED
	* ADDITIONAL
	* GET
	* GOAD
	* SHUFFLED
	* TURNED
	* EFFECTSTATUSMODIFIER
	* ACTIVATE
	* CONTROLLED
	* OBJECTCHARACTERISTIC
	* TAKE
	* DESTROY
	* TAPSYMBOL
	* HIMSELF
	* ANY
	* SUBTYPESPELL
	* REMAIN
	* LOSE
	* ADD
	* CHOSE
	* OTHERWISE
	* SPEND
	* FLIP
	* UNATTACH
	* EXCHANGE
	* SUBTYPEPLANESWALKER
	* ASSIGN
	* __ANON_14
	* GREATER
	* KEYWORDSTATUSMODIFIER
	* POPULATE
	* AMASS
	* THEM
	* WHILE
	* EQUAL
	* IT
	* SUBTYPECREATUREA
	* MILL
	* OTHER
	* HERSELF
	* SAME
	* SACRIFICED
	* ONTO
	* GAINED
	* ATTACH
	* IF
	* WITH
	* DOES
	* ORDINAL
	* FATESEAL
	* PREVENT
	* A
	* CREATE
	* FIGHT
	* YOUR
	* ABLE
	* EXPLORES
	* SUBTYPEARTIFACT
	* QUALIFIER
	* UP
	* DEAL
	* EXERT
	* FORAGE
	* IS
	* SURVEIL
	* IN
	* ITS
	* SACRIFICE
	* __ANON_20
	* SUPERTYPE
	* WHEN
	* PLAYED
	* UNATTACHED
	* ATTACKED
	* BLOCKED
	* INTO
	* CYCLE
	* HAVE
	* REMOVE
	* INCUBATE
	* TARGET
	* DIE
	* DASH
	* ALL
	* TAPPEDSTATUSMODIFIER
	* CHOOSE
	* CARDINAL
	* LEARN
	* HAS
	* CONNIVE
	* UNTIL
	* LBRACE
	* SUSPECT
	* PLAY
	* CONVERT
	* THEIR
	* EXILE
",{T}: Creatures you control get +1/+1 until end of turn.
242,Crashing Drawbridge,27.73051312000007,False,"No terminal matches '{' in the current parser context, at line 2 col 1

{T}: Creatures you control gain haste un
^
Expected one of: 
	* DASH
	* WORD
","Defender
{T}: Creatures you control gain haste until end of turn."
243,Gingerbrute,23.540301713999725,False,"No terminal matches '(' in the current parser context, at line 1 col 7

Haste (This creature can attack and {T} as soo
      ^
Expected one of: 
	* DASH
	* WORD
","Haste (This creature can attack and {T} as soon as it comes under your control.)
{1}: ~ can not be blocked this turn except by creatures with haste.
{2}, {T}, Sacrifice ~: You gain 3 life."
244,Enchanted Carriage,25.72089178999977,False,"No terminal matches '~' in the current parser context, at line 1 col 6

When ~ enters, create two 1/1 white Mouse cre
     ^
Expected one of: 
	* DASH
	* WORD
","When ~ enters, create two 1/1 white Mouse creature tokens.
Crew 2 (Tap any number of creatures you control with total power 2 or more: This Vehicle becomes an artifact creature until end of turn.)"
245,Clockwork Servant,51.648649242999454,False,"No terminal matches 'W' in the current parser context, at line 1 col 11

Adamant — When ~ enters, if at least three mana of
          ^
Expected one of: 
	* CLOAK
	* EACH
	* FROM
	* ATTACK
	* COLORTERM
	* DREW
	* WIN
	* DRAW
	* DETAIN
	* TYPE
	* SUBTYPELAND
	* SUPPORT
	* __ANON_18
	* THE
	* THOSE
	* MANIFEST
	* CYCLED
	* AS
	* RETURN
	* NAMEREFSYMBOL
	* TIMES
	* FOR
	* AN
	* UNDER
	* GAIN
	* SWITCH
	* PROLIFERATE
	* BOLSTER
	* THESE
	* COMBATSTATUSMODIFIER
	* ZONE
	* THEN
	* CAN
	* ON
	* MAY
	* UNTAP
	* CLASH
	* DO
	* BLOCK
	* HAD
	* PUT
	* BECOME
	* LOOKED
	* TURN
	* NUMBER
	* WHO
	* SKIP
	* INVESTIGATE
	* ABANDON
	* DISCARDED
	* CONTROL
	* ABILITYMODIFIER
	* __ANON_19
	* PAY
	* X
	* LEVEL
	* NO
	* SUBTYPEPLANAR
	* UNTAPSYMBOL
	* THAT
	* SUBTYPECREATUREB
	* AT
	* BEEN
	* WITHOUT
	* MONSTROSITY
	* __ANON_21
	* __ANON_17
	* REGENERATE
	* NON
	* ITSELF
	* COUNTER
	* AFTER
	* STAR
	* LSQB
	* ONLY
	* BE
	* MORE
	* PLAYERCHARACTERISTIC
	* CAST
	* DISCOVER
	* REVEAL
	* REVEALED
	* LESS
	* MELD
	* WHENEVER
	* SCRY
	* __ANON_15
	* DOUBLE
	* TRANSFORM
	* SEARCH
	* FREQUENCY
	* TAP
	* ADAPT
	* DISCARD
	* SEARCHED
	* WOULD
	* PLAYERTERM
	* DAMAGETYPE
	* SHUFFLE
	* LOOK
	* SUBTYPEENCHANTMENT
	* THIS
	* ATTACHED
	* ADDITIONAL
	* GET
	* GOAD
	* SHUFFLED
	* TURNED
	* EFFECTSTATUSMODIFIER
	* ACTIVATE
	* CONTROLLED
	* OBJECTCHARACTERISTIC
	* TAKE
	* DESTROY
	* TAPSYMBOL
	* HIMSELF
	* ANY
	* SUBTYPESPELL
	* REMAIN
	* LOSE
	* ADD
	* CHOSE
	* OTHERWISE
	* SPEND
	* FLIP
	* UNATTACH
	* EXCHANGE
	* SUBTYPEPLANESWALKER
	* ASSIGN
	* __ANON_14
	* GREATER
	* KEYWORDSTATUSMODIFIER
	* POPULATE
	* AMASS
	* THEM
	* WHILE
	* EQUAL
	* IT
	* SUBTYPECREATUREA
	* MILL
	* OTHER
	* HERSELF
	* SAME
	* SACRIFICED
	* ONTO
	* GAINED
	* ATTACH
	* IF
	* WITH
	* DOES
	* ORDINAL
	* FATESEAL
	* PREVENT
	* A
	* CREATE
	* FIGHT
	* YOUR
	* ABLE
	* EXPLORES
	* SUBTYPEARTIFACT
	* QUALIFIER
	* UP
	* DEAL
	* EXERT
	* FORAGE
	* IS
	* SURVEIL
	* IN
	* ITS
	* SACRIFICE
	* __ANON_20
	* SUPERTYPE
	* WHEN
	* PLAYED
	* UNATTACHED
	* ATTACKED
	* BLOCKED
	* INTO
	* CYCLE
	* HAVE
	* REMOVE
	* INCUBATE
	* TARGET
	* DIE
	* DASH
	* ALL
	* TAPPEDSTATUSMODIFIER
	* CHOOSE
	* CARDINAL
	* LEARN
	* HAS
	* CONNIVE
	* UNTIL
	* LBRACE
	* SUSPECT
	* PLAY
	* CONVERT
	* THEIR
	* EXILE
","Adamant — When ~ enters, if at least three mana of the same color was spent to cast it, draw a card."
246,Golden Egg,28.92063004100055,False,"No terminal matches '~' in the current parser context, at line 1 col 6

When ~ enters, draw a card.
     ^
Expected one of: 
	* DASH
	* WORD
","When ~ enters, draw a card.
{1}, {T}, Sacrifice ~: Add one mana of any color.
{2}, {T}, Sacrifice ~: You gain 3 life."
247,Heraldic Banner,20.344592679000016,False,"No terminal matches '~' in the current parser context, at line 1 col 4

As ~ enters, choose a color.
   ^
Expected one of: 
	* DASH
	* WORD
","As ~ enters, choose a color.
Creatures you control of the chosen color get +1/+0.
{T}: Add one mana of the chosen color."
248,Inquisitive Puppet,24.077866618999906,False,"No terminal matches '~' in the current parser context, at line 1 col 6

When ~ enters, scry 1.
     ^
Expected one of: 
	* DASH
	* WORD
","When ~ enters, scry 1.
Exile ~: Create a 1/1 white Human creature token."
249,Henge Walker,50.52386538399969,False,"No terminal matches 'I' in the current parser context, at line 1 col 11

Adamant — If at least three mana of the same color
          ^
Expected one of: 
	* CLOAK
	* EACH
	* FROM
	* ATTACK
	* COLORTERM
	* DREW
	* WIN
	* DRAW
	* DETAIN
	* TYPE
	* SUBTYPELAND
	* SUPPORT
	* __ANON_18
	* THE
	* THOSE
	* MANIFEST
	* CYCLED
	* AS
	* RETURN
	* NAMEREFSYMBOL
	* TIMES
	* FOR
	* AN
	* UNDER
	* GAIN
	* SWITCH
	* PROLIFERATE
	* BOLSTER
	* THESE
	* COMBATSTATUSMODIFIER
	* ZONE
	* THEN
	* CAN
	* ON
	* MAY
	* UNTAP
	* CLASH
	* DO
	* BLOCK
	* HAD
	* PUT
	* BECOME
	* LOOKED
	* TURN
	* NUMBER
	* WHO
	* SKIP
	* INVESTIGATE
	* ABANDON
	* DISCARDED
	* CONTROL
	* ABILITYMODIFIER
	* __ANON_19
	* PAY
	* X
	* LEVEL
	* NO
	* SUBTYPEPLANAR
	* UNTAPSYMBOL
	* THAT
	* SUBTYPECREATUREB
	* AT
	* BEEN
	* WITHOUT
	* MONSTROSITY
	* __ANON_21
	* __ANON_17
	* REGENERATE
	* NON
	* ITSELF
	* COUNTER
	* AFTER
	* STAR
	* LSQB
	* ONLY
	* BE
	* MORE
	* PLAYERCHARACTERISTIC
	* CAST
	* DISCOVER
	* REVEAL
	* REVEALED
	* LESS
	* MELD
	* WHENEVER
	* SCRY
	* __ANON_15
	* DOUBLE
	* TRANSFORM
	* SEARCH
	* FREQUENCY
	* TAP
	* ADAPT
	* DISCARD
	* SEARCHED
	* WOULD
	* PLAYERTERM
	* DAMAGETYPE
	* SHUFFLE
	* LOOK
	* SUBTYPEENCHANTMENT
	* THIS
	* ATTACHED
	* ADDITIONAL
	* GET
	* GOAD
	* SHUFFLED
	* TURNED
	* EFFECTSTATUSMODIFIER
	* ACTIVATE
	* CONTROLLED
	* OBJECTCHARACTERISTIC
	* TAKE
	* DESTROY
	* TAPSYMBOL
	* HIMSELF
	* ANY
	* SUBTYPESPELL
	* REMAIN
	* LOSE
	* ADD
	* CHOSE
	* OTHERWISE
	* SPEND
	* FLIP
	* UNATTACH
	* EXCHANGE
	* SUBTYPEPLANESWALKER
	* ASSIGN
	* __ANON_14
	* GREATER
	* KEYWORDSTATUSMODIFIER
	* POPULATE
	* AMASS
	* THEM
	* WHILE
	* EQUAL
	* IT
	* SUBTYPECREATUREA
	* MILL
	* OTHER
	* HERSELF
	* SAME
	* SACRIFICED
	* ONTO
	* GAINED
	* ATTACH
	* IF
	* WITH
	* DOES
	* ORDINAL
	* FATESEAL
	* PREVENT
	* A
	* CREATE
	* FIGHT
	* YOUR
	* ABLE
	* EXPLORES
	* SUBTYPEARTIFACT
	* QUALIFIER
	* UP
	* DEAL
	* EXERT
	* FORAGE
	* IS
	* SURVEIL
	* IN
	* ITS
	* SACRIFICE
	* __ANON_20
	* SUPERTYPE
	* WHEN
	* PLAYED
	* UNATTACHED
	* ATTACKED
	* BLOCKED
	* INTO
	* CYCLE
	* HAVE
	* REMOVE
	* INCUBATE
	* TARGET
	* DIE
	* DASH
	* ALL
	* TAPPEDSTATUSMODIFIER
	* CHOOSE
	* CARDINAL
	* LEARN
	* HAS
	* CONNIVE
	* UNTIL
	* LBRACE
	* SUSPECT
	* PLAY
	* CONVERT
	* THEIR
	* EXILE
","Adamant — If at least three mana of the same color was spent to cast this spell, ~ enters with a +1/+1 counter on it."
250,Lucky Clover,27.304659184999764,False,"No terminal matches ',' in the current parser context, at line 1 col 56

st an Adventure instant or sorcery spell, copy it. You may choose new targets fo
                                        ^
Expected one of: 
	* DASH
	* WORD
","Whenever you cast an Adventure instant or sorcery spell, copy it. You may choose new targets for the copy."
251,Prophet of the Peak,23.53581381799995,False,"No terminal matches '~' in the current parser context, at line 1 col 6

When ~ enters, scry 2. (Look at the top two c
     ^
Expected one of: 
	* DASH
	* WORD
","When ~ enters, scry 2. (Look at the top two cards of your library, then put any number of them on the bottom and the rest on top in any order.)"
252,Rampart Smasher,116.19867859700025,False,"No terminal matches '.' in the current parser context, at line 1 col 41

~ can not be blocked by Knights or Walls.
                                        ^
Expected one of: 
	* DASH
	* WORD
",~ can not be blocked by Knights or Walls.
253,"Yorvo, Lord of Garenbrig",278.78326524099975,False,"No terminal matches ',' in the current parser context, at line 2 col 51

nother green creature you control enters, put a +1/+1 counter on ~. Then if that
                                        ^
Expected one of: 
	* DASH
	* WORD
","~f enters with four +1/+1 counters on it.
Whenever another green creature you control enters, put a +1/+1 counter on ~. Then if that creature's power is greater than ~'s power, put another +1/+1 counter on ~."
254,Roving Keep,26.95055726999999,False,"No terminal matches '{' in the current parser context, at line 2 col 1

{7}: ~ gets +2/+0 and gains trample unti
^
Expected one of: 
	* DASH
	* WORD
","Defender
{7}: ~ gets +2/+0 and gains trample until end of turn. It can attack this turn as though it didn't have defender."
255,Signpost Scarecrow,24.79830138899979,False,"No terminal matches '{' in the current parser context, at line 2 col 1

{2}: Add one mana of any color.
^
Expected one of: 
	* DASH
	* WORD
","Vigilance
{2}: Add one mana of any color."
256,Sorcerer's Broom,22.26642178400016,False,"No terminal matches ',' in the current parser context, at line 1 col 41

Whenever you sacrifice another permanent, you may pay {3}. If you do, create a t
                                        ^
Expected one of: 
	* DASH
	* WORD
","Whenever you sacrifice another permanent, you may pay {3}. If you do, create a token that is a copy of ~."
257,Sorcerous Spyglass,27.883474936999846,False,"No terminal matches '~' in the current parser context, at line 1 col 4

As ~ enters, look at an opponent's hand, th
   ^
Expected one of: 
	* DASH
	* WORD
","As ~ enters, look at an opponent's hand, then choose any card name.
Activated abilities of sources with the chosen name can not be activated unless they are mana abilities."
258,Stonecoil Serpent,27.871992485999726,False,"No terminal matches ',' in the current parser context, at line 1 col 6

Reach, trample, protection from multicolored
     ^
Expected one of: 
	* DASH
	* WORD
","Reach, trample, protection from multicolored
~ enters with X +1/+1 counters on it."
259,Spinning Wheel,49.522684417000164,False,"No terminal matches 'A' in the current parser context, at line 1 col 6

{T}: Add one mana of any color.
     ^
Expected one of: 
	* CLOAK
	* EACH
	* FROM
	* ATTACK
	* COLORTERM
	* DREW
	* WIN
	* DRAW
	* DETAIN
	* TYPE
	* SUBTYPELAND
	* SUPPORT
	* __ANON_18
	* THE
	* THOSE
	* MANIFEST
	* CYCLED
	* AS
	* RETURN
	* NAMEREFSYMBOL
	* TIMES
	* FOR
	* AN
	* UNDER
	* GAIN
	* SWITCH
	* PROLIFERATE
	* BOLSTER
	* THESE
	* COMBATSTATUSMODIFIER
	* ZONE
	* THEN
	* CAN
	* ON
	* MAY
	* UNTAP
	* CLASH
	* DO
	* BLOCK
	* HAD
	* PUT
	* BECOME
	* LOOKED
	* TURN
	* NUMBER
	* WHO
	* SKIP
	* INVESTIGATE
	* ABANDON
	* DISCARDED
	* CONTROL
	* ABILITYMODIFIER
	* __ANON_19
	* PAY
	* X
	* LEVEL
	* NO
	* SUBTYPEPLANAR
	* UNTAPSYMBOL
	* THAT
	* SUBTYPECREATUREB
	* AT
	* BEEN
	* WITHOUT
	* MONSTROSITY
	* __ANON_21
	* __ANON_17
	* REGENERATE
	* NON
	* ITSELF
	* COUNTER
	* AFTER
	* STAR
	* LSQB
	* ONLY
	* BE
	* MORE
	* PLAYERCHARACTERISTIC
	* CAST
	* DISCOVER
	* REVEAL
	* REVEALED
	* LESS
	* MELD
	* WHENEVER
	* SCRY
	* __ANON_15
	* DOUBLE
	* TRANSFORM
	* SEARCH
	* FREQUENCY
	* TAP
	* ADAPT
	* DISCARD
	* SEARCHED
	* WOULD
	* PLAYERTERM
	* DAMAGETYPE
	* SHUFFLE
	* LOOK
	* SUBTYPEENCHANTMENT
	* THIS
	* ATTACHED
	* ADDITIONAL
	* GET
	* GOAD
	* SHUFFLED
	* TURNED
	* EFFECTSTATUSMODIFIER
	* ACTIVATE
	* CONTROLLED
	* OBJECTCHARACTERISTIC
	* TAKE
	* DESTROY
	* TAPSYMBOL
	* HIMSELF
	* ANY
	* SUBTYPESPELL
	* REMAIN
	* LOSE
	* ADD
	* CHOSE
	* OTHERWISE
	* SPEND
	* FLIP
	* UNATTACH
	* EXCHANGE
	* SUBTYPEPLANESWALKER
	* ASSIGN
	* __ANON_14
	* GREATER
	* KEYWORDSTATUSMODIFIER
	* POPULATE
	* AMASS
	* THEM
	* WHILE
	* EQUAL
	* IT
	* SUBTYPECREATUREA
	* MILL
	* OTHER
	* HERSELF
	* SAME
	* SACRIFICED
	* ONTO
	* GAINED
	* ATTACH
	* IF
	* WITH
	* DOES
	* ORDINAL
	* FATESEAL
	* PREVENT
	* A
	* CREATE
	* FIGHT
	* YOUR
	* ABLE
	* EXPLORES
	* SUBTYPEARTIFACT
	* QUALIFIER
	* UP
	* DEAL
	* EXERT
	* FORAGE
	* IS
	* SURVEIL
	* IN
	* ITS
	* SACRIFICE
	* __ANON_20
	* SUPERTYPE
	* WHEN
	* PLAYED
	* UNATTACHED
	* ATTACKED
	* BLOCKED
	* INTO
	* CYCLE
	* HAVE
	* REMOVE
	* INCUBATE
	* TARGET
	* DIE
	* DASH
	* ALL
	* TAPPEDSTATUSMODIFIER
	* CHOOSE
	* CARDINAL
	* LEARN
	* HAS
	* CONNIVE
	* UNTIL
	* LBRACE
	* SUSPECT
	* PLAY
	* CONVERT
	* THEIR
	* EXILE
","{T}: Add one mana of any color.
{5}, {T}: Tap target creature."
260,Scalding Cauldron,86.49838742199972,False,"No terminal matches 'S' in the current parser context, at line 1 col 11

{3}, {T}, Sacrifice ~: It deals 3 damage to target
          ^
Expected one of: 
	* CLOAK
	* EACH
	* FROM
	* ATTACK
	* COLORTERM
	* DREW
	* WIN
	* DRAW
	* DETAIN
	* TYPE
	* SUBTYPELAND
	* SUPPORT
	* __ANON_18
	* THE
	* THOSE
	* MANIFEST
	* CYCLED
	* RETURN
	* NAMEREFSYMBOL
	* TIMES
	* AN
	* UNDER
	* GAIN
	* SWITCH
	* PROLIFERATE
	* BOLSTER
	* THESE
	* COMBATSTATUSMODIFIER
	* ZONE
	* ON
	* UNTAP
	* CLASH
	* BLOCK
	* PUT
	* LOOKED
	* TURN
	* NUMBER
	* WHO
	* SKIP
	* INVESTIGATE
	* ABANDON
	* DISCARDED
	* CONTROL
	* ABILITYMODIFIER
	* __ANON_19
	* PAY
	* LEVEL
	* X
	* NO
	* SUBTYPEPLANAR
	* UNTAPSYMBOL
	* THAT
	* SUBTYPECREATUREB
	* WITHOUT
	* MONSTROSITY
	* __ANON_21
	* __ANON_17
	* REGENERATE
	* NON
	* ITSELF
	* COUNTER
	* STAR
	* LSQB
	* ONLY
	* MORE
	* PLAYERCHARACTERISTIC
	* CAST
	* DISCOVER
	* REVEAL
	* REVEALED
	* LESS
	* MELD
	* SCRY
	* __ANON_15
	* DOUBLE
	* TRANSFORM
	* SEARCH
	* TAP
	* FREQUENCY
	* ADAPT
	* DISCARD
	* SEARCHED
	* PLAYERTERM
	* DAMAGETYPE
	* SHUFFLE
	* LOOK
	* SUBTYPEENCHANTMENT
	* THIS
	* ATTACHED
	* ADDITIONAL
	* GET
	* GOAD
	* SHUFFLED
	* TURNED
	* EFFECTSTATUSMODIFIER
	* ACTIVATE
	* CONTROLLED
	* OBJECTCHARACTERISTIC
	* TAKE
	* DESTROY
	* TAPSYMBOL
	* HIMSELF
	* ANY
	* SUBTYPESPELL
	* REMAIN
	* LOSE
	* ADD
	* CHOSE
	* FLIP
	* SPEND
	* UNATTACH
	* EXCHANGE
	* SUBTYPEPLANESWALKER
	* ASSIGN
	* __ANON_14
	* GREATER
	* KEYWORDSTATUSMODIFIER
	* POPULATE
	* AMASS
	* THEM
	* IT
	* EQUAL
	* SUBTYPECREATUREA
	* MILL
	* OTHER
	* HERSELF
	* SAME
	* SACRIFICED
	* ONTO
	* GAINED
	* ATTACH
	* WITH
	* ORDINAL
	* FATESEAL
	* PREVENT
	* FIGHT
	* CREATE
	* A
	* YOUR
	* ABLE
	* EXPLORES
	* SUBTYPEARTIFACT
	* QUALIFIER
	* UP
	* DEAL
	* EXERT
	* FORAGE
	* SURVEIL
	* IN
	* ITS
	* SACRIFICE
	* __ANON_20
	* SUPERTYPE
	* PLAYED
	* UNATTACHED
	* ATTACKED
	* BLOCKED
	* INTO
	* CYCLE
	* REMOVE
	* INCUBATE
	* TARGET
	* DIE
	* ALL
	* TAPPEDSTATUSMODIFIER
	* CHOOSE
	* CARDINAL
	* LEARN
	* CONNIVE
	* LBRACE
	* SUSPECT
	* PLAY
	* CONVERT
	* THEIR
	* EXILE
","{3}, {T}, Sacrifice ~: It deals 3 damage to target creature."
261,Witch's Oven,45.74630404799973,False,"No terminal matches 'S' in the current parser context, at line 1 col 6

{T}, Sacrifice a creature: Create a Food toke
     ^
Expected one of: 
	* CLOAK
	* EACH
	* FROM
	* ATTACK
	* COLORTERM
	* DREW
	* WIN
	* DRAW
	* DETAIN
	* TYPE
	* SUBTYPELAND
	* SUPPORT
	* __ANON_18
	* THE
	* THOSE
	* MANIFEST
	* CYCLED
	* RETURN
	* NAMEREFSYMBOL
	* TIMES
	* AN
	* UNDER
	* GAIN
	* SWITCH
	* PROLIFERATE
	* BOLSTER
	* THESE
	* COMBATSTATUSMODIFIER
	* ZONE
	* ON
	* UNTAP
	* CLASH
	* BLOCK
	* PUT
	* LOOKED
	* TURN
	* NUMBER
	* WHO
	* SKIP
	* INVESTIGATE
	* ABANDON
	* DISCARDED
	* CONTROL
	* ABILITYMODIFIER
	* __ANON_19
	* PAY
	* LEVEL
	* X
	* NO
	* SUBTYPEPLANAR
	* UNTAPSYMBOL
	* THAT
	* SUBTYPECREATUREB
	* WITHOUT
	* MONSTROSITY
	* __ANON_21
	* __ANON_17
	* REGENERATE
	* NON
	* ITSELF
	* COUNTER
	* STAR
	* LSQB
	* ONLY
	* MORE
	* PLAYERCHARACTERISTIC
	* CAST
	* DISCOVER
	* REVEAL
	* REVEALED
	* LESS
	* MELD
	* SCRY
	* __ANON_15
	* DOUBLE
	* TRANSFORM
	* SEARCH
	* TAP
	* FREQUENCY
	* ADAPT
	* DISCARD
	* SEARCHED
	* PLAYERTERM
	* DAMAGETYPE
	* SHUFFLE
	* LOOK
	* SUBTYPEENCHANTMENT
	* THIS
	* ATTACHED
	* ADDITIONAL
	* GET
	* GOAD
	* SHUFFLED
	* TURNED
	* EFFECTSTATUSMODIFIER
	* ACTIVATE
	* CONTROLLED
	* OBJECTCHARACTERISTIC
	* TAKE
	* DESTROY
	* TAPSYMBOL
	* HIMSELF
	* ANY
	* SUBTYPESPELL
	* REMAIN
	* LOSE
	* ADD
	* CHOSE
	* FLIP
	* SPEND
	* UNATTACH
	* EXCHANGE
	* SUBTYPEPLANESWALKER
	* ASSIGN
	* __ANON_14
	* GREATER
	* KEYWORDSTATUSMODIFIER
	* POPULATE
	* AMASS
	* THEM
	* IT
	* EQUAL
	* SUBTYPECREATUREA
	* MILL
	* OTHER
	* HERSELF
	* SAME
	* SACRIFICED
	* ONTO
	* GAINED
	* ATTACH
	* WITH
	* ORDINAL
	* FATESEAL
	* PREVENT
	* FIGHT
	* CREATE
	* A
	* YOUR
	* ABLE
	* EXPLORES
	* SUBTYPEARTIFACT
	* QUALIFIER
	* UP
	* DEAL
	* EXERT
	* FORAGE
	* SURVEIL
	* IN
	* ITS
	* SACRIFICE
	* __ANON_20
	* SUPERTYPE
	* PLAYED
	* UNATTACHED
	* ATTACKED
	* BLOCKED
	* INTO
	* CYCLE
	* REMOVE
	* INCUBATE
	* TARGET
	* DIE
	* ALL
	* TAPPEDSTATUSMODIFIER
	* CHOOSE
	* CARDINAL
	* LEARN
	* CONNIVE
	* LBRACE
	* SUSPECT
	* PLAY
	* CONVERT
	* THEIR
	* EXILE
","{T}, Sacrifice a creature: Create a Food token. If the sacrificed creature's toughness was 4 or greater, create two Food tokens instead. (they are artifacts with ""{2}, {T}, Sacrifice this artifact: You gain 3 life."".)"
262,Jousting Dummy,193.8751066470004,True,,{3}: ~ gets +1/+0 until end of turn.
263,Castle Ardenvale,197.00355628600028,False,"No terminal matches '.' in the current parser context, at line 1 col 44

nters tapped unless you control a Plains.
                                        ^
Expected one of: 
	* DASH
	* WORD
","~ enters tapped unless you control a Plains.
{T}: Add {W}.
{2}{W}{W}, {T}: Create a 1/1 white Human creature token."
264,Castle Embereth,193.65262894399984,False,"No terminal matches '.' in the current parser context, at line 1 col 46

ers tapped unless you control a Mountain.
                                        ^
Expected one of: 
	* DASH
	* WORD
","~ enters tapped unless you control a Mountain.
{T}: Add {R}.
{1}{R}{R}, {T}: Creatures you control get +1/+0 until end of turn."
265,Locthwain Gargoyle,328.68817364200004,True,,{4}: ~ gets +2/+0 and gains flying until end of turn.
266,Castle Garenbrig,201.30390760799946,False,"No terminal matches '.' in the current parser context, at line 1 col 44

nters tapped unless you control a Forest.
                                        ^
Expected one of: 
	* DASH
	* WORD
","~ enters tapped unless you control a Forest.
{T}: Add {G}.
{2}{G}{G}, {T}: Add six {G}. Spend this mana only to cast creature spells or activate abilities of creatures."
267,Fabled Passage,47.19192697199924,False,"No terminal matches 'S' in the current parser context, at line 1 col 6

{T}, Sacrifice ~: Search your library for a b
     ^
Expected one of: 
	* CLOAK
	* EACH
	* FROM
	* ATTACK
	* COLORTERM
	* DREW
	* WIN
	* DRAW
	* DETAIN
	* TYPE
	* SUBTYPELAND
	* SUPPORT
	* __ANON_18
	* THE
	* THOSE
	* MANIFEST
	* CYCLED
	* RETURN
	* NAMEREFSYMBOL
	* TIMES
	* AN
	* UNDER
	* GAIN
	* SWITCH
	* PROLIFERATE
	* BOLSTER
	* THESE
	* COMBATSTATUSMODIFIER
	* ZONE
	* ON
	* UNTAP
	* CLASH
	* BLOCK
	* PUT
	* LOOKED
	* TURN
	* NUMBER
	* WHO
	* SKIP
	* INVESTIGATE
	* ABANDON
	* DISCARDED
	* CONTROL
	* ABILITYMODIFIER
	* __ANON_19
	* PAY
	* LEVEL
	* X
	* NO
	* SUBTYPEPLANAR
	* UNTAPSYMBOL
	* THAT
	* SUBTYPECREATUREB
	* WITHOUT
	* MONSTROSITY
	* __ANON_21
	* __ANON_17
	* REGENERATE
	* NON
	* ITSELF
	* COUNTER
	* STAR
	* LSQB
	* ONLY
	* MORE
	* PLAYERCHARACTERISTIC
	* CAST
	* DISCOVER
	* REVEAL
	* REVEALED
	* LESS
	* MELD
	* SCRY
	* __ANON_15
	* DOUBLE
	* TRANSFORM
	* SEARCH
	* TAP
	* FREQUENCY
	* ADAPT
	* DISCARD
	* SEARCHED
	* PLAYERTERM
	* DAMAGETYPE
	* SHUFFLE
	* LOOK
	* SUBTYPEENCHANTMENT
	* THIS
	* ATTACHED
	* ADDITIONAL
	* GET
	* GOAD
	* SHUFFLED
	* TURNED
	* EFFECTSTATUSMODIFIER
	* ACTIVATE
	* CONTROLLED
	* OBJECTCHARACTERISTIC
	* TAKE
	* DESTROY
	* TAPSYMBOL
	* HIMSELF
	* ANY
	* SUBTYPESPELL
	* REMAIN
	* LOSE
	* ADD
	* CHOSE
	* FLIP
	* SPEND
	* UNATTACH
	* EXCHANGE
	* SUBTYPEPLANESWALKER
	* ASSIGN
	* __ANON_14
	* GREATER
	* KEYWORDSTATUSMODIFIER
	* POPULATE
	* AMASS
	* THEM
	* IT
	* EQUAL
	* SUBTYPECREATUREA
	* MILL
	* OTHER
	* HERSELF
	* SAME
	* SACRIFICED
	* ONTO
	* GAINED
	* ATTACH
	* WITH
	* ORDINAL
	* FATESEAL
	* PREVENT
	* FIGHT
	* CREATE
	* A
	* YOUR
	* ABLE
	* EXPLORES
	* SUBTYPEARTIFACT
	* QUALIFIER
	* UP
	* DEAL
	* EXERT
	* FORAGE
	* SURVEIL
	* IN
	* ITS
	* SACRIFICE
	* __ANON_20
	* SUPERTYPE
	* PLAYED
	* UNATTACHED
	* ATTACKED
	* BLOCKED
	* INTO
	* CYCLE
	* REMOVE
	* INCUBATE
	* TARGET
	* DIE
	* ALL
	* TAPPEDSTATUSMODIFIER
	* CHOOSE
	* CARDINAL
	* LEARN
	* CONNIVE
	* LBRACE
	* SUSPECT
	* PLAY
	* CONVERT
	* THEIR
	* EXILE
","{T}, Sacrifice ~: Search your library for a basic land card, put it onto the battlefield tapped, then shuffle. Then if you control four or more lands, untap that land."
268,Weapon Rack,298.67296839200026,False,"No terminal matches 'M' in the current parser context, at line 2 col 6

{T}: Move a +1/+1 counter from ~ onto target 
     ^
Expected one of: 
	* CLOAK
	* EACH
	* FROM
	* ATTACK
	* COLORTERM
	* DREW
	* WIN
	* DRAW
	* DETAIN
	* TYPE
	* SUBTYPELAND
	* SUPPORT
	* __ANON_18
	* THE
	* THOSE
	* MANIFEST
	* CYCLED
	* AS
	* RETURN
	* NAMEREFSYMBOL
	* TIMES
	* FOR
	* AN
	* UNDER
	* GAIN
	* SWITCH
	* PROLIFERATE
	* BOLSTER
	* THESE
	* COMBATSTATUSMODIFIER
	* ZONE
	* THEN
	* CAN
	* ON
	* MAY
	* UNTAP
	* CLASH
	* DO
	* BLOCK
	* HAD
	* PUT
	* BECOME
	* LOOKED
	* TURN
	* NUMBER
	* WHO
	* SKIP
	* INVESTIGATE
	* ABANDON
	* DISCARDED
	* CONTROL
	* ABILITYMODIFIER
	* __ANON_19
	* PAY
	* X
	* LEVEL
	* NO
	* SUBTYPEPLANAR
	* UNTAPSYMBOL
	* THAT
	* SUBTYPECREATUREB
	* AT
	* BEEN
	* WITHOUT
	* MONSTROSITY
	* __ANON_21
	* __ANON_17
	* REGENERATE
	* NON
	* ITSELF
	* COUNTER
	* AFTER
	* STAR
	* LSQB
	* ONLY
	* BE
	* MORE
	* PLAYERCHARACTERISTIC
	* CAST
	* DISCOVER
	* REVEAL
	* REVEALED
	* LESS
	* MELD
	* WHENEVER
	* SCRY
	* __ANON_15
	* DOUBLE
	* TRANSFORM
	* SEARCH
	* FREQUENCY
	* TAP
	* ADAPT
	* DISCARD
	* SEARCHED
	* WOULD
	* PLAYERTERM
	* DAMAGETYPE
	* SHUFFLE
	* LOOK
	* SUBTYPEENCHANTMENT
	* THIS
	* ATTACHED
	* ADDITIONAL
	* GET
	* GOAD
	* SHUFFLED
	* TURNED
	* EFFECTSTATUSMODIFIER
	* ACTIVATE
	* CONTROLLED
	* OBJECTCHARACTERISTIC
	* TAKE
	* DESTROY
	* TAPSYMBOL
	* HIMSELF
	* ANY
	* SUBTYPESPELL
	* REMAIN
	* LOSE
	* ADD
	* CHOSE
	* OTHERWISE
	* SPEND
	* FLIP
	* UNATTACH
	* EXCHANGE
	* SUBTYPEPLANESWALKER
	* ASSIGN
	* __ANON_14
	* GREATER
	* KEYWORDSTATUSMODIFIER
	* POPULATE
	* AMASS
	* THEM
	* WHILE
	* EQUAL
	* IT
	* SUBTYPECREATUREA
	* MILL
	* OTHER
	* HERSELF
	* SAME
	* SACRIFICED
	* ONTO
	* GAINED
	* ATTACH
	* IF
	* WITH
	* DOES
	* ORDINAL
	* FATESEAL
	* PREVENT
	* A
	* CREATE
	* FIGHT
	* YOUR
	* ABLE
	* EXPLORES
	* SUBTYPEARTIFACT
	* QUALIFIER
	* UP
	* DEAL
	* EXERT
	* FORAGE
	* IS
	* SURVEIL
	* IN
	* ITS
	* SACRIFICE
	* __ANON_20
	* SUPERTYPE
	* WHEN
	* PLAYED
	* UNATTACHED
	* ATTACKED
	* BLOCKED
	* INTO
	* CYCLE
	* HAVE
	* REMOVE
	* INCUBATE
	* TARGET
	* DIE
	* DASH
	* ALL
	* TAPPEDSTATUSMODIFIER
	* CHOOSE
	* CARDINAL
	* LEARN
	* HAS
	* CONNIVE
	* UNTIL
	* LBRACE
	* SUSPECT
	* PLAY
	* CONVERT
	* THEIR
	* EXILE
","~ enters with three +1/+1 counters on it.
{T}: Move a +1/+1 counter from ~ onto target creature. Activate only as a sorcery."
269,Castle Locthwain,200.78460078499938,False,"No terminal matches '.' in the current parser context, at line 1 col 43

enters tapped unless you control a Swamp.
                                        ^
Expected one of: 
	* DASH
	* WORD
","~ enters tapped unless you control a Swamp.
{T}: Add {B}.
{1}{B}{B}, {T}: Draw a card, then you lose life equal to the number of cards in your hand."
270,Resolute Rider,482.1260013249994,True,,"{W/B}{W/B}: ~ gains lifelink until end of turn.
{W/B}{W/B}{W/B}: ~ gains indestructible until end of turn. (Damage and effects that say ""destroy"" do not destroy it.)"
271,Tournament Grounds,49.82243577600002,False,"No terminal matches 'A' in the current parser context, at line 1 col 6

{T}: Add {C}.
     ^
Expected one of: 
	* CLOAK
	* EACH
	* FROM
	* ATTACK
	* COLORTERM
	* DREW
	* WIN
	* DRAW
	* DETAIN
	* TYPE
	* SUBTYPELAND
	* SUPPORT
	* __ANON_18
	* THE
	* THOSE
	* MANIFEST
	* CYCLED
	* AS
	* RETURN
	* NAMEREFSYMBOL
	* TIMES
	* FOR
	* AN
	* UNDER
	* GAIN
	* SWITCH
	* PROLIFERATE
	* BOLSTER
	* THESE
	* COMBATSTATUSMODIFIER
	* ZONE
	* THEN
	* CAN
	* ON
	* MAY
	* UNTAP
	* CLASH
	* DO
	* BLOCK
	* HAD
	* PUT
	* BECOME
	* LOOKED
	* TURN
	* NUMBER
	* WHO
	* SKIP
	* INVESTIGATE
	* ABANDON
	* DISCARDED
	* CONTROL
	* ABILITYMODIFIER
	* __ANON_19
	* PAY
	* X
	* LEVEL
	* NO
	* SUBTYPEPLANAR
	* UNTAPSYMBOL
	* THAT
	* SUBTYPECREATUREB
	* AT
	* BEEN
	* WITHOUT
	* MONSTROSITY
	* __ANON_21
	* __ANON_17
	* REGENERATE
	* NON
	* ITSELF
	* COUNTER
	* AFTER
	* STAR
	* LSQB
	* ONLY
	* BE
	* MORE
	* PLAYERCHARACTERISTIC
	* CAST
	* DISCOVER
	* REVEAL
	* REVEALED
	* LESS
	* MELD
	* WHENEVER
	* SCRY
	* __ANON_15
	* DOUBLE
	* TRANSFORM
	* SEARCH
	* FREQUENCY
	* TAP
	* ADAPT
	* DISCARD
	* SEARCHED
	* WOULD
	* PLAYERTERM
	* DAMAGETYPE
	* SHUFFLE
	* LOOK
	* SUBTYPEENCHANTMENT
	* THIS
	* ATTACHED
	* ADDITIONAL
	* GET
	* GOAD
	* SHUFFLED
	* TURNED
	* EFFECTSTATUSMODIFIER
	* ACTIVATE
	* CONTROLLED
	* OBJECTCHARACTERISTIC
	* TAKE
	* DESTROY
	* TAPSYMBOL
	* HIMSELF
	* ANY
	* SUBTYPESPELL
	* REMAIN
	* LOSE
	* ADD
	* CHOSE
	* OTHERWISE
	* SPEND
	* FLIP
	* UNATTACH
	* EXCHANGE
	* SUBTYPEPLANESWALKER
	* ASSIGN
	* __ANON_14
	* GREATER
	* KEYWORDSTATUSMODIFIER
	* POPULATE
	* AMASS
	* THEM
	* WHILE
	* EQUAL
	* IT
	* SUBTYPECREATUREA
	* MILL
	* OTHER
	* HERSELF
	* SAME
	* SACRIFICED
	* ONTO
	* GAINED
	* ATTACH
	* IF
	* WITH
	* DOES
	* ORDINAL
	* FATESEAL
	* PREVENT
	* A
	* CREATE
	* FIGHT
	* YOUR
	* ABLE
	* EXPLORES
	* SUBTYPEARTIFACT
	* QUALIFIER
	* UP
	* DEAL
	* EXERT
	* FORAGE
	* IS
	* SURVEIL
	* IN
	* ITS
	* SACRIFICE
	* __ANON_20
	* SUPERTYPE
	* WHEN
	* PLAYED
	* UNATTACHED
	* ATTACKED
	* BLOCKED
	* INTO
	* CYCLE
	* HAVE
	* REMOVE
	* INCUBATE
	* TARGET
	* DIE
	* DASH
	* ALL
	* TAPPEDSTATUSMODIFIER
	* CHOOSE
	* CARDINAL
	* LEARN
	* HAS
	* CONNIVE
	* UNTIL
	* LBRACE
	* SUSPECT
	* PLAY
	* CONVERT
	* THEIR
	* EXILE
","{T}: Add {C}.
{T}: Add {R}, {W}, or {B}. Spend this mana only to cast a Knight or Equipment spell."
272,Shambling Suit,438.7459241739998,True,,~'s power is equal to the number of artifacts and/or enchantments you control.
273,Plains,51.44884470500074,True,,({T}: Add {W}.)
274,Island,47.25466754899935,True,,({T}: Add {U}.)
275,Castle Vantress,217.56813888099987,False,"No terminal matches '.' in the current parser context, at line 1 col 45

ters tapped unless you control an Island.
                                        ^
Expected one of: 
	* DASH
	* WORD
","~ enters tapped unless you control an Island.
{T}: Add {U}.
{2}{U}{U}, {T}: Scry 2."
276,Swamp,56.35555767900041,True,,({T}: Add {B}.)
277,Mountain,53.752629499999784,True,,({T}: Add {R}.)
278,Forest,48.73224848999962,True,,({T}: Add {G}.)
279,Garrison Griffin,27.960947431000022,False,"No terminal matches '~' in the current parser context, at line 2 col 10

Whenever ~ attacks, target Knight you control gai
         ^
Expected one of: 
	* DASH
	* WORD
","Flying
Whenever ~ attacks, target Knight you control gains flying until end of turn."
280,Dwarven Mine,296.7113278900006,False,"No terminal matches '.' in the current parser context, at line 2 col 65

ou control three or more other Mountains.
                                        ^
Expected one of: 
	* DASH
	* WORD
","({T}: Add {R}.)
~ enters tapped unless you control three or more other Mountains.
When ~ enters untapped, create a 1/1 red Dwarf creature token."
281,"Kenrith, the Returned King",70.68052832800004,False,"No terminal matches 'A' in the current parser context, at line 1 col 6

{R}: All creatures gain trample and haste unt
     ^
Expected one of: 
	* CLOAK
	* EACH
	* FROM
	* ATTACK
	* COLORTERM
	* DREW
	* WIN
	* DRAW
	* DETAIN
	* TYPE
	* SUBTYPELAND
	* SUPPORT
	* __ANON_18
	* THE
	* THOSE
	* MANIFEST
	* CYCLED
	* AS
	* RETURN
	* NAMEREFSYMBOL
	* TIMES
	* FOR
	* AN
	* UNDER
	* GAIN
	* SWITCH
	* PROLIFERATE
	* BOLSTER
	* THESE
	* COMBATSTATUSMODIFIER
	* ZONE
	* THEN
	* CAN
	* ON
	* MAY
	* UNTAP
	* CLASH
	* DO
	* BLOCK
	* HAD
	* PUT
	* BECOME
	* LOOKED
	* TURN
	* NUMBER
	* WHO
	* SKIP
	* INVESTIGATE
	* ABANDON
	* DISCARDED
	* CONTROL
	* ABILITYMODIFIER
	* __ANON_19
	* PAY
	* X
	* LEVEL
	* NO
	* SUBTYPEPLANAR
	* UNTAPSYMBOL
	* THAT
	* SUBTYPECREATUREB
	* AT
	* BEEN
	* WITHOUT
	* MONSTROSITY
	* __ANON_21
	* __ANON_17
	* REGENERATE
	* NON
	* ITSELF
	* COUNTER
	* AFTER
	* STAR
	* LSQB
	* ONLY
	* BE
	* MORE
	* PLAYERCHARACTERISTIC
	* CAST
	* DISCOVER
	* REVEAL
	* REVEALED
	* LESS
	* MELD
	* WHENEVER
	* SCRY
	* __ANON_15
	* DOUBLE
	* TRANSFORM
	* SEARCH
	* FREQUENCY
	* TAP
	* ADAPT
	* DISCARD
	* SEARCHED
	* WOULD
	* PLAYERTERM
	* DAMAGETYPE
	* SHUFFLE
	* LOOK
	* SUBTYPEENCHANTMENT
	* THIS
	* ATTACHED
	* ADDITIONAL
	* GET
	* GOAD
	* SHUFFLED
	* TURNED
	* EFFECTSTATUSMODIFIER
	* ACTIVATE
	* CONTROLLED
	* OBJECTCHARACTERISTIC
	* TAKE
	* DESTROY
	* TAPSYMBOL
	* HIMSELF
	* ANY
	* SUBTYPESPELL
	* REMAIN
	* LOSE
	* ADD
	* CHOSE
	* OTHERWISE
	* SPEND
	* FLIP
	* UNATTACH
	* EXCHANGE
	* SUBTYPEPLANESWALKER
	* ASSIGN
	* __ANON_14
	* GREATER
	* KEYWORDSTATUSMODIFIER
	* POPULATE
	* AMASS
	* THEM
	* WHILE
	* EQUAL
	* IT
	* SUBTYPECREATUREA
	* MILL
	* OTHER
	* HERSELF
	* SAME
	* SACRIFICED
	* ONTO
	* GAINED
	* ATTACH
	* IF
	* WITH
	* DOES
	* ORDINAL
	* FATESEAL
	* PREVENT
	* A
	* CREATE
	* FIGHT
	* YOUR
	* ABLE
	* EXPLORES
	* SUBTYPEARTIFACT
	* QUALIFIER
	* UP
	* DEAL
	* EXERT
	* FORAGE
	* IS
	* SURVEIL
	* IN
	* ITS
	* SACRIFICE
	* __ANON_20
	* SUPERTYPE
	* WHEN
	* PLAYED
	* UNATTACHED
	* ATTACKED
	* BLOCKED
	* INTO
	* CYCLE
	* HAVE
	* REMOVE
	* INCUBATE
	* TARGET
	* DIE
	* DASH
	* ALL
	* TAPPEDSTATUSMODIFIER
	* CHOOSE
	* CARDINAL
	* LEARN
	* HAS
	* CONNIVE
	* UNTIL
	* LBRACE
	* SUSPECT
	* PLAY
	* CONVERT
	* THEIR
	* EXILE
","{R}: All creatures gain trample and haste until end of turn.
{1}{G}: Put a +1/+1 counter on target creature.
{2}{W}: Target player gains 5 life.
{3}{U}: Target player draws a card.
{4}{B}: Put target creature card from a graveyard onto the battlefield under its owner's control."
282,"Rowan, Fearless Sparkmage",51.20374223199997,False,"No terminal matches 'U' in the current parser context, at line 1 col 7

[+1]: Up to one target creature gets +3/+0 and
      ^
Expected one of: 
	* CLOAK
	* EACH
	* FROM
	* ATTACK
	* COLORTERM
	* DREW
	* WIN
	* DRAW
	* DETAIN
	* TYPE
	* SUBTYPELAND
	* SUPPORT
	* __ANON_18
	* THE
	* THOSE
	* MANIFEST
	* CYCLED
	* AS
	* RETURN
	* NAMEREFSYMBOL
	* TIMES
	* FOR
	* AN
	* UNDER
	* GAIN
	* SWITCH
	* PROLIFERATE
	* BOLSTER
	* THESE
	* COMBATSTATUSMODIFIER
	* ZONE
	* THEN
	* CAN
	* ON
	* MAY
	* UNTAP
	* CLASH
	* DO
	* BLOCK
	* HAD
	* PUT
	* BECOME
	* LOOKED
	* TURN
	* NUMBER
	* WHO
	* SKIP
	* INVESTIGATE
	* ABANDON
	* DISCARDED
	* CONTROL
	* ABILITYMODIFIER
	* __ANON_19
	* PAY
	* X
	* LEVEL
	* NO
	* SUBTYPEPLANAR
	* UNTAPSYMBOL
	* THAT
	* SUBTYPECREATUREB
	* AT
	* BEEN
	* WITHOUT
	* MONSTROSITY
	* __ANON_21
	* __ANON_17
	* REGENERATE
	* NON
	* ITSELF
	* COUNTER
	* AFTER
	* STAR
	* LSQB
	* ONLY
	* BE
	* MORE
	* PLAYERCHARACTERISTIC
	* CAST
	* DISCOVER
	* REVEAL
	* REVEALED
	* LESS
	* MELD
	* WHENEVER
	* SCRY
	* __ANON_15
	* DOUBLE
	* TRANSFORM
	* SEARCH
	* FREQUENCY
	* TAP
	* ADAPT
	* DISCARD
	* SEARCHED
	* WOULD
	* PLAYERTERM
	* DAMAGETYPE
	* SHUFFLE
	* LOOK
	* SUBTYPEENCHANTMENT
	* THIS
	* ATTACHED
	* ADDITIONAL
	* GET
	* GOAD
	* SHUFFLED
	* TURNED
	* EFFECTSTATUSMODIFIER
	* ACTIVATE
	* CONTROLLED
	* OBJECTCHARACTERISTIC
	* TAKE
	* DESTROY
	* TAPSYMBOL
	* HIMSELF
	* ANY
	* SUBTYPESPELL
	* REMAIN
	* LOSE
	* ADD
	* CHOSE
	* OTHERWISE
	* SPEND
	* FLIP
	* UNATTACH
	* EXCHANGE
	* SUBTYPEPLANESWALKER
	* ASSIGN
	* __ANON_14
	* GREATER
	* KEYWORDSTATUSMODIFIER
	* POPULATE
	* AMASS
	* THEM
	* WHILE
	* EQUAL
	* IT
	* SUBTYPECREATUREA
	* MILL
	* OTHER
	* HERSELF
	* SAME
	* SACRIFICED
	* ONTO
	* GAINED
	* ATTACH
	* IF
	* WITH
	* DOES
	* ORDINAL
	* FATESEAL
	* PREVENT
	* A
	* CREATE
	* FIGHT
	* YOUR
	* ABLE
	* EXPLORES
	* SUBTYPEARTIFACT
	* QUALIFIER
	* UP
	* DEAL
	* EXERT
	* FORAGE
	* IS
	* SURVEIL
	* IN
	* ITS
	* SACRIFICE
	* __ANON_20
	* SUPERTYPE
	* WHEN
	* PLAYED
	* UNATTACHED
	* ATTACKED
	* BLOCKED
	* INTO
	* CYCLE
	* HAVE
	* REMOVE
	* INCUBATE
	* TARGET
	* DIE
	* DASH
	* ALL
	* TAPPEDSTATUSMODIFIER
	* CHOOSE
	* CARDINAL
	* LEARN
	* HAS
	* CONNIVE
	* UNTIL
	* LBRACE
	* SUSPECT
	* PLAY
	* CONVERT
	* THEIR
	* EXILE
","[+1]: Up to one target creature gets +3/+0 and gains first strike until end of turn.
[−2]: ~f deals 1 damage to each of up to two target creatures. Those creatures can not block this turn.
[−9]: Gain control of all creatures until end of turn. Untap them. They gain haste until end of turn."
283,Rowan's Stalwarts,21.11234576300012,False,"No terminal matches '~' in the current parser context, at line 1 col 6

When ~ enters, you may search your library an
     ^
Expected one of: 
	* DASH
	* WORD
","When ~ enters, you may search your library and/or graveyard for a card named Rowan, Fearless Sparkmage, reveal it, and put it into your hand. If you search your library this way, shuffle."
284,Rowan's Battleguard,26.782619384999634,False,"No terminal matches ',' in the current parser context, at line 2 col 44

long as you control a Rowan planeswalker, ~ gets +3/+0.
                                        ^
Expected one of: 
	* DASH
	* WORD
","First strike
As long as you control a Rowan planeswalker, ~ gets +3/+0."
285,Gingerbread Cabin,303.9836058889996,False,"No terminal matches '.' in the current parser context, at line 2 col 63

 you control three or more other Forests.
                                        ^
Expected one of: 
	* DASH
	* WORD
","({T}: Add {G}.)
~ enters tapped unless you control three or more other Forests.
When ~ enters untapped, create a Food token. (it is an artifact with ""{2}, {T}, Sacrifice this artifact: You gain 3 life."".)"
286,Oko's Accomplices,26.91027856799974,False,"Unexpected end-of-input. Expected one of: 
	* DASH
	* WORD
",Flying
287,Oko's Hospitality,24.869083462999697,False,"No terminal matches '3' in the current parser context, at line 1 col 53

u control have base power and toughness 3/3 until end of turn. You may search yo
                                        ^
Expected one of: 
	* DASH
	* WORD
","Creatures you control have base power and toughness 3/3 until end of turn. You may search your library and/or graveyard for a card named Oko, the Trickster, reveal it, and put it into your hand. If you search your library this way, shuffle."
288,"Oko, the Trickster",48.32386768200013,False,"No terminal matches 'P' in the current parser context, at line 1 col 7

[+1]: Put two +1/+1 counters on up to one targ
      ^
Expected one of: 
	* CLOAK
	* EACH
	* FROM
	* ATTACK
	* COLORTERM
	* DREW
	* WIN
	* DRAW
	* DETAIN
	* TYPE
	* SUBTYPELAND
	* SUPPORT
	* __ANON_18
	* THE
	* THOSE
	* MANIFEST
	* CYCLED
	* AS
	* RETURN
	* NAMEREFSYMBOL
	* TIMES
	* FOR
	* AN
	* UNDER
	* GAIN
	* SWITCH
	* PROLIFERATE
	* BOLSTER
	* THESE
	* COMBATSTATUSMODIFIER
	* ZONE
	* THEN
	* CAN
	* ON
	* MAY
	* UNTAP
	* CLASH
	* DO
	* BLOCK
	* HAD
	* PUT
	* BECOME
	* LOOKED
	* TURN
	* NUMBER
	* WHO
	* SKIP
	* INVESTIGATE
	* ABANDON
	* DISCARDED
	* CONTROL
	* ABILITYMODIFIER
	* __ANON_19
	* PAY
	* X
	* LEVEL
	* NO
	* SUBTYPEPLANAR
	* UNTAPSYMBOL
	* THAT
	* SUBTYPECREATUREB
	* AT
	* BEEN
	* WITHOUT
	* MONSTROSITY
	* __ANON_21
	* __ANON_17
	* REGENERATE
	* NON
	* ITSELF
	* COUNTER
	* AFTER
	* STAR
	* LSQB
	* ONLY
	* BE
	* MORE
	* PLAYERCHARACTERISTIC
	* CAST
	* DISCOVER
	* REVEAL
	* REVEALED
	* LESS
	* MELD
	* WHENEVER
	* SCRY
	* __ANON_15
	* DOUBLE
	* TRANSFORM
	* SEARCH
	* FREQUENCY
	* TAP
	* ADAPT
	* DISCARD
	* SEARCHED
	* WOULD
	* PLAYERTERM
	* DAMAGETYPE
	* SHUFFLE
	* LOOK
	* SUBTYPEENCHANTMENT
	* THIS
	* ATTACHED
	* ADDITIONAL
	* GET
	* GOAD
	* SHUFFLED
	* TURNED
	* EFFECTSTATUSMODIFIER
	* ACTIVATE
	* CONTROLLED
	* OBJECTCHARACTERISTIC
	* TAKE
	* DESTROY
	* TAPSYMBOL
	* HIMSELF
	* ANY
	* SUBTYPESPELL
	* REMAIN
	* LOSE
	* ADD
	* CHOSE
	* OTHERWISE
	* SPEND
	* FLIP
	* UNATTACH
	* EXCHANGE
	* SUBTYPEPLANESWALKER
	* ASSIGN
	* __ANON_14
	* GREATER
	* KEYWORDSTATUSMODIFIER
	* POPULATE
	* AMASS
	* THEM
	* WHILE
	* EQUAL
	* IT
	* SUBTYPECREATUREA
	* MILL
	* OTHER
	* HERSELF
	* SAME
	* SACRIFICED
	* ONTO
	* GAINED
	* ATTACH
	* IF
	* WITH
	* DOES
	* ORDINAL
	* FATESEAL
	* PREVENT
	* A
	* CREATE
	* FIGHT
	* YOUR
	* ABLE
	* EXPLORES
	* SUBTYPEARTIFACT
	* QUALIFIER
	* UP
	* DEAL
	* EXERT
	* FORAGE
	* IS
	* SURVEIL
	* IN
	* ITS
	* SACRIFICE
	* __ANON_20
	* SUPERTYPE
	* WHEN
	* PLAYED
	* UNATTACHED
	* ATTACKED
	* BLOCKED
	* INTO
	* CYCLE
	* HAVE
	* REMOVE
	* INCUBATE
	* TARGET
	* DIE
	* DASH
	* ALL
	* TAPPEDSTATUSMODIFIER
	* CHOOSE
	* CARDINAL
	* LEARN
	* HAS
	* CONNIVE
	* UNTIL
	* LBRACE
	* SUSPECT
	* PLAY
	* CONVERT
	* THEIR
	* EXILE
","[+1]: Put two +1/+1 counters on up to one target creature you control.
[0]: Until end of turn, ~f becomes a copy of target creature you control. Prevent all damage that would be dealt to him this turn.
[−7]: Until end of turn, each creature you control has base power and toughness 10/10 and gains trample."
289,Idyllic Grange,306.7122161999996,False,"No terminal matches '.' in the current parser context, at line 2 col 62

s you control three or more other Plains.
                                        ^
Expected one of: 
	* DASH
	* WORD
","({T}: Add {W}.)
~ enters tapped unless you control three or more other Plains.
When ~ enters untapped, put a +1/+1 counter on target creature you control."
290,Mystic Sanctuary,313.75667882700054,False,"No terminal matches '.' in the current parser context, at line 2 col 63

 you control three or more other Islands.
                                        ^
Expected one of: 
	* DASH
	* WORD
","({T}: Add {U}.)
~ enters tapped unless you control three or more other Islands.
When ~ enters untapped, you may put target instant or sorcery card from your graveyard on top of your library."
291,Silverwing Squadron,24.235074535999956,False,"No terminal matches ',' in the current parser context, at line 1 col 7

Flying, vigilance
      ^
Expected one of: 
	* DASH
	* WORD
","Flying, vigilance
~'s power and toughness are each equal to the number of creatures you control.
Whenever ~ attacks, create a number of 2/2 white Knight creature tokens with vigilance equal to the number of opponents you have."
292,Mace of the Valiant,28.176370285000303,False,"No terminal matches '+' in the current parser context, at line 1 col 24

Equipped creature gets +1/+1 for each charge counter on ~ and h
                       ^
Expected one of: 
	* DASH
	* WORD
","Equipped creature gets +1/+1 for each charge counter on ~ and has vigilance. (Attacking does not cause it to tap.)
Whenever a creature you control enters, put a charge counter on ~.
Equip {3}"
293,Faerie Formation,25.560621567000453,False,"No terminal matches '{' in the current parser context, at line 2 col 1

{3}{U}: Create a 1/1 blue Faerie creatur
^
Expected one of: 
	* DASH
	* WORD
","Flying
{3}{U}: Create a 1/1 blue Faerie creature token with flying. Draw a card."
294,Shimmer Dragon,21.470377913000448,False,"No terminal matches ',' in the current parser context, at line 2 col 46

ng as you control four or more artifacts, ~ has hexproof. (It can not be the tar
                                        ^
Expected one of: 
	* DASH
	* WORD
","Flying
As long as you control four or more artifacts, ~ has hexproof. (It can not be the target of spells or abilities your opponents control.)
Tap two untapped artifacts you control: Draw a card."
295,Witch's Cottage,301.37518113900023,False,"No terminal matches '.' in the current parser context, at line 2 col 62

s you control three or more other Swamps.
                                        ^
Expected one of: 
	* DASH
	* WORD
","({T}: Add {B}.)
~ enters tapped unless you control three or more other Swamps.
When ~ enters untapped, you may put target creature card from your graveyard on top of your library."
296,Workshop Elders,26.394126799000333,False,"No terminal matches '.' in the current parser context, at line 1 col 43

tifact creatures you control have flying.
                                        ^
Expected one of: 
	* DASH
	* WORD
","Artifact creatures you control have flying.
At the beginning of combat on your turn, you may have target noncreature artifact you control become a 0/0 artifact creature. If you do, put four +1/+1 counters on it."
297,Chittering Witch,25.589492727000106,False,"No terminal matches '~' in the current parser context, at line 1 col 6

When ~ enters, create a number of 1/1 black R
     ^
Expected one of: 
	* DASH
	* WORD
","When ~ enters, create a number of 1/1 black Rat creature tokens equal to the number of opponents you have.
{1}{B}, Sacrifice a creature: Target creature gets -2/-2 until end of turn."
298,Taste of Death,27.254755472999932,False,"No terminal matches '.' in the current parser context, at line 1 col 55

crifices three creatures of their choice. You create three Food tokens. (they ar
                                        ^
Expected one of: 
	* DASH
	* WORD
","Each player sacrifices three creatures of their choice. You create three Food tokens. (they are artifacts with ""{2}, {T}, Sacrifice this artifact: You gain 3 life."".)"
299,Embereth Skyblazer,28.82314155399945,False,"No terminal matches ',' in the current parser context, at line 1 col 17

During your turn, ~ has flying.
                ^
Expected one of: 
	* DASH
	* WORD
","During your turn, ~ has flying.
Whenever ~ attacks, you may pay {2}{R}. If you do, creatures you control get +X/+0 until end of turn, where X is the number of opponents you have."
300,"Alela, Artful Provocateur",21.955514481000137,False,"No terminal matches ',' in the current parser context, at line 1 col 7

Flying, deathtouch, lifelink
      ^
Expected one of: 
	* DASH
	* WORD
","Flying, deathtouch, lifelink
Other creatures you control with flying get +1/+0.
Whenever you cast an artifact or enchantment spell, create a 1/1 blue Faerie creature token with flying."
301,Banish into Fable,21.024091788000078,False,"No terminal matches ',' in the current parser context, at line 1 col 40

When you cast this spell from your hand, copy it if you control an artifact, th
                                       ^
Expected one of: 
	* DASH
	* WORD
","When you cast this spell from your hand, copy it if you control an artifact, then copy it if you control an enchantment. You may choose new targets for the copies.
Return target nonland permanent to its owner's hand. You create a 2/2 white Knight creature token with vigilance."
302,Thorn Mammoth,28.673580151999886,False,"No terminal matches '~' in the current parser context, at line 2 col 10

Whenever ~ or another creature you control enters
         ^
Expected one of: 
	* DASH
	* WORD
","Trample
Whenever ~ or another creature you control enters, ~ fights up to one target creature you do not control."
303,"Chulane, Teller of Tales",23.2274931919992,False,"No terminal matches ',' in the current parser context, at line 2 col 35

Whenever you cast a creature spell, draw a card, then you may put a land c
                                  ^
Expected one of: 
	* DASH
	* WORD
","Vigilance
Whenever you cast a creature spell, draw a card, then you may put a land card from your hand onto the battlefield.
{3}, {T}: Return target creature you control to its owner's hand."
304,Knights' Charge,25.421614339999905,False,"No terminal matches ',' in the current parser context, at line 1 col 38

Whenever a Knight you control attacks, each opponent loses 1 life and you gai
                                     ^
Expected one of: 
	* DASH
	* WORD
","Whenever a Knight you control attacks, each opponent loses 1 life and you gain 1 life.
{6}{W}{B}, Sacrifice ~: Return all Knight creature cards from your graveyard to the battlefield."
305,Gluttonous Troll,27.288286624000648,False,"No terminal matches '~' in the current parser context, at line 2 col 6

When ~ enters, create a number of Food tokens
     ^
Expected one of: 
	* DASH
	* WORD
","Trample
When ~ enters, create a number of Food tokens equal to the number of opponents you have. (Food tokens are artifacts with ""{2}, {T}, Sacrifice this artifact: You gain 3 life."".)
{1}{G}, Sacrifice another nonland permanent: ~ gets +2/+2 until end of turn."
306,"Korvold, Fae-Cursed King",26.60120408000057,False,"No terminal matches '~' in the current parser context, at line 2 col 10

Whenever ~f enters or attacks, sacrifice another 
         ^
Expected one of: 
	* DASH
	* WORD
","Flying
Whenever ~f enters or attacks, sacrifice another permanent.
Whenever you sacrifice a permanent, put a +1/+1 counter on ~ and draw a card."
307,"Syr Gwyn, Hero of Ashvale",25.542386721000184,False,"No terminal matches ',' in the current parser context, at line 1 col 10

Vigilance, menace
         ^
Expected one of: 
	* DASH
	* WORD
","Vigilance, menace
Whenever an equipped creature you control attacks, you draw a card and you lose 1 life.
Equipment you control have equip Knight {0}."
308,Wind-Scarred Crag,191.4279723360005,False,"No terminal matches '~' in the current parser context, at line 2 col 6

When ~ enters, you gain 1 life.
     ^
Expected one of: 
	* DASH
	* WORD
","~ enters tapped.
When ~ enters, you gain 1 life.
{T}: Add {R} or {W}."
309,Steelbane Hydra,97.60975647099986,False,"No terminal matches '+' in the current parser context, at line 1 col 17

~ enters with X +1/+1 counters on it.
                ^
Expected one of: 
	* DASH
	* WORD
	* COUNTER
","~ enters with X +1/+1 counters on it.
{2}{G}, Remove a +1/+1 counter from ~: Destroy target artifact or enchantment."
310,Arcane Signet,44.255088125999464,False,"No terminal matches 'A' in the current parser context, at line 1 col 6

{T}: Add one mana of any color in your comman
     ^
Expected one of: 
	* CLOAK
	* EACH
	* FROM
	* ATTACK
	* COLORTERM
	* DREW
	* WIN
	* DRAW
	* DETAIN
	* TYPE
	* SUBTYPELAND
	* SUPPORT
	* __ANON_18
	* THE
	* THOSE
	* MANIFEST
	* CYCLED
	* AS
	* RETURN
	* NAMEREFSYMBOL
	* TIMES
	* FOR
	* AN
	* UNDER
	* GAIN
	* SWITCH
	* PROLIFERATE
	* BOLSTER
	* THESE
	* COMBATSTATUSMODIFIER
	* ZONE
	* THEN
	* CAN
	* ON
	* MAY
	* UNTAP
	* CLASH
	* DO
	* BLOCK
	* HAD
	* PUT
	* BECOME
	* LOOKED
	* TURN
	* NUMBER
	* WHO
	* SKIP
	* INVESTIGATE
	* ABANDON
	* DISCARDED
	* CONTROL
	* ABILITYMODIFIER
	* __ANON_19
	* PAY
	* X
	* LEVEL
	* NO
	* SUBTYPEPLANAR
	* UNTAPSYMBOL
	* THAT
	* SUBTYPECREATUREB
	* AT
	* BEEN
	* WITHOUT
	* MONSTROSITY
	* __ANON_21
	* __ANON_17
	* REGENERATE
	* NON
	* ITSELF
	* COUNTER
	* AFTER
	* STAR
	* LSQB
	* ONLY
	* BE
	* MORE
	* PLAYERCHARACTERISTIC
	* CAST
	* DISCOVER
	* REVEAL
	* REVEALED
	* LESS
	* MELD
	* WHENEVER
	* SCRY
	* __ANON_15
	* DOUBLE
	* TRANSFORM
	* SEARCH
	* FREQUENCY
	* TAP
	* ADAPT
	* DISCARD
	* SEARCHED
	* WOULD
	* PLAYERTERM
	* DAMAGETYPE
	* SHUFFLE
	* LOOK
	* SUBTYPEENCHANTMENT
	* THIS
	* ATTACHED
	* ADDITIONAL
	* GET
	* GOAD
	* SHUFFLED
	* TURNED
	* EFFECTSTATUSMODIFIER
	* ACTIVATE
	* CONTROLLED
	* OBJECTCHARACTERISTIC
	* TAKE
	* DESTROY
	* TAPSYMBOL
	* HIMSELF
	* ANY
	* SUBTYPESPELL
	* REMAIN
	* LOSE
	* ADD
	* CHOSE
	* OTHERWISE
	* SPEND
	* FLIP
	* UNATTACH
	* EXCHANGE
	* SUBTYPEPLANESWALKER
	* ASSIGN
	* __ANON_14
	* GREATER
	* KEYWORDSTATUSMODIFIER
	* POPULATE
	* AMASS
	* THEM
	* WHILE
	* EQUAL
	* IT
	* SUBTYPECREATUREA
	* MILL
	* OTHER
	* HERSELF
	* SAME
	* SACRIFICED
	* ONTO
	* GAINED
	* ATTACH
	* IF
	* WITH
	* DOES
	* ORDINAL
	* FATESEAL
	* PREVENT
	* A
	* CREATE
	* FIGHT
	* YOUR
	* ABLE
	* EXPLORES
	* SUBTYPEARTIFACT
	* QUALIFIER
	* UP
	* DEAL
	* EXERT
	* FORAGE
	* IS
	* SURVEIL
	* IN
	* ITS
	* SACRIFICE
	* __ANON_20
	* SUPERTYPE
	* WHEN
	* PLAYED
	* UNATTACHED
	* ATTACKED
	* BLOCKED
	* INTO
	* CYCLE
	* HAVE
	* REMOVE
	* INCUBATE
	* TARGET
	* DIE
	* DASH
	* ALL
	* TAPPEDSTATUSMODIFIER
	* CHOOSE
	* CARDINAL
	* LEARN
	* HAS
	* CONNIVE
	* UNTIL
	* LBRACE
	* SUSPECT
	* PLAY
	* CONVERT
	* THEIR
	* EXILE
",{T}: Add one mana of any color in your commander's color identity.
311,Command Tower,42.00572569799988,False,"No terminal matches 'A' in the current parser context, at line 1 col 6

{T}: Add one mana of any color in your comman
     ^
Expected one of: 
	* CLOAK
	* EACH
	* FROM
	* ATTACK
	* COLORTERM
	* DREW
	* WIN
	* DRAW
	* DETAIN
	* TYPE
	* SUBTYPELAND
	* SUPPORT
	* __ANON_18
	* THE
	* THOSE
	* MANIFEST
	* CYCLED
	* AS
	* RETURN
	* NAMEREFSYMBOL
	* TIMES
	* FOR
	* AN
	* UNDER
	* GAIN
	* SWITCH
	* PROLIFERATE
	* BOLSTER
	* THESE
	* COMBATSTATUSMODIFIER
	* ZONE
	* THEN
	* CAN
	* ON
	* MAY
	* UNTAP
	* CLASH
	* DO
	* BLOCK
	* HAD
	* PUT
	* BECOME
	* LOOKED
	* TURN
	* NUMBER
	* WHO
	* SKIP
	* INVESTIGATE
	* ABANDON
	* DISCARDED
	* CONTROL
	* ABILITYMODIFIER
	* __ANON_19
	* PAY
	* X
	* LEVEL
	* NO
	* SUBTYPEPLANAR
	* UNTAPSYMBOL
	* THAT
	* SUBTYPECREATUREB
	* AT
	* BEEN
	* WITHOUT
	* MONSTROSITY
	* __ANON_21
	* __ANON_17
	* REGENERATE
	* NON
	* ITSELF
	* COUNTER
	* AFTER
	* STAR
	* LSQB
	* ONLY
	* BE
	* MORE
	* PLAYERCHARACTERISTIC
	* CAST
	* DISCOVER
	* REVEAL
	* REVEALED
	* LESS
	* MELD
	* WHENEVER
	* SCRY
	* __ANON_15
	* DOUBLE
	* TRANSFORM
	* SEARCH
	* FREQUENCY
	* TAP
	* ADAPT
	* DISCARD
	* SEARCHED
	* WOULD
	* PLAYERTERM
	* DAMAGETYPE
	* SHUFFLE
	* LOOK
	* SUBTYPEENCHANTMENT
	* THIS
	* ATTACHED
	* ADDITIONAL
	* GET
	* GOAD
	* SHUFFLED
	* TURNED
	* EFFECTSTATUSMODIFIER
	* ACTIVATE
	* CONTROLLED
	* OBJECTCHARACTERISTIC
	* TAKE
	* DESTROY
	* TAPSYMBOL
	* HIMSELF
	* ANY
	* SUBTYPESPELL
	* REMAIN
	* LOSE
	* ADD
	* CHOSE
	* OTHERWISE
	* SPEND
	* FLIP
	* UNATTACH
	* EXCHANGE
	* SUBTYPEPLANESWALKER
	* ASSIGN
	* __ANON_14
	* GREATER
	* KEYWORDSTATUSMODIFIER
	* POPULATE
	* AMASS
	* THEM
	* WHILE
	* EQUAL
	* IT
	* SUBTYPECREATUREA
	* MILL
	* OTHER
	* HERSELF
	* SAME
	* SACRIFICED
	* ONTO
	* GAINED
	* ATTACH
	* IF
	* WITH
	* DOES
	* ORDINAL
	* FATESEAL
	* PREVENT
	* A
	* CREATE
	* FIGHT
	* YOUR
	* ABLE
	* EXPLORES
	* SUBTYPEARTIFACT
	* QUALIFIER
	* UP
	* DEAL
	* EXERT
	* FORAGE
	* IS
	* SURVEIL
	* IN
	* ITS
	* SACRIFICE
	* __ANON_20
	* SUPERTYPE
	* WHEN
	* PLAYED
	* UNATTACHED
	* ATTACKED
	* BLOCKED
	* INTO
	* CYCLE
	* HAVE
	* REMOVE
	* INCUBATE
	* TARGET
	* DIE
	* DASH
	* ALL
	* TAPPEDSTATUSMODIFIER
	* CHOOSE
	* CARDINAL
	* LEARN
	* HAS
	* CONNIVE
	* UNTIL
	* LBRACE
	* SUSPECT
	* PLAY
	* CONVERT
	* THEIR
	* EXILE
",{T}: Add one mana of any color in your commander's color identity.
312,Thornwood Falls,164.6174190040001,False,"No terminal matches '~' in the current parser context, at line 2 col 6

When ~ enters, you gain 1 life.
     ^
Expected one of: 
	* DASH
	* WORD
","~ enters tapped.
When ~ enters, you gain 1 life.
{T}: Add {G} or {U}."
313,Tome of Legends,86.22929365299933,False,"No terminal matches ',' in the current parser context, at line 2 col 42

henever your commander enters or attacks, put a page counter on ~.
                                        ^
Expected one of: 
	* DASH
	* WORD
","~ enters with a page counter on it.
Whenever your commander enters or attacks, put a page counter on ~.
{1}, {T}, Remove a page counter from ~: Draw a card."
314,Bramblefort Fink,239.35123242600002,False,"No terminal matches '.' in the current parser context, at line 1 col 110

 only if you control an Oko planeswalker.
                                        ^
Expected one of: 
	* DASH
	* WORD
",{8}: ~ has base power and toughness 10/10 until end of turn. Activate only if you control an Oko planeswalker.
