,name,duration,parsed,error,text
0,Drownyard Lurker,21.622947191000094,False,"No terminal matches '~' in the current parser context, at line 2 col 24

When you cast or cycle ~, create a 0/1 colorless Eldrazi Spawn 
                       ^
Expected one of: 
	* WORD
	* DASH
","Vigilance
When you cast or cycle ~, create a 0/1 colorless Eldrazi Spawn creature token with ""Sacrifice this creature: Add {C}."".
Cycling {2}{U} ({2}{U}, Discard this card: Draw a card.)"
1,Echoes of Eternity,22.3738014569999,False,"No terminal matches ',' in the current parser context, at line 1 col 108

colorless permanent you control triggers, that ability triggers an additional ti
                                        ^
Expected one of: 
	* WORD
	* DASH
","If a triggered ability of a colorless spell you control or another colorless permanent you control triggers, that ability triggers an additional time.
Whenever you cast a colorless spell, copy it. You may choose new targets for the copy. (A copy of a permanent spell becomes a token.)"
2,Glaring Fleshraker,25.010565861999567,False,"No terminal matches ',' in the current parser context, at line 1 col 36

Whenever you cast a colorless spell, create a 0/1 colorless Eldrazi Spawn c
                                   ^
Expected one of: 
	* WORD
	* DASH
","Whenever you cast a colorless spell, create a 0/1 colorless Eldrazi Spawn creature token with ""Sacrifice this creature: Add {C}."".
Whenever another colorless creature you control enters, ~ deals 1 damage to each opponent."
3,Breaker of Creation,23.235473896999792,False,"No terminal matches ',' in the current parser context, at line 1 col 25

When you cast this spell, you gain 1 life for each colorless per
                        ^
Expected one of: 
	* WORD
	* DASH
","When you cast this spell, you gain 1 life for each colorless permanent you control.
Hexproof from each color
Annihilator 2 (Whenever this creature attacks, defending player sacrifices two permanents of their choice.)"
4,Eldrazi Ravager,24.079619053999522,False,"No terminal matches '1' in the current parser context, at line 1 col 13

Annihilator 1 (Whenever this creature attacks, defen
            ^
Expected one of: 
	* WORD
	* DASH
","Annihilator 1 (Whenever this creature attacks, defending player sacrifices a permanent of their choice.)
Sacrifice two Eldrazi: Return ~ from your graveyard to your hand.
Cycling {2} ({2}, Discard this card: Draw a card.)"
5,"Herigast, Erupting Nullkite",24.403983779000555,False,"No terminal matches '{' in the current parser context, at line 1 col 8

Emerge {6}{R}{R} (You may cast this spell by sa
       ^
Expected one of: 
	* WORD
	* DASH
","Emerge {6}{R}{R} (You may cast this spell by sacrificing a creature and paying the emerge cost reduced by that creature's mana value.)
When you cast this spell, you may exile your hand. If you do, draw three cards.
Flying
Each creature spell you cast has emerge. The emerge cost is equal to its mana cost."
6,"Emrakul, the World Anew",25.267946300999938,False,"No terminal matches ',' in the current parser context, at line 1 col 25

When you cast this spell, gain control of all creatures target p
                        ^
Expected one of: 
	* WORD
	* DASH
","When you cast this spell, gain control of all creatures target player controls.
Flying, protection from spells and from permanents that were cast this turn
When ~f leaves the battlefield, sacrifice all creatures you control.
Madness—Pay six {C}."
7,Devourer of Destiny,26.29938236399994,False,"No terminal matches '.' in the current parser context, at line 1 col 48

 reveal this card from your opening hand. If you do, at the beginning of your fi
                                        ^
Expected one of: 
	* WORD
	* DASH
","You may reveal this card from your opening hand. If you do, at the beginning of your first upkeep, look at the top four cards of your library. You may put one of those cards back on top of your library. Exile the rest.
When you cast this spell, exile target permanent that is one or more colors."
8,It That Heralds the End,29.10184995200052,False,"No terminal matches '7' in the current parser context, at line 1 col 43

lorless spells you cast with mana value 7 or greater cost {1} less to cast.
                                        ^
Expected one of: 
	* WORD
	* DASH
","Colorless spells you cast with mana value 7 or greater cost {1} less to cast.
Other colorless creatures you control get +1/+1."
9,Twisted Riddlekeeper,26.90099418400041,False,"No terminal matches '{' in the current parser context, at line 1 col 8

Emerge {5}{C}{U} (You may cast this spell by sa
       ^
Expected one of: 
	* WORD
	* DASH
","Emerge {5}{C}{U} (You may cast this spell by sacrificing a creature and paying the emerge cost reduced by that creature's mana value.)
When you cast this spell, tap up to two target permanents. Put a stun counter on each of them. (If a permanent with a stun counter would become untapped, remove one from it instead.)
Flying"
10,"Kozilek, the Broken Reality",31.680257160999645,False,"No terminal matches ',' in the current parser context, at line 1 col 25

When you cast this spell, up to two target players each manifest
                        ^
Expected one of: 
	* WORD
	* DASH
","When you cast this spell, up to two target players each manifest two cards from their hands. For each card manifested this way, you draw a card. (To manifest a card, put it onto the battlefield face down as a 2/2 creature. Turn it face up any time for its mana cost if it is a creature card.)
Other colorless creatures you control get +3/+2."
11,Nulldrifter,31.042359532000773,False,"No terminal matches ',' in the current parser context, at line 1 col 25

When you cast this spell, draw two cards.
                        ^
Expected one of: 
	* WORD
	* DASH
","When you cast this spell, draw two cards.
Flying
Annihilator 1 (Whenever this creature attacks, defending player sacrifices a permanent of their choice.)
Evoke {2}{U} (You may cast this spell for its evoke cost. If you do, it is sacrificed when it enters.)"
12,"Ulamog, the Defiler",30.29752678299974,False,"No terminal matches ',' in the current parser context, at line 1 col 25

When you cast this spell, target opponent exiles the top half of
                        ^
Expected one of: 
	* WORD
	* DASH
","When you cast this spell, target opponent exiles the top half of their library, rounded up.
Ward—Sacrifice two permanents.
~f enters with a number of +1/+1 counters on it equal to the greatest mana value among cards in exile.
~ has annihilator X, where X is the number of +1/+1 counters on it."
13,Warped Tusker,30.77598094699988,False,"No terminal matches '~' in the current parser context, at line 2 col 24

When you cast or cycle ~, create a 0/1 colorless Eldrazi Spawn 
                       ^
Expected one of: 
	* WORD
	* DASH
","Reach
When you cast or cycle ~, create a 0/1 colorless Eldrazi Spawn creature token with ""Sacrifice this creature: Add {C}."".
Cycling {2}{G} ({2}{G}, Discard this card: Draw a card.)"
14,Kozilek's Command,53.35857646400018,False,"No terminal matches '•' in the current parser context, at line 2 col 1

• Target player creates X 0/1 colorless 
^
Expected one of: 
	* DO
	* DOUBLE
	* CLOAK
	* AFTER
	* SUBTYPEARTIFACT
	* SURVEIL
	* WOULD
	* EXCHANGE
	* AS
	* SKIP
	* HERSELF
	* SWITCH
	* ALL
	* LBRACE
	* ITSELF
	* WHEN
	* SUBTYPECREATUREB
	* LSQB
	* SEARCHED
	* NUMBER
	* SCRY
	* SPEND
	* NO
	* SUBTYPECREATUREA
	* SUPERTYPE
	* INVESTIGATE
	* CYCLED
	* OTHER
	* UNTAP
	* PLAYED
	* CREATE
	* GAINED
	* COUNTER
	* COLORTERM
	* AN
	* DAMAGETYPE
	* DASH
	* REGENERATE
	* PLAY
	* SACRIFICE
	* SHUFFLE
	* CLASH
	* X
	* INCUBATE
	* ADDITIONAL
	* DISCARD
	* WHENEVER
	* BLOCK
	* BEEN
	* UNTAPSYMBOL
	* SHUFFLED
	* ABILITYMODIFIER
	* ON
	* LESS
	* QUALIFIER
	* LEVEL
	* WITHOUT
	* BLOCKED
	* UNATTACHED
	* LOOK
	* SUSPECT
	* PLAYERCHARACTERISTIC
	* EXILE
	* TAPPEDSTATUSMODIFIER
	* REMAIN
	* REVEAL
	* TURN
	* EQUAL
	* AT
	* ONTO
	* YOUR
	* TYPE
	* SUBTYPELAND
	* UP
	* EFFECTSTATUSMODIFIER
	* THEM
	* TRANSFORM
	* FLIP
	* GET
	* ABLE
	* __ANON_19
	* THOSE
	* SUBTYPEENCHANTMENT
	* OBJECTCHARACTERISTIC
	* TIMES
	* RETURN
	* PROLIFERATE
	* LOOKED
	* TARGET
	* PLAYERTERM
	* BE
	* __ANON_14
	* DETAIN
	* CONTROL
	* NON
	* DIE
	* THEN
	* WITH
	* REVEALED
	* CAST
	* STAR
	* GAIN
	* CHOSE
	* FORAGE
	* INTO
	* DISCOVER
	* MAY
	* ATTACH
	* CARDINAL
	* DISCARDED
	* ATTACK
	* UNATTACH
	* WHO
	* CAN
	* PUT
	* LOSE
	* ATTACKED
	* A
	* TAPSYMBOL
	* CYCLE
	* SUBTYPESPELL
	* THEIR
	* DEAL
	* SUPPORT
	* HIMSELF
	* __ANON_17
	* THE
	* ADAPT
	* WHILE
	* MONSTROSITY
	* SACRIFICED
	* IS
	* IT
	* ABANDON
	* IF
	* ACTIVATE
	* ANY
	* BECOME
	* DRAW
	* GOAD
	* MILL
	* AMASS
	* PREVENT
	* EXERT
	* CHOOSE
	* ORDINAL
	* HAVE
	* DREW
	* BOLSTER
	* CONNIVE
	* FROM
	* FREQUENCY
	* ATTACHED
	* TAKE
	* MANIFEST
	* __ANON_21
	* IN
	* ZONE
	* SEARCH
	* THAT
	* ONLY
	* __ANON_18
	* CONVERT
	* THIS
	* WIN
	* CONTROLLED
	* DESTROY
	* SUBTYPEPLANAR
	* UNTIL
	* COMBATSTATUSMODIFIER
	* FOR
	* PAY
	* LEARN
	* HAD
	* REMOVE
	* ITS
	* SAME
	* POPULATE
	* GREATER
	* MELD
	* SUBTYPEPLANESWALKER
	* __ANON_15
	* THESE
	* FATESEAL
	* NAMEREFSYMBOL
	* UNDER
	* OTHERWISE
	* FIGHT
	* EACH
	* MORE
	* DOES
	* ASSIGN
	* ADD
	* TURNED
	* HAS
	* KEYWORDSTATUSMODIFIER
	* TAP
	* EXPLORES
	* __ANON_20
","Choose two —
• Target player creates X 0/1 colorless Eldrazi Spawn creature tokens with ""Sacrifice this creature: Add {C}."".
• Target player scries X, then draws a card.
• Exile target creature with mana value X or less.
• Exile up to X target cards from graveyards."
15,Null Elemental Blast,54.49510488300075,False,"No terminal matches '•' in the current parser context, at line 2 col 1

• Counter target multicolored spell.
^
Expected one of: 
	* DO
	* DOUBLE
	* CLOAK
	* AFTER
	* SUBTYPEARTIFACT
	* SURVEIL
	* WOULD
	* EXCHANGE
	* AS
	* SKIP
	* HERSELF
	* SWITCH
	* ALL
	* LBRACE
	* ITSELF
	* WHEN
	* SUBTYPECREATUREB
	* LSQB
	* SEARCHED
	* NUMBER
	* SCRY
	* SPEND
	* NO
	* SUBTYPECREATUREA
	* SUPERTYPE
	* INVESTIGATE
	* CYCLED
	* OTHER
	* UNTAP
	* PLAYED
	* CREATE
	* GAINED
	* COUNTER
	* COLORTERM
	* AN
	* DAMAGETYPE
	* DASH
	* REGENERATE
	* PLAY
	* SACRIFICE
	* SHUFFLE
	* CLASH
	* X
	* INCUBATE
	* ADDITIONAL
	* DISCARD
	* WHENEVER
	* BLOCK
	* BEEN
	* UNTAPSYMBOL
	* SHUFFLED
	* ABILITYMODIFIER
	* ON
	* LESS
	* QUALIFIER
	* LEVEL
	* WITHOUT
	* BLOCKED
	* UNATTACHED
	* LOOK
	* SUSPECT
	* PLAYERCHARACTERISTIC
	* EXILE
	* TAPPEDSTATUSMODIFIER
	* REMAIN
	* REVEAL
	* TURN
	* EQUAL
	* AT
	* ONTO
	* YOUR
	* TYPE
	* SUBTYPELAND
	* UP
	* EFFECTSTATUSMODIFIER
	* THEM
	* TRANSFORM
	* FLIP
	* GET
	* ABLE
	* __ANON_19
	* THOSE
	* SUBTYPEENCHANTMENT
	* OBJECTCHARACTERISTIC
	* TIMES
	* RETURN
	* PROLIFERATE
	* LOOKED
	* TARGET
	* PLAYERTERM
	* BE
	* __ANON_14
	* DETAIN
	* CONTROL
	* NON
	* DIE
	* THEN
	* WITH
	* REVEALED
	* CAST
	* STAR
	* GAIN
	* CHOSE
	* FORAGE
	* INTO
	* DISCOVER
	* MAY
	* ATTACH
	* CARDINAL
	* DISCARDED
	* ATTACK
	* UNATTACH
	* WHO
	* CAN
	* PUT
	* LOSE
	* ATTACKED
	* A
	* TAPSYMBOL
	* CYCLE
	* SUBTYPESPELL
	* THEIR
	* DEAL
	* SUPPORT
	* HIMSELF
	* __ANON_17
	* THE
	* ADAPT
	* WHILE
	* MONSTROSITY
	* SACRIFICED
	* IS
	* IT
	* ABANDON
	* IF
	* ACTIVATE
	* ANY
	* BECOME
	* DRAW
	* GOAD
	* MILL
	* AMASS
	* PREVENT
	* EXERT
	* CHOOSE
	* ORDINAL
	* HAVE
	* DREW
	* BOLSTER
	* CONNIVE
	* FROM
	* FREQUENCY
	* ATTACHED
	* TAKE
	* MANIFEST
	* __ANON_21
	* IN
	* ZONE
	* SEARCH
	* THAT
	* ONLY
	* __ANON_18
	* CONVERT
	* THIS
	* WIN
	* CONTROLLED
	* DESTROY
	* SUBTYPEPLANAR
	* UNTIL
	* COMBATSTATUSMODIFIER
	* FOR
	* PAY
	* LEARN
	* HAD
	* REMOVE
	* ITS
	* SAME
	* POPULATE
	* GREATER
	* MELD
	* SUBTYPEPLANESWALKER
	* __ANON_15
	* THESE
	* FATESEAL
	* NAMEREFSYMBOL
	* UNDER
	* OTHERWISE
	* FIGHT
	* EACH
	* MORE
	* DOES
	* ASSIGN
	* ADD
	* TURNED
	* HAS
	* KEYWORDSTATUSMODIFIER
	* TAP
	* EXPLORES
	* __ANON_20
","Choose one —
• Counter target multicolored spell.
• Destroy target multicolored permanent."
16,Aerie Auxiliary,27.459680245000527,False,"No terminal matches '~' in the current parser context, at line 2 col 6

When ~ enters, support 2. (Put a +1/+1 counte
     ^
Expected one of: 
	* WORD
	* DASH
","Flying
When ~ enters, support 2. (Put a +1/+1 counter on each of up to two other target creatures.)"
17,Dog Umbra,22.156667377000304,False,"No terminal matches ',' in the current parser context, at line 3 col 54

other player controls enchanted creature, it can not attack or block. Otherwise,
                                        ^
Expected one of: 
	* WORD
	* DASH
","Flash
Enchant creature
As long as another player controls enchanted creature, it can not attack or block. Otherwise, ~ has umbra armor. (If enchanted creature would be destroyed, instead remove all damage from it and destroy this Aura.)"
18,Wastescape Battlemage,28.885695774999476,False,"No terminal matches '{' in the current parser context, at line 1 col 8

Kicker {G} and/or {1}{U}
       ^
Expected one of: 
	* WORD
	* DASH
","Kicker {G} and/or {1}{U}
When you cast this spell, if it was kicked with its {G} kicker, exile target artifact or enchantment an opponent controls.
When you cast this spell, if it was kicked with its {1}{U} kicker, return target creature an opponent controls to its owner's hand."
19,Charitable Levy,31.994919037000727,False,"No terminal matches '{' in the current parser context, at line 1 col 25

Noncreature spells cost {1} more to cast.
                        ^
Expected one of: 
	* WORD
	* DASH
","Noncreature spells cost {1} more to cast.
Whenever a player casts a noncreature spell, put a collection counter on ~. Then if there are three or more collection counters on it, sacrifice it. If you do, draw a card, then you may search your library for a Plains card, put it onto the battlefield tapped, then shuffle."
20,Envoy of the Ancestors,24.67597638999996,False,"No terminal matches '{' in the current parser context, at line 1 col 9

Outlast {W} ({W}, {T}: Put a +1/+1 counter on th
        ^
Expected one of: 
	* WORD
	* DASH
","Outlast {W} ({W}, {T}: Put a +1/+1 counter on this creature. Outlast only as a sorcery.)
Modified creatures you control have lifelink. (Equipment, Auras you control, and counters are modifications.)"
21,Glyph Elemental,24.765820730000087,False,"No terminal matches '{' in the current parser context, at line 1 col 8

Bestow {1}{W} (If you cast this card for its be
       ^
Expected one of: 
	* WORD
	* DASH
","Bestow {1}{W} (If you cast this card for its bestow cost, it is an Aura spell with enchant creature. It becomes a creature again if it is not attached.)
Landfall — Whenever a land you control enters, put a +1/+1 counter on ~.
Enchanted creature gets +1/+1 for each +1/+1 counter on ~."
22,Expel the Unworthy,25.767350953999994,False,"No terminal matches '{' in the current parser context, at line 1 col 8

Kicker {2}{W} (You may pay an additional {2}{W}
       ^
Expected one of: 
	* WORD
	* DASH
","Kicker {2}{W} (You may pay an additional {2}{W} as you cast this spell.)
Choose target creature with mana value 3 or less. If this spell was kicked, instead choose target creature. Exile the chosen creature, then its controller gains life equal to its mana value."
23,Flare of Fortitude,27.339343059000385,False,"No terminal matches ''' in the current parser context, at line 1 col 71

hite creature rather than pay this spell's mana cost.
                                        ^
Expected one of: 
	* WORD
	* DASH
","You may sacrifice a nontoken white creature rather than pay this spell's mana cost.
Until end of turn, your life total can not change, and permanents you control gain hexproof and indestructible."
24,Guardian of the Forgotten,20.28211628900044,False,"No terminal matches ',' in the current parser context, at line 2 col 46

ver a modified creature you control dies, manifest the top card of your library.
                                        ^
Expected one of: 
	* WORD
	* DASH
","Vigilance
Whenever a modified creature you control dies, manifest the top card of your library. (Equipment, Auras you control, and counters are modifications. To manifest a card, put the top card of your library onto the battlefield face down as a 2/2 creature. Turn it face up any time for its mana cost if it is a creature card.)"
25,Guide of Souls,23.66893298299965,False,"No terminal matches ',' in the current parser context, at line 1 col 45

ever another creature you control enters, you gain 1 life and get {E} (an energy
                                        ^
Expected one of: 
	* WORD
	* DASH
","Whenever another creature you control enters, you gain 1 life and get {E} (an energy counter).
Whenever you attack, you may pay {E}{E}{E}. When you do, put two +1/+1 counters and a flying counter on target attacking creature. It becomes an Angel in addition to its other types."
26,Inspired Inventor,24.20735070200044,False,"No terminal matches '~' in the current parser context, at line 1 col 6

When ~ enters, choose one —
     ^
Expected one of: 
	* WORD
	* DASH
","When ~ enters, choose one —
• You get {E}{E}{E} (three energy counters).
• Put a +1/+1 counter on target creature.
• Create a 1/1 colorless Servo artifact creature token."
27,Essence Reliquary,53.42207843400047,False,"No terminal matches 'R' in the current parser context, at line 1 col 6

{T}: Return another target permanent you cont
     ^
Expected one of: 
	* DO
	* DOUBLE
	* CLOAK
	* AFTER
	* SUBTYPEARTIFACT
	* SURVEIL
	* WOULD
	* EXCHANGE
	* AS
	* SKIP
	* HERSELF
	* SWITCH
	* ALL
	* LBRACE
	* ITSELF
	* WHEN
	* SUBTYPECREATUREB
	* LSQB
	* SEARCHED
	* NUMBER
	* SCRY
	* SPEND
	* NO
	* SUBTYPECREATUREA
	* SUPERTYPE
	* INVESTIGATE
	* CYCLED
	* OTHER
	* UNTAP
	* PLAYED
	* CREATE
	* GAINED
	* COUNTER
	* COLORTERM
	* AN
	* DAMAGETYPE
	* DASH
	* REGENERATE
	* PLAY
	* SACRIFICE
	* SHUFFLE
	* CLASH
	* X
	* INCUBATE
	* ADDITIONAL
	* DISCARD
	* WHENEVER
	* BLOCK
	* BEEN
	* UNTAPSYMBOL
	* SHUFFLED
	* ABILITYMODIFIER
	* ON
	* LESS
	* QUALIFIER
	* LEVEL
	* WITHOUT
	* BLOCKED
	* UNATTACHED
	* LOOK
	* SUSPECT
	* PLAYERCHARACTERISTIC
	* EXILE
	* TAPPEDSTATUSMODIFIER
	* REMAIN
	* REVEAL
	* TURN
	* EQUAL
	* AT
	* ONTO
	* YOUR
	* TYPE
	* SUBTYPELAND
	* UP
	* EFFECTSTATUSMODIFIER
	* THEM
	* TRANSFORM
	* FLIP
	* GET
	* ABLE
	* __ANON_19
	* THOSE
	* SUBTYPEENCHANTMENT
	* OBJECTCHARACTERISTIC
	* TIMES
	* RETURN
	* PROLIFERATE
	* LOOKED
	* TARGET
	* PLAYERTERM
	* BE
	* __ANON_14
	* DETAIN
	* CONTROL
	* NON
	* DIE
	* THEN
	* WITH
	* REVEALED
	* CAST
	* STAR
	* GAIN
	* CHOSE
	* FORAGE
	* INTO
	* DISCOVER
	* MAY
	* ATTACH
	* CARDINAL
	* DISCARDED
	* ATTACK
	* UNATTACH
	* WHO
	* CAN
	* PUT
	* LOSE
	* ATTACKED
	* A
	* TAPSYMBOL
	* CYCLE
	* SUBTYPESPELL
	* THEIR
	* DEAL
	* SUPPORT
	* HIMSELF
	* __ANON_17
	* THE
	* ADAPT
	* WHILE
	* MONSTROSITY
	* SACRIFICED
	* IS
	* IT
	* ABANDON
	* IF
	* ACTIVATE
	* ANY
	* BECOME
	* DRAW
	* GOAD
	* MILL
	* AMASS
	* PREVENT
	* EXERT
	* CHOOSE
	* ORDINAL
	* HAVE
	* DREW
	* BOLSTER
	* CONNIVE
	* FROM
	* FREQUENCY
	* ATTACHED
	* TAKE
	* MANIFEST
	* __ANON_21
	* IN
	* ZONE
	* SEARCH
	* THAT
	* ONLY
	* __ANON_18
	* CONVERT
	* THIS
	* WIN
	* CONTROLLED
	* DESTROY
	* SUBTYPEPLANAR
	* UNTIL
	* COMBATSTATUSMODIFIER
	* FOR
	* PAY
	* LEARN
	* HAD
	* REMOVE
	* ITS
	* SAME
	* POPULATE
	* GREATER
	* MELD
	* SUBTYPEPLANESWALKER
	* __ANON_15
	* THESE
	* FATESEAL
	* NAMEREFSYMBOL
	* UNDER
	* OTHERWISE
	* FIGHT
	* EACH
	* MORE
	* DOES
	* ASSIGN
	* ADD
	* TURNED
	* HAS
	* KEYWORDSTATUSMODIFIER
	* TAP
	* EXPLORES
	* __ANON_20
",{T}: Return another target permanent you control and all Auras you control attached to it to their owner's hand. Activate only during your turn.
28,Ajani Fells the Godsire,79.48071531099959,False,"No terminal matches 'E' in the current parser context, at line 2 col 5

I — Exile target creature an opponent contro
    ^
Expected one of: 
	* DO
	* DOUBLE
	* CLOAK
	* AFTER
	* SUBTYPEARTIFACT
	* SURVEIL
	* WOULD
	* EXCHANGE
	* AS
	* SKIP
	* HERSELF
	* SWITCH
	* ALL
	* LBRACE
	* ITSELF
	* WHEN
	* SUBTYPECREATUREB
	* LSQB
	* SEARCHED
	* NUMBER
	* SCRY
	* SPEND
	* NO
	* SUBTYPECREATUREA
	* SUPERTYPE
	* INVESTIGATE
	* CYCLED
	* OTHER
	* UNTAP
	* PLAYED
	* CREATE
	* GAINED
	* COUNTER
	* COLORTERM
	* AN
	* DAMAGETYPE
	* DASH
	* REGENERATE
	* PLAY
	* SACRIFICE
	* SHUFFLE
	* CLASH
	* X
	* INCUBATE
	* ADDITIONAL
	* DISCARD
	* WHENEVER
	* BLOCK
	* BEEN
	* UNTAPSYMBOL
	* SHUFFLED
	* ABILITYMODIFIER
	* ON
	* LESS
	* QUALIFIER
	* LEVEL
	* WITHOUT
	* BLOCKED
	* UNATTACHED
	* LOOK
	* SUSPECT
	* PLAYERCHARACTERISTIC
	* EXILE
	* TAPPEDSTATUSMODIFIER
	* REMAIN
	* REVEAL
	* TURN
	* EQUAL
	* AT
	* ONTO
	* YOUR
	* TYPE
	* SUBTYPELAND
	* UP
	* EFFECTSTATUSMODIFIER
	* THEM
	* TRANSFORM
	* FLIP
	* GET
	* ABLE
	* __ANON_19
	* THOSE
	* SUBTYPEENCHANTMENT
	* OBJECTCHARACTERISTIC
	* TIMES
	* RETURN
	* PROLIFERATE
	* LOOKED
	* TARGET
	* PLAYERTERM
	* BE
	* __ANON_14
	* DETAIN
	* CONTROL
	* NON
	* DIE
	* THEN
	* WITH
	* REVEALED
	* CAST
	* STAR
	* GAIN
	* CHOSE
	* FORAGE
	* INTO
	* DISCOVER
	* MAY
	* ATTACH
	* CARDINAL
	* DISCARDED
	* ATTACK
	* UNATTACH
	* WHO
	* CAN
	* PUT
	* LOSE
	* ATTACKED
	* A
	* TAPSYMBOL
	* CYCLE
	* SUBTYPESPELL
	* THEIR
	* DEAL
	* SUPPORT
	* HIMSELF
	* __ANON_17
	* THE
	* ADAPT
	* WHILE
	* MONSTROSITY
	* SACRIFICED
	* IS
	* IT
	* ABANDON
	* IF
	* ACTIVATE
	* ANY
	* BECOME
	* DRAW
	* GOAD
	* MILL
	* AMASS
	* PREVENT
	* EXERT
	* CHOOSE
	* ORDINAL
	* HAVE
	* DREW
	* BOLSTER
	* CONNIVE
	* FROM
	* FREQUENCY
	* ATTACHED
	* TAKE
	* MANIFEST
	* __ANON_21
	* IN
	* ZONE
	* SEARCH
	* THAT
	* ONLY
	* __ANON_18
	* CONVERT
	* THIS
	* WIN
	* CONTROLLED
	* DESTROY
	* SUBTYPEPLANAR
	* UNTIL
	* COMBATSTATUSMODIFIER
	* FOR
	* PAY
	* LEARN
	* HAD
	* REMOVE
	* ITS
	* SAME
	* POPULATE
	* GREATER
	* MELD
	* SUBTYPEPLANESWALKER
	* __ANON_15
	* THESE
	* FATESEAL
	* NAMEREFSYMBOL
	* UNDER
	* OTHERWISE
	* FIGHT
	* EACH
	* MORE
	* DOES
	* ASSIGN
	* ADD
	* TURNED
	* HAS
	* KEYWORDSTATUSMODIFIER
	* TAP
	* EXPLORES
	* __ANON_20
","(As this Saga enters and after your draw step, add a lore counter. Sacrifice after III.)
I — Exile target creature an opponent controls with power 3 or greater.
II — Create a 2/1 white Cat Warrior creature token, then put a vigilance counter on a creature you control.
III — Target creature you control gains double strike until end of turn."
29,Hexgold Slith,29.874212886999885,False,"No terminal matches '~' in the current parser context, at line 1 col 6

When ~ enters, you get {E}{E} (two energy cou
     ^
Expected one of: 
	* WORD
	* DASH
","When ~ enters, you get {E}{E} (two energy counters).
Whenever ~ attacks, you may pay {E}{E}. If you do, it gains first strike until end of turn.
Whenever ~ deals combat damage to a player, put a +1/+1 counter on it."
30,Indebted Spirit,29.929429542000435,False,"No terminal matches '{' in the current parser context, at line 1 col 8

Bestow {2}{W} (If you cast this card for its be
       ^
Expected one of: 
	* WORD
	* DASH
","Bestow {2}{W} (If you cast this card for its bestow cost, it is an Aura spell with enchant creature. It becomes a creature again if it is not attached.)
Afterlife 1 (When this permanent is put into a graveyard from the battlefield, create a 1/1 white and black Spirit creature token with flying.)
Enchanted creature gets +1/+1 and has afterlife 1."
31,Jolted Awake,27.159465776000616,False,"No terminal matches '.' in the current parser context, at line 1 col 68

ifact or creature card in your graveyard. You get {E}{E} (two energy counters). 
                                        ^
Expected one of: 
	* WORD
	* DASH
","Choose up to one target artifact or creature card in your graveyard. You get {E}{E} (two energy counters). Then you may pay an amount of {E} equal to that card's mana value. If you do, return it from your graveyard to the battlefield.
Cycling {2} ({2}, Discard this card: Draw a card.)"
32,Mandibular Kite,26.934098347000145,False,"No terminal matches '(' in the current parser context, at line 1 col 15

Living weapon (When this Equipment enters, create a 0/
              ^
Expected one of: 
	* WORD
	* DASH
","Living weapon (When this Equipment enters, create a 0/0 black Phyrexian Germ creature token, then attach this to it.)
Equipped creature gets +1/+1 and has flying.
Equip {3}{W}"
33,Muster the Departed,25.733200894999754,False,"No terminal matches '~' in the current parser context, at line 1 col 6

When ~ enters, create a 1/1 white Spirit crea
     ^
Expected one of: 
	* WORD
	* DASH
","When ~ enters, create a 1/1 white Spirit creature token with flying.
Morbid — At the beginning of your end step, if a creature died this turn, populate. (Create a token that is a copy of a creature token you control.)"
34,Metastatic Evangel,26.41236815100001,False,"No terminal matches ',' in the current parser context, at line 1 col 54

her nontoken creature you control enters, proliferate. (Choose any number of per
                                        ^
Expected one of: 
	* WORD
	* DASH
","Whenever another nontoken creature you control enters, proliferate. (Choose any number of permanents and/or players, then give each another counter of each kind already there.)"
35,Nyxborn Unicorn,27.53922745700038,False,"No terminal matches '{' in the current parser context, at line 1 col 8

Bestow {3}{W} (If you cast this card for its be
       ^
Expected one of: 
	* WORD
	* DASH
","Bestow {3}{W} (If you cast this card for its bestow cost, it is an Aura spell with enchant creature. It becomes a creature again if it is not attached.)
Mentor (Whenever this creature attacks, put a +1/+1 counter on target attacking creature with lesser power.)
Enchanted creature gets +2/+2 and has mentor."
36,"Pearl-Ear, Imperial Advisor",27.35385983300057,False,"No terminal matches '.' in the current parser context, at line 2 col 52

 spells you cast have affinity for Auras. (They cost {1} less to cast for each A
                                        ^
Expected one of: 
	* WORD
	* DASH
","Lifelink
Enchantment spells you cast have affinity for Auras. (They cost {1} less to cast for each Aura you control.)
Whenever you cast an Aura spell that targets a modified permanent you control, draw a card. (Equipment, Auras you control, and counters are modifications.)"
37,Ocelot Pride,28.2730617240004,False,"No terminal matches ',' in the current parser context, at line 1 col 13

First strike, lifelink
            ^
Expected one of: 
	* WORD
	* DASH
","First strike, lifelink
Ascend (If you control ten or more permanents, you get the city's blessing for the rest of the game.)
At the beginning of your end step, if you gained life this turn, create a 1/1 white Cat creature token. Then if you have the city's blessing, for each token you control that entered this turn, create a token that is a copy of it."
38,"Phelia, Exuberant Shepherd",29.02989053700003,False,"No terminal matches '~' in the current parser context, at line 2 col 10

Whenever ~f attacks, exile up to one other target
         ^
Expected one of: 
	* WORD
	* DASH
","Flash
Whenever ~f attacks, exile up to one other target nonland permanent. At the beginning of the next end step, return that card to the battlefield under its owner's control. If it entered under your control, put a +1/+1 counter on ~."
39,Proud Pack-Rhino,26.939800837999428,False,"No terminal matches '~' in the current parser context, at line 1 col 6

When ~ enters, choose one —
     ^
Expected one of: 
	* WORD
	* DASH
","When ~ enters, choose one —
• Put a shield counter on target permanent. (If it would be dealt damage or destroyed, remove a shield counter from it instead.)
• Proliferate. (Choose any number of permanents and/or players, then give each another counter of each kind already there.)"
40,Rosecot Knight,26.59322683800019,False,"No terminal matches '~' in the current parser context, at line 2 col 6

When ~ enters, look at the top six cards of y
     ^
Expected one of: 
	* WORD
	* DASH
","Vigilance
When ~ enters, look at the top six cards of your library. You may reveal an artifact or enchantment card from among them and put it into your hand. Put the rest on the bottom of your library in a random order. If you didn't put a card into your hand this way, put a +1/+1 counter on ~."
41,Solstice Zealot,26.571414175999962,False,"No terminal matches '~' in the current parser context, at line 1 col 6

When ~ enters, you get {E}{E} (two energy cou
     ^
Expected one of: 
	* WORD
	* DASH
","When ~ enters, you get {E}{E} (two energy counters).
{T}, Pay {E}: Tap target creature."
42,Static Prison,25.503540644999703,False,"No terminal matches '~' in the current parser context, at line 1 col 6

When ~ enters, exile target nonland permanent
     ^
Expected one of: 
	* WORD
	* DASH
","When ~ enters, exile target nonland permanent an opponent controls until ~ leaves the battlefield. You get {E}{E} (two energy counters).
At the beginning of your first main phase, sacrifice ~ unless you pay {E}."
43,Voltstorm Angel,25.965179856999384,False,"No terminal matches '~' in the current parser context, at line 2 col 6

When ~ enters, you get {E}{E}{E} (three energ
     ^
Expected one of: 
	* WORD
	* DASH
","Flying
When ~ enters, you get {E}{E}{E} (three energy counters).
At the beginning of combat on your turn, you may pay {E}{E}. When you do, choose one —
• ~ gains vigilance and lifelink until end of turn.
• Other creatures you control get +1/+1 until end of turn."
44,White Orchid Phantom,27.518009549999988,False,"No terminal matches ',' in the current parser context, at line 1 col 7

Flying, first strike
      ^
Expected one of: 
	* WORD
	* DASH
","Flying, first strike
When ~ enters, destroy up to one target nonbasic land. Its controller may search their library for a basic land card, put it onto the battlefield tapped, then shuffle."
45,Wing It,27.063441582999985,False,"No terminal matches '+' in the current parser context, at line 1 col 22

Target creature gets +2/+2 until end of turn. Put a flying co
                     ^
Expected one of: 
	* WORD
	* DASH
",Target creature gets +2/+2 until end of turn. Put a flying counter on it. Scry 1.
46,Aether Spike,25.327020641999297,False,"No terminal matches '.' in the current parser context, at line 1 col 20

Choose target spell. You get {E}{E} (two energy counters), 
                   ^
Expected one of: 
	* WORD
	* DASH
","Choose target spell. You get {E}{E} (two energy counters), then you may pay any amount of {E}. Counter that spell unless its controller pays {1} for each {E} paid this way."
47,Wrath of the Skies,25.7746563970004,False,"No terminal matches '{' in the current parser context, at line 1 col 11

You get X {E} (energy counters), then you may pay 
          ^
Expected one of: 
	* WORD
	* DASH
","You get X {E} (energy counters), then you may pay any amount of {E}. Destroy each artifact, creature, and enchantment with mana value less than or equal to the amount of {E} paid this way."
48,Thraben Charm,52.48942028300007,False,"No terminal matches '•' in the current parser context, at line 2 col 1

• ~ deals damage equal to twice the numb
^
Expected one of: 
	* DO
	* DOUBLE
	* CLOAK
	* AFTER
	* SUBTYPEARTIFACT
	* SURVEIL
	* WOULD
	* EXCHANGE
	* AS
	* SKIP
	* HERSELF
	* SWITCH
	* ALL
	* LBRACE
	* ITSELF
	* WHEN
	* SUBTYPECREATUREB
	* LSQB
	* SEARCHED
	* NUMBER
	* SCRY
	* SPEND
	* NO
	* SUBTYPECREATUREA
	* SUPERTYPE
	* INVESTIGATE
	* CYCLED
	* OTHER
	* UNTAP
	* PLAYED
	* CREATE
	* GAINED
	* COUNTER
	* COLORTERM
	* AN
	* DAMAGETYPE
	* DASH
	* REGENERATE
	* PLAY
	* SACRIFICE
	* SHUFFLE
	* CLASH
	* X
	* INCUBATE
	* ADDITIONAL
	* DISCARD
	* WHENEVER
	* BLOCK
	* BEEN
	* UNTAPSYMBOL
	* SHUFFLED
	* ABILITYMODIFIER
	* ON
	* LESS
	* QUALIFIER
	* LEVEL
	* WITHOUT
	* BLOCKED
	* UNATTACHED
	* LOOK
	* SUSPECT
	* PLAYERCHARACTERISTIC
	* EXILE
	* TAPPEDSTATUSMODIFIER
	* REMAIN
	* REVEAL
	* TURN
	* EQUAL
	* AT
	* ONTO
	* YOUR
	* TYPE
	* SUBTYPELAND
	* UP
	* EFFECTSTATUSMODIFIER
	* THEM
	* TRANSFORM
	* FLIP
	* GET
	* ABLE
	* __ANON_19
	* THOSE
	* SUBTYPEENCHANTMENT
	* OBJECTCHARACTERISTIC
	* TIMES
	* RETURN
	* PROLIFERATE
	* LOOKED
	* TARGET
	* PLAYERTERM
	* BE
	* __ANON_14
	* DETAIN
	* CONTROL
	* NON
	* DIE
	* THEN
	* WITH
	* REVEALED
	* CAST
	* STAR
	* GAIN
	* CHOSE
	* FORAGE
	* INTO
	* DISCOVER
	* MAY
	* ATTACH
	* CARDINAL
	* DISCARDED
	* ATTACK
	* UNATTACH
	* WHO
	* CAN
	* PUT
	* LOSE
	* ATTACKED
	* A
	* TAPSYMBOL
	* CYCLE
	* SUBTYPESPELL
	* THEIR
	* DEAL
	* SUPPORT
	* HIMSELF
	* __ANON_17
	* THE
	* ADAPT
	* WHILE
	* MONSTROSITY
	* SACRIFICED
	* IS
	* IT
	* ABANDON
	* IF
	* ACTIVATE
	* ANY
	* BECOME
	* DRAW
	* GOAD
	* MILL
	* AMASS
	* PREVENT
	* EXERT
	* CHOOSE
	* ORDINAL
	* HAVE
	* DREW
	* BOLSTER
	* CONNIVE
	* FROM
	* FREQUENCY
	* ATTACHED
	* TAKE
	* MANIFEST
	* __ANON_21
	* IN
	* ZONE
	* SEARCH
	* THAT
	* ONLY
	* __ANON_18
	* CONVERT
	* THIS
	* WIN
	* CONTROLLED
	* DESTROY
	* SUBTYPEPLANAR
	* UNTIL
	* COMBATSTATUSMODIFIER
	* FOR
	* PAY
	* LEARN
	* HAD
	* REMOVE
	* ITS
	* SAME
	* POPULATE
	* GREATER
	* MELD
	* SUBTYPEPLANESWALKER
	* __ANON_15
	* THESE
	* FATESEAL
	* NAMEREFSYMBOL
	* UNDER
	* OTHERWISE
	* FIGHT
	* EACH
	* MORE
	* DOES
	* ASSIGN
	* ADD
	* TURNED
	* HAS
	* KEYWORDSTATUSMODIFIER
	* TAP
	* EXPLORES
	* __ANON_20
","Choose one —
• ~ deals damage equal to twice the number of creatures you control to target creature.
• Destroy target enchantment.
• Exile any number of target players' graveyards."
49,Amphibian Downpour,28.157339280999622,False,"No terminal matches '(' in the current parser context, at line 2 col 7

Storm (When you cast this spell, copy it for e
      ^
Expected one of: 
	* WORD
	* DASH
","Flash
Storm (When you cast this spell, copy it for each spell cast before it this turn. You may choose new targets for the copies. Copies become tokens.)
Enchant creature
Enchanted creature loses all abilities and is a blue Frog creature with base power and toughness 1/1."
50,Brainsurge,25.027895338000235,False,"No terminal matches ',' in the current parser context, at line 1 col 16

Draw four cards, then put two cards from your hand on t
               ^
Expected one of: 
	* WORD
	* DASH
","Draw four cards, then put two cards from your hand on top of your library in any order."
51,Consign to Memory,21.52811469900007,False,"No terminal matches '{' in the current parser context, at line 1 col 11

Replicate {1} (When you cast this spell, copy it f
          ^
Expected one of: 
	* WORD
	* DASH
","Replicate {1} (When you cast this spell, copy it for each time you paid its replicate cost. You may choose new targets for the copies.)
Counter target triggered ability or colorless spell."
52,Corrupted Shapeshifter,24.480628737999723,False,"No terminal matches '(' in the current parser context, at line 1 col 8

Devoid (This card has no color.)
       ^
Expected one of: 
	* WORD
	* DASH
","Devoid (This card has no color.)
As ~ enters, it becomes your choice of a 3/3 creature with flying, a 2/5 creature with vigilance, or a 0/12 creature with defender."
53,Copycrook,26.45932040200023,False,"No terminal matches '~' in the current parser context, at line 1 col 14

You may have ~ enter as a copy of any creature on the
             ^
Expected one of: 
	* WORD
	* DASH
","You may have ~ enter as a copy of any creature on the battlefield, except it has ""Whenever this creature attacks, it connives."". (Draw a card, then discard a card. If you discarded a nonland card, put a +1/+1 counter on this creature.)"
54,Depth Defiler,24.651833737999368,False,"No terminal matches '(' in the current parser context, at line 1 col 8

Devoid (This card has no color.)
       ^
Expected one of: 
	* WORD
	* DASH
","Devoid (This card has no color.)
Kicker {C} (You may pay an additional {C} as you cast this spell.)
When you cast this spell, choose one. If it was kicked, choose both instead.
• Return target creature to its owner's hand.
• Target player draws two cards, then discards a card."
55,Deem Inferior,26.494336882000425,False,"No terminal matches '{' in the current parser context, at line 1 col 18

This spell costs {1} less to cast for each card you have 
                 ^
Expected one of: 
	* WORD
	* DASH
","This spell costs {1} less to cast for each card you have drawn this turn.
The owner of target nonland permanent puts it into their library second from the top or on the bottom."
56,Bespoke Battlewagon,53.71777410199957,False,"No terminal matches 'Y' in the current parser context, at line 1 col 6

{T}: You get {E}{E} (two energy counters).
     ^
Expected one of: 
	* DO
	* DOUBLE
	* CLOAK
	* AFTER
	* SUBTYPEARTIFACT
	* SURVEIL
	* WOULD
	* EXCHANGE
	* AS
	* SKIP
	* HERSELF
	* SWITCH
	* ALL
	* LBRACE
	* ITSELF
	* WHEN
	* SUBTYPECREATUREB
	* LSQB
	* SEARCHED
	* NUMBER
	* SCRY
	* SPEND
	* NO
	* SUBTYPECREATUREA
	* SUPERTYPE
	* INVESTIGATE
	* CYCLED
	* OTHER
	* UNTAP
	* PLAYED
	* CREATE
	* GAINED
	* COUNTER
	* COLORTERM
	* AN
	* DAMAGETYPE
	* DASH
	* REGENERATE
	* PLAY
	* SACRIFICE
	* SHUFFLE
	* CLASH
	* X
	* INCUBATE
	* ADDITIONAL
	* DISCARD
	* WHENEVER
	* BLOCK
	* BEEN
	* UNTAPSYMBOL
	* SHUFFLED
	* ABILITYMODIFIER
	* ON
	* LESS
	* QUALIFIER
	* LEVEL
	* WITHOUT
	* BLOCKED
	* UNATTACHED
	* LOOK
	* SUSPECT
	* PLAYERCHARACTERISTIC
	* EXILE
	* TAPPEDSTATUSMODIFIER
	* REMAIN
	* REVEAL
	* TURN
	* EQUAL
	* AT
	* ONTO
	* YOUR
	* TYPE
	* SUBTYPELAND
	* UP
	* EFFECTSTATUSMODIFIER
	* THEM
	* TRANSFORM
	* FLIP
	* GET
	* ABLE
	* __ANON_19
	* THOSE
	* SUBTYPEENCHANTMENT
	* OBJECTCHARACTERISTIC
	* TIMES
	* RETURN
	* PROLIFERATE
	* LOOKED
	* TARGET
	* PLAYERTERM
	* BE
	* __ANON_14
	* DETAIN
	* CONTROL
	* NON
	* DIE
	* THEN
	* WITH
	* REVEALED
	* CAST
	* STAR
	* GAIN
	* CHOSE
	* FORAGE
	* INTO
	* DISCOVER
	* MAY
	* ATTACH
	* CARDINAL
	* DISCARDED
	* ATTACK
	* UNATTACH
	* WHO
	* CAN
	* PUT
	* LOSE
	* ATTACKED
	* A
	* TAPSYMBOL
	* CYCLE
	* SUBTYPESPELL
	* THEIR
	* DEAL
	* SUPPORT
	* HIMSELF
	* __ANON_17
	* THE
	* ADAPT
	* WHILE
	* MONSTROSITY
	* SACRIFICED
	* IS
	* IT
	* ABANDON
	* IF
	* ACTIVATE
	* ANY
	* BECOME
	* DRAW
	* GOAD
	* MILL
	* AMASS
	* PREVENT
	* EXERT
	* CHOOSE
	* ORDINAL
	* HAVE
	* DREW
	* BOLSTER
	* CONNIVE
	* FROM
	* FREQUENCY
	* ATTACHED
	* TAKE
	* MANIFEST
	* __ANON_21
	* IN
	* ZONE
	* SEARCH
	* THAT
	* ONLY
	* __ANON_18
	* CONVERT
	* THIS
	* WIN
	* CONTROLLED
	* DESTROY
	* SUBTYPEPLANAR
	* UNTIL
	* COMBATSTATUSMODIFIER
	* FOR
	* PAY
	* LEARN
	* HAD
	* REMOVE
	* ITS
	* SAME
	* POPULATE
	* GREATER
	* MELD
	* SUBTYPEPLANESWALKER
	* __ANON_15
	* THESE
	* FATESEAL
	* NAMEREFSYMBOL
	* UNDER
	* OTHERWISE
	* FIGHT
	* EACH
	* MORE
	* DOES
	* ASSIGN
	* ADD
	* TURNED
	* HAS
	* KEYWORDSTATUSMODIFIER
	* TAP
	* EXPLORES
	* __ANON_20
","{T}: You get {E}{E} (two energy counters).
{T}, Pay {E}{E}: Tap target creature.
{T}, Pay {E}{E}{E}: Draw a card.
Pay {E}{E}{E}{E}: ~ becomes an artifact creature until end of turn.
Crew 4"
57,Dreamtide Whale,27.722640300999956,False,"No terminal matches '2' in the current parser context, at line 1 col 11

Vanishing 2 (This creature enters with two time co
          ^
Expected one of: 
	* WORD
	* DASH
","Vanishing 2 (This creature enters with two time counters on it. At the beginning of your upkeep, remove a time counter from it. When the last is removed, sacrifice it.)
Whenever a player casts their second spell each turn, proliferate. (Choose any number of permanents and/or players, then give each another counter of each kind already there.)"
58,Electrozoa,28.73055925100016,False,"No terminal matches '~' in the current parser context, at line 3 col 6

When ~ enters, you get {E}{E} (two energy cou
     ^
Expected one of: 
	* WORD
	* DASH
","Flash
Flying
When ~ enters, you get {E}{E} (two energy counters).
At the beginning of your first main phase, tap ~ unless you pay {E}."
59,Argent Dais,203.81340767599977,False,"No terminal matches ',' in the current parser context, at line 2 col 38

Whenever two or more creatures attack, put an oil counter on ~.
                                     ^
Expected one of: 
	* WORD
	* DASH
","~ enters with two oil counters on it.
Whenever two or more creatures attack, put an oil counter on ~.
{2}, {T}, Remove two oil counters from ~: Exile another target nonland permanent. Its controller draws two cards."
60,Emrakul's Messenger,26.66143371599992,False,"No terminal matches '(' in the current parser context, at line 1 col 8

Devoid (This card has no color.)
       ^
Expected one of: 
	* WORD
	* DASH
","Devoid (This card has no color.)
Flying
Whenever you draw your second card each turn, create a 0/1 colorless Eldrazi Spawn creature token with ""Sacrifice this creature: Add {C}.""."
61,Flare of Denial,28.239332750999893,False,"No terminal matches ''' in the current parser context, at line 1 col 70

blue creature rather than pay this spell's mana cost.
                                        ^
Expected one of: 
	* WORD
	* DASH
","You may sacrifice a nontoken blue creature rather than pay this spell's mana cost.
Counter target spell."
62,Hope-Ender Coatl,26.832708603000356,False,"No terminal matches '(' in the current parser context, at line 1 col 8

Devoid (This card has no color.)
       ^
Expected one of: 
	* WORD
	* DASH
","Devoid (This card has no color.)
Flash
When you cast this spell, counter target spell an opponent controls unless they pay {1}.
Flying"
63,Harbinger of the Seas,28.24879300700013,False,"No terminal matches '.' in the current parser context, at line 1 col 27

Nonbasic lands are Islands.
                          ^
Expected one of: 
	* WORD
	* DASH
",Nonbasic lands are Islands.
64,Kozilek's Unsealing,26.160030875000302,False,"No terminal matches '(' in the current parser context, at line 1 col 8

Devoid (This card has no color.)
       ^
Expected one of: 
	* WORD
	* DASH
","Devoid (This card has no color.)
Whenever you cast a creature spell with mana value 4, 5, or 6, create two 0/1 colorless Eldrazi Spawn creature tokens with ""Sacrifice this creature: Add {C}."".
Whenever you cast a creature spell with mana value 7 or greater, draw three cards."
65,Petrifying Meddler,28.440157854000063,False,"No terminal matches '(' in the current parser context, at line 1 col 8

Devoid (This card has no color.)
       ^
Expected one of: 
	* WORD
	* DASH
","Devoid (This card has no color.)
When you cast this spell, tap up to one target creature and put a stun counter on it. (If a permanent with a stun counter would become untapped, remove one from it instead.)
Reach"
66,Serum Visionary,26.42845071099964,False,"No terminal matches '~' in the current parser context, at line 1 col 6

When ~ enters, draw a card, then scry 2.
     ^
Expected one of: 
	* WORD
	* DASH
","When ~ enters, draw a card, then scry 2."
67,Shadow of the Second Sun,27.90855754400036,False,"No terminal matches ''' in the current parser context, at line 2 col 45

he beginning of each of enchanted player's postcombat main phases, there is an a
                                        ^
Expected one of: 
	* WORD
	* DASH
","Enchant player
At the beginning of each of enchanted player's postcombat main phases, there is an additional beginning phase after this phase. (The end step happens after the added untap, upkeep, and draw steps.)"
68,Strix Serenade,26.686787941000148,False,"No terminal matches ',' in the current parser context, at line 1 col 24

Counter target artifact, creature, or planeswalker spell. Its c
                       ^
Expected one of: 
	* WORD
	* DASH
","Counter target artifact, creature, or planeswalker spell. Its controller creates a 2/2 blue Bird creature token with flying."
69,Tempest Harvester,26.658488232999844,False,"No terminal matches '~' in the current parser context, at line 1 col 6

When ~ enters, you get {E}{E} (two energy cou
     ^
Expected one of: 
	* WORD
	* DASH
","When ~ enters, you get {E}{E} (two energy counters).
{T}, Pay {E}: Draw a card, then discard a card."
70,Triton Wavebreaker,25.842239000000518,False,"No terminal matches '{' in the current parser context, at line 1 col 8

Bestow {1}{U} (If you cast this card for its be
       ^
Expected one of: 
	* WORD
	* DASH
","Bestow {1}{U} (If you cast this card for its bestow cost, it is an Aura spell with enchant creature. It becomes a creature again if it is not attached.)
As long as ~ is a creature, it has prowess. (Whenever you cast a noncreature spell, this creature gets +1/+1 until end of turn.)
Enchanted creature gets +1/+1 and has prowess."
71,Roil Cartographer,54.5753157120007,False,"No terminal matches 'W' in the current parser context, at line 1 col 12

Landfall — Whenever a land you control enters, you 
           ^
Expected one of: 
	* DO
	* DOUBLE
	* CLOAK
	* AFTER
	* SUBTYPEARTIFACT
	* SURVEIL
	* WOULD
	* EXCHANGE
	* AS
	* SKIP
	* HERSELF
	* SWITCH
	* ALL
	* LBRACE
	* ITSELF
	* WHEN
	* SUBTYPECREATUREB
	* LSQB
	* SEARCHED
	* NUMBER
	* SCRY
	* SPEND
	* NO
	* SUBTYPECREATUREA
	* SUPERTYPE
	* INVESTIGATE
	* CYCLED
	* OTHER
	* UNTAP
	* PLAYED
	* CREATE
	* GAINED
	* COUNTER
	* COLORTERM
	* AN
	* DAMAGETYPE
	* DASH
	* REGENERATE
	* PLAY
	* SACRIFICE
	* SHUFFLE
	* CLASH
	* X
	* INCUBATE
	* ADDITIONAL
	* DISCARD
	* WHENEVER
	* BLOCK
	* BEEN
	* UNTAPSYMBOL
	* SHUFFLED
	* ABILITYMODIFIER
	* ON
	* LESS
	* QUALIFIER
	* LEVEL
	* WITHOUT
	* BLOCKED
	* UNATTACHED
	* LOOK
	* SUSPECT
	* PLAYERCHARACTERISTIC
	* EXILE
	* TAPPEDSTATUSMODIFIER
	* REMAIN
	* REVEAL
	* TURN
	* EQUAL
	* AT
	* ONTO
	* YOUR
	* TYPE
	* SUBTYPELAND
	* UP
	* EFFECTSTATUSMODIFIER
	* THEM
	* TRANSFORM
	* FLIP
	* GET
	* ABLE
	* __ANON_19
	* THOSE
	* SUBTYPEENCHANTMENT
	* OBJECTCHARACTERISTIC
	* TIMES
	* RETURN
	* PROLIFERATE
	* LOOKED
	* TARGET
	* PLAYERTERM
	* BE
	* __ANON_14
	* DETAIN
	* CONTROL
	* NON
	* DIE
	* THEN
	* WITH
	* REVEALED
	* CAST
	* STAR
	* GAIN
	* CHOSE
	* FORAGE
	* INTO
	* DISCOVER
	* MAY
	* ATTACH
	* CARDINAL
	* DISCARDED
	* ATTACK
	* UNATTACH
	* WHO
	* CAN
	* PUT
	* LOSE
	* ATTACKED
	* A
	* TAPSYMBOL
	* CYCLE
	* SUBTYPESPELL
	* THEIR
	* DEAL
	* SUPPORT
	* HIMSELF
	* __ANON_17
	* THE
	* ADAPT
	* WHILE
	* MONSTROSITY
	* SACRIFICED
	* IS
	* IT
	* ABANDON
	* IF
	* ACTIVATE
	* ANY
	* BECOME
	* DRAW
	* GOAD
	* MILL
	* AMASS
	* PREVENT
	* EXERT
	* CHOOSE
	* ORDINAL
	* HAVE
	* DREW
	* BOLSTER
	* CONNIVE
	* FROM
	* FREQUENCY
	* ATTACHED
	* TAKE
	* MANIFEST
	* __ANON_21
	* IN
	* ZONE
	* SEARCH
	* THAT
	* ONLY
	* __ANON_18
	* CONVERT
	* THIS
	* WIN
	* CONTROLLED
	* DESTROY
	* SUBTYPEPLANAR
	* UNTIL
	* COMBATSTATUSMODIFIER
	* FOR
	* PAY
	* LEARN
	* HAD
	* REMOVE
	* ITS
	* SAME
	* POPULATE
	* GREATER
	* MELD
	* SUBTYPEPLANESWALKER
	* __ANON_15
	* THESE
	* FATESEAL
	* NAMEREFSYMBOL
	* UNDER
	* OTHERWISE
	* FIGHT
	* EACH
	* MORE
	* DOES
	* ASSIGN
	* ADD
	* TURNED
	* HAS
	* KEYWORDSTATUSMODIFIER
	* TAP
	* EXPLORES
	* __ANON_20
","Landfall — Whenever a land you control enters, you get {E} (an energy counter).
{T}, Pay six {E}: Draw three cards."
72,Tune the Narrative,26.08230925299995,False,"No terminal matches '.' in the current parser context, at line 1 col 12

Draw a card. You get {E}{E} (two energy counters).
           ^
Expected one of: 
	* WORD
	* DASH
",Draw a card. You get {E}{E} (two energy counters).
73,Sage of the Unknowable,55.024074729999484,False,"No terminal matches 'A' in the current parser context, at line 1 col 6

{T}: Add {C}. Spend this mana only to cast a 
     ^
Expected one of: 
	* DO
	* DOUBLE
	* CLOAK
	* AFTER
	* SUBTYPEARTIFACT
	* SURVEIL
	* WOULD
	* EXCHANGE
	* AS
	* SKIP
	* HERSELF
	* SWITCH
	* ALL
	* LBRACE
	* ITSELF
	* WHEN
	* SUBTYPECREATUREB
	* LSQB
	* SEARCHED
	* NUMBER
	* SCRY
	* SPEND
	* NO
	* SUBTYPECREATUREA
	* SUPERTYPE
	* INVESTIGATE
	* CYCLED
	* OTHER
	* UNTAP
	* PLAYED
	* CREATE
	* GAINED
	* COUNTER
	* COLORTERM
	* AN
	* DAMAGETYPE
	* DASH
	* REGENERATE
	* PLAY
	* SACRIFICE
	* SHUFFLE
	* CLASH
	* X
	* INCUBATE
	* ADDITIONAL
	* DISCARD
	* WHENEVER
	* BLOCK
	* BEEN
	* UNTAPSYMBOL
	* SHUFFLED
	* ABILITYMODIFIER
	* ON
	* LESS
	* QUALIFIER
	* LEVEL
	* WITHOUT
	* BLOCKED
	* UNATTACHED
	* LOOK
	* SUSPECT
	* PLAYERCHARACTERISTIC
	* EXILE
	* TAPPEDSTATUSMODIFIER
	* REMAIN
	* REVEAL
	* TURN
	* EQUAL
	* AT
	* ONTO
	* YOUR
	* TYPE
	* SUBTYPELAND
	* UP
	* EFFECTSTATUSMODIFIER
	* THEM
	* TRANSFORM
	* FLIP
	* GET
	* ABLE
	* __ANON_19
	* THOSE
	* SUBTYPEENCHANTMENT
	* OBJECTCHARACTERISTIC
	* TIMES
	* RETURN
	* PROLIFERATE
	* LOOKED
	* TARGET
	* PLAYERTERM
	* BE
	* __ANON_14
	* DETAIN
	* CONTROL
	* NON
	* DIE
	* THEN
	* WITH
	* REVEALED
	* CAST
	* STAR
	* GAIN
	* CHOSE
	* FORAGE
	* INTO
	* DISCOVER
	* MAY
	* ATTACH
	* CARDINAL
	* DISCARDED
	* ATTACK
	* UNATTACH
	* WHO
	* CAN
	* PUT
	* LOSE
	* ATTACKED
	* A
	* TAPSYMBOL
	* CYCLE
	* SUBTYPESPELL
	* THEIR
	* DEAL
	* SUPPORT
	* HIMSELF
	* __ANON_17
	* THE
	* ADAPT
	* WHILE
	* MONSTROSITY
	* SACRIFICED
	* IS
	* IT
	* ABANDON
	* IF
	* ACTIVATE
	* ANY
	* BECOME
	* DRAW
	* GOAD
	* MILL
	* AMASS
	* PREVENT
	* EXERT
	* CHOOSE
	* ORDINAL
	* HAVE
	* DREW
	* BOLSTER
	* CONNIVE
	* FROM
	* FREQUENCY
	* ATTACHED
	* TAKE
	* MANIFEST
	* __ANON_21
	* IN
	* ZONE
	* SEARCH
	* THAT
	* ONLY
	* __ANON_18
	* CONVERT
	* THIS
	* WIN
	* CONTROLLED
	* DESTROY
	* SUBTYPEPLANAR
	* UNTIL
	* COMBATSTATUSMODIFIER
	* FOR
	* PAY
	* LEARN
	* HAD
	* REMOVE
	* ITS
	* SAME
	* POPULATE
	* GREATER
	* MELD
	* SUBTYPEPLANESWALKER
	* __ANON_15
	* THESE
	* FATESEAL
	* NAMEREFSYMBOL
	* UNDER
	* OTHERWISE
	* FIGHT
	* EACH
	* MORE
	* DOES
	* ASSIGN
	* ADD
	* TURNED
	* HAS
	* KEYWORDSTATUSMODIFIER
	* TAP
	* EXPLORES
	* __ANON_20
",{T}: Add {C}. Spend this mana only to cast a colorless spell or to activate an ability.
74,Ugin's Binding,27.9434658199998,False,"No terminal matches '(' in the current parser context, at line 1 col 8

Devoid (This card has no color.)
       ^
Expected one of: 
	* WORD
	* DASH
","Devoid (This card has no color.)
Return target nonland permanent you do not control to its owner's hand.
Whenever you cast a colorless spell with mana value 7 or greater, you may exile ~ from your graveyard. When you do, return each nonland permanent you do not control to its owner's hand."
75,Unfathomable Truths,26.382272642000316,False,"No terminal matches '(' in the current parser context, at line 1 col 8

Devoid (This card has no color.)
       ^
Expected one of: 
	* WORD
	* DASH
","Devoid (This card has no color.)
Draw three cards and create a 0/1 colorless Eldrazi Spawn creature token with ""Sacrifice this creature: Add {C}.""."
76,Utter Insignificance,28.315636180999718,False,"No terminal matches '1' in the current parser context, at line 3 col 73

lities and has base power and toughness 1/1.
                                        ^
Expected one of: 
	* WORD
	* DASH
","Flash
Enchant creature
Enchanted creature loses all abilities and has base power and toughness 1/1.
{2}{C}: Exile enchanted creature."
77,Volatile Stormdrake,26.689239383000313,False,"No terminal matches ',' in the current parser context, at line 1 col 7

Flying, hexproof from activated and triggered 
      ^
Expected one of: 
	* WORD
	* DASH
","Flying, hexproof from activated and triggered abilities
When ~ enters, exchange control of ~ and target creature an opponent controls. If you do, you get {E}{E}{E}{E}, then sacrifice that creature unless you pay an amount of {E} equal to its mana value."
78,Arcbound Condor,23.27243900600024,False,"No terminal matches '3' in the current parser context, at line 2 col 9

Modular 3 (This creature enters with three +1/+1
        ^
Expected one of: 
	* WORD
	* DASH
","Flying
Modular 3 (This creature enters with three +1/+1 counters on it. When it dies, you may put its +1/+1 counters on target artifact creature.)
Whenever another artifact you control enters, target creature an opponent controls gets -1/-1 until end of turn."
79,Accursed Marauder,29.122184616000595,False,"No terminal matches '~' in the current parser context, at line 1 col 6

When ~ enters, each player sacrifices a nonto
     ^
Expected one of: 
	* WORD
	* DASH
","When ~ enters, each player sacrifices a nontoken creature of their choice."
80,Breathe Your Last,27.587824696000098,False,"No terminal matches '.' in the current parser context, at line 1 col 40

Destroy target creature or planeswalker. You gain 1 life for each of its colors
                                       ^
Expected one of: 
	* WORD
	* DASH
",Destroy target creature or planeswalker. You gain 1 life for each of its colors.
81,Chthonian Nightmare,27.32890294200024,False,"No terminal matches '~' in the current parser context, at line 1 col 6

When ~ enters, you get {E}{E}{E} (three energ
     ^
Expected one of: 
	* WORD
	* DASH
","When ~ enters, you get {E}{E}{E} (three energy counters).
Pay X {E}, Sacrifice a creature, Return ~ to its owner's hand: Return target creature card with mana value X from your graveyard to the battlefield. Activate only as a sorcery."
82,Tamiyo Meets the Story Circle,79.60037025099973,False,"No terminal matches 'U' in the current parser context, at line 2 col 5

I — Until your next turn, whenever a creatur
    ^
Expected one of: 
	* DO
	* DOUBLE
	* CLOAK
	* AFTER
	* SUBTYPEARTIFACT
	* SURVEIL
	* WOULD
	* EXCHANGE
	* AS
	* SKIP
	* HERSELF
	* SWITCH
	* ALL
	* LBRACE
	* ITSELF
	* WHEN
	* SUBTYPECREATUREB
	* LSQB
	* SEARCHED
	* NUMBER
	* SCRY
	* SPEND
	* NO
	* SUBTYPECREATUREA
	* SUPERTYPE
	* INVESTIGATE
	* CYCLED
	* OTHER
	* UNTAP
	* PLAYED
	* CREATE
	* GAINED
	* COUNTER
	* COLORTERM
	* AN
	* DAMAGETYPE
	* DASH
	* REGENERATE
	* PLAY
	* SACRIFICE
	* SHUFFLE
	* CLASH
	* X
	* INCUBATE
	* ADDITIONAL
	* DISCARD
	* WHENEVER
	* BLOCK
	* BEEN
	* UNTAPSYMBOL
	* SHUFFLED
	* ABILITYMODIFIER
	* ON
	* LESS
	* QUALIFIER
	* LEVEL
	* WITHOUT
	* BLOCKED
	* UNATTACHED
	* LOOK
	* SUSPECT
	* PLAYERCHARACTERISTIC
	* EXILE
	* TAPPEDSTATUSMODIFIER
	* REMAIN
	* REVEAL
	* TURN
	* EQUAL
	* AT
	* ONTO
	* YOUR
	* TYPE
	* SUBTYPELAND
	* UP
	* EFFECTSTATUSMODIFIER
	* THEM
	* TRANSFORM
	* FLIP
	* GET
	* ABLE
	* __ANON_19
	* THOSE
	* SUBTYPEENCHANTMENT
	* OBJECTCHARACTERISTIC
	* TIMES
	* RETURN
	* PROLIFERATE
	* LOOKED
	* TARGET
	* PLAYERTERM
	* BE
	* __ANON_14
	* DETAIN
	* CONTROL
	* NON
	* DIE
	* THEN
	* WITH
	* REVEALED
	* CAST
	* STAR
	* GAIN
	* CHOSE
	* FORAGE
	* INTO
	* DISCOVER
	* MAY
	* ATTACH
	* CARDINAL
	* DISCARDED
	* ATTACK
	* UNATTACH
	* WHO
	* CAN
	* PUT
	* LOSE
	* ATTACKED
	* A
	* TAPSYMBOL
	* CYCLE
	* SUBTYPESPELL
	* THEIR
	* DEAL
	* SUPPORT
	* HIMSELF
	* __ANON_17
	* THE
	* ADAPT
	* WHILE
	* MONSTROSITY
	* SACRIFICED
	* IS
	* IT
	* ABANDON
	* IF
	* ACTIVATE
	* ANY
	* BECOME
	* DRAW
	* GOAD
	* MILL
	* AMASS
	* PREVENT
	* EXERT
	* CHOOSE
	* ORDINAL
	* HAVE
	* DREW
	* BOLSTER
	* CONNIVE
	* FROM
	* FREQUENCY
	* ATTACHED
	* TAKE
	* MANIFEST
	* __ANON_21
	* IN
	* ZONE
	* SEARCH
	* THAT
	* ONLY
	* __ANON_18
	* CONVERT
	* THIS
	* WIN
	* CONTROLLED
	* DESTROY
	* SUBTYPEPLANAR
	* UNTIL
	* COMBATSTATUSMODIFIER
	* FOR
	* PAY
	* LEARN
	* HAD
	* REMOVE
	* ITS
	* SAME
	* POPULATE
	* GREATER
	* MELD
	* SUBTYPEPLANESWALKER
	* __ANON_15
	* THESE
	* FATESEAL
	* NAMEREFSYMBOL
	* UNDER
	* OTHERWISE
	* FIGHT
	* EACH
	* MORE
	* DOES
	* ASSIGN
	* ADD
	* TURNED
	* HAS
	* KEYWORDSTATUSMODIFIER
	* TAP
	* EXPLORES
	* __ANON_20
","(As this Saga enters and after your draw step, add a lore counter. Sacrifice after III.)
I — Until your next turn, whenever a creature attacks you or a planeswalker you control, it gets -2/-0 until end of turn.
II — Discard any number of cards, then investigate twice for each card discarded this way.
III — Shuffle up to three target cards from your graveyard into your library."
83,Crabomination,26.305359744999805,False,"No terminal matches '{' in the current parser context, at line 1 col 22

Emerge from artifact {5}{B}{B} (You may cast this spell by sa
                     ^
Expected one of: 
	* WORD
	* DASH
","Emerge from artifact {5}{B}{B} (You may cast this spell by sacrificing an artifact and paying the emerge cost reduced by that artifact's mana value.)
When ~ enters, target opponent exiles the top card of their library, a card at random from their graveyard, and a card at random from their hand. You may cast a spell from among cards exiled this way without paying its mana cost."
84,Dreadmobile,28.274799447999612,False,"No terminal matches '{' in the current parser context, at line 2 col 1

{1}, Sacrifice another artifact or creat
^
Expected one of: 
	* WORD
	* DASH
","Menace
{1}, Sacrifice another artifact or creature: Put a +1/+1 counter on ~.
Crew 1 (Tap any number of creatures you control with total power 1 or more: This Vehicle becomes an artifact creature until end of turn.)"
85,Dreamdrinker Vampire,24.751647873000366,False,"No terminal matches '{' in the current parser context, at line 2 col 1

{1}{B}: Adapt 1. (If this creature has n
^
Expected one of: 
	* WORD
	* DASH
","Lifelink
{1}{B}: Adapt 1. (If this creature has no +1/+1 counters on it, put a +1/+1 counter on it.)
Whenever one or more +1/+1 counters are put on ~, it gains menace until end of turn."
86,Drossclaw,25.235447187999853,False,"No terminal matches '(' in the current parser context, at line 1 col 15

Living weapon (When this Equipment enters, create a 0/
              ^
Expected one of: 
	* WORD
	* DASH
","Living weapon (When this Equipment enters, create a 0/0 black Phyrexian Germ creature token, then attach this to it.)
Equipped creature gets +1/+1.
Whenever equipped creature attacks, each opponent loses 1 life.
Equip {2}"
87,Etched Slith,27.323272781000014,False,"No terminal matches '~' in the current parser context, at line 2 col 10

Whenever ~ deals combat damage to a player, put a
         ^
Expected one of: 
	* WORD
	* DASH
","Menace
Whenever ~ deals combat damage to a player, put a +1/+1 counter on it. When you do, you may remove a counter from another target permanent or opponent."
88,Emperor of Bones,28.56418588300039,False,"No terminal matches ',' in the current parser context, at line 1 col 40

At the beginning of combat on your turn, exile up to one target card from a gra
                                       ^
Expected one of: 
	* WORD
	* DASH
","At the beginning of combat on your turn, exile up to one target card from a graveyard.
{1}{B}: Adapt 2.
Whenever one or more +1/+1 counters are put on ~, put a creature card exiled with ~ onto the battlefield under your control with a finality counter on it. It gains haste. Sacrifice it at the beginning of the next end step."
89,Etherium Pteramander,27.916455405000306,False,"No terminal matches '~' in the current parser context, at line 2 col 1

~ can block only creatures with flying.
^
Expected one of: 
	* WORD
	* DASH
","Flying
~ can block only creatures with flying.
{6}{B}: Adapt 4. This ability costs {1} less to activate for each other artifact you control. (If this creature has no +1/+1 counters on it, put four +1/+1 counters on it.)"
90,Eviscerator's Insight,24.49344417700013,False,"No terminal matches ',' in the current parser context, at line 1 col 41

As an additional cost to cast this spell, sacrifice an artifact or creature.
                                        ^
Expected one of: 
	* WORD
	* DASH
","As an additional cost to cast this spell, sacrifice an artifact or creature.
Draw two cards.
Flashback {4}{B} (You may cast this card from your graveyard for its flashback cost and any additional costs. Then exile it.)"
91,Consuming Corruption,71.20532113599984,False,"No terminal matches 'X' in the current parser context, at line 1 col 9

~ deals X damage to target creature or planeswal
        ^
Expected one of: 
	* DOUBLE
	* CLOAK
	* SUBTYPEARTIFACT
	* SURVEIL
	* EXCHANGE
	* SKIP
	* HERSELF
	* SWITCH
	* ALL
	* LBRACE
	* ITSELF
	* SUBTYPECREATUREB
	* SEARCHED
	* NUMBER
	* SCRY
	* SPEND
	* NO
	* SUBTYPECREATUREA
	* SUPERTYPE
	* INVESTIGATE
	* CYCLED
	* OTHER
	* UNTAP
	* PLAYED
	* CREATE
	* GAINED
	* COUNTER
	* COLORTERM
	* AN
	* DAMAGETYPE
	* REGENERATE
	* PLAY
	* SACRIFICE
	* SHUFFLE
	* CLASH
	* X
	* INCUBATE
	* ADDITIONAL
	* DISCARD
	* BLOCK
	* SHUFFLED
	* ABILITYMODIFIER
	* ON
	* LESS
	* QUALIFIER
	* LEVEL
	* WITHOUT
	* BLOCKED
	* UNATTACHED
	* LOOK
	* SUSPECT
	* PLAYERCHARACTERISTIC
	* EXILE
	* TAPPEDSTATUSMODIFIER
	* REMAIN
	* REVEAL
	* TURN
	* EQUAL
	* ONTO
	* YOUR
	* TYPE
	* SUBTYPELAND
	* UP
	* EFFECTSTATUSMODIFIER
	* THEM
	* TRANSFORM
	* FLIP
	* GET
	* ABLE
	* __ANON_19
	* THOSE
	* SUBTYPEENCHANTMENT
	* OBJECTCHARACTERISTIC
	* TIMES
	* RETURN
	* PROLIFERATE
	* LOOKED
	* TARGET
	* PLAYERTERM
	* __ANON_14
	* DETAIN
	* CONTROL
	* NON
	* DIE
	* WITH
	* REVEALED
	* CAST
	* STAR
	* GAIN
	* CHOSE
	* FORAGE
	* INTO
	* DISCOVER
	* ATTACH
	* CARDINAL
	* DISCARDED
	* ATTACK
	* UNATTACH
	* WHO
	* PUT
	* LOSE
	* ATTACKED
	* A
	* CYCLE
	* SUBTYPESPELL
	* THEIR
	* DEAL
	* SUPPORT
	* __ANON_17
	* HIMSELF
	* THE
	* ADAPT
	* MONSTROSITY
	* SACRIFICED
	* ABANDON
	* IT
	* ACTIVATE
	* ANY
	* DRAW
	* GOAD
	* MILL
	* AMASS
	* PREVENT
	* EXERT
	* ORDINAL
	* CHOOSE
	* DREW
	* BOLSTER
	* CONNIVE
	* FROM
	* FREQUENCY
	* ATTACHED
	* TAKE
	* MANIFEST
	* __ANON_21
	* IN
	* ZONE
	* SEARCH
	* THAT
	* ONLY
	* __ANON_18
	* CONVERT
	* THIS
	* WIN
	* CONTROLLED
	* DESTROY
	* SUBTYPEPLANAR
	* COMBATSTATUSMODIFIER
	* PAY
	* LEARN
	* REMOVE
	* ITS
	* SAME
	* POPULATE
	* GREATER
	* MELD
	* SUBTYPEPLANESWALKER
	* __ANON_15
	* THESE
	* FATESEAL
	* NAMEREFSYMBOL
	* UNDER
	* FIGHT
	* EACH
	* MORE
	* ASSIGN
	* TURNED
	* ADD
	* KEYWORDSTATUSMODIFIER
	* TAP
	* EXPLORES
	* __ANON_20
","~ deals X damage to target creature or planeswalker and you gain X life, where X is the number of Swamps you control."
92,Flare of Malice,29.401392750000014,False,"No terminal matches ''' in the current parser context, at line 1 col 71

lack creature rather than pay this spell's mana cost.
                                        ^
Expected one of: 
	* WORD
	* DASH
","You may sacrifice a nontoken black creature rather than pay this spell's mana cost.
Each opponent sacrifices a creature or planeswalker with the greatest mana value among creatures and planeswalkers they control."
93,The Creation of Avacyn,76.61491328400007,False,"No terminal matches 'S' in the current parser context, at line 2 col 5

I — Search your library for a card, exile it
    ^
Expected one of: 
	* DO
	* DOUBLE
	* CLOAK
	* AFTER
	* SUBTYPEARTIFACT
	* SURVEIL
	* WOULD
	* EXCHANGE
	* AS
	* SKIP
	* HERSELF
	* SWITCH
	* ALL
	* LBRACE
	* ITSELF
	* WHEN
	* SUBTYPECREATUREB
	* LSQB
	* SEARCHED
	* NUMBER
	* SCRY
	* SPEND
	* NO
	* SUBTYPECREATUREA
	* SUPERTYPE
	* INVESTIGATE
	* CYCLED
	* OTHER
	* UNTAP
	* PLAYED
	* CREATE
	* GAINED
	* COUNTER
	* COLORTERM
	* AN
	* DAMAGETYPE
	* DASH
	* REGENERATE
	* PLAY
	* SACRIFICE
	* SHUFFLE
	* CLASH
	* X
	* INCUBATE
	* ADDITIONAL
	* DISCARD
	* WHENEVER
	* BLOCK
	* BEEN
	* UNTAPSYMBOL
	* SHUFFLED
	* ABILITYMODIFIER
	* ON
	* LESS
	* QUALIFIER
	* LEVEL
	* WITHOUT
	* BLOCKED
	* UNATTACHED
	* LOOK
	* SUSPECT
	* PLAYERCHARACTERISTIC
	* EXILE
	* TAPPEDSTATUSMODIFIER
	* REMAIN
	* REVEAL
	* TURN
	* EQUAL
	* AT
	* ONTO
	* YOUR
	* TYPE
	* SUBTYPELAND
	* UP
	* EFFECTSTATUSMODIFIER
	* THEM
	* TRANSFORM
	* FLIP
	* GET
	* ABLE
	* __ANON_19
	* THOSE
	* SUBTYPEENCHANTMENT
	* OBJECTCHARACTERISTIC
	* TIMES
	* RETURN
	* PROLIFERATE
	* LOOKED
	* TARGET
	* PLAYERTERM
	* BE
	* __ANON_14
	* DETAIN
	* CONTROL
	* NON
	* DIE
	* THEN
	* WITH
	* REVEALED
	* CAST
	* STAR
	* GAIN
	* CHOSE
	* FORAGE
	* INTO
	* DISCOVER
	* MAY
	* ATTACH
	* CARDINAL
	* DISCARDED
	* ATTACK
	* UNATTACH
	* WHO
	* CAN
	* PUT
	* LOSE
	* ATTACKED
	* A
	* TAPSYMBOL
	* CYCLE
	* SUBTYPESPELL
	* THEIR
	* DEAL
	* SUPPORT
	* HIMSELF
	* __ANON_17
	* THE
	* ADAPT
	* WHILE
	* MONSTROSITY
	* SACRIFICED
	* IS
	* IT
	* ABANDON
	* IF
	* ACTIVATE
	* ANY
	* BECOME
	* DRAW
	* GOAD
	* MILL
	* AMASS
	* PREVENT
	* EXERT
	* CHOOSE
	* ORDINAL
	* HAVE
	* DREW
	* BOLSTER
	* CONNIVE
	* FROM
	* FREQUENCY
	* ATTACHED
	* TAKE
	* MANIFEST
	* __ANON_21
	* IN
	* ZONE
	* SEARCH
	* THAT
	* ONLY
	* __ANON_18
	* CONVERT
	* THIS
	* WIN
	* CONTROLLED
	* DESTROY
	* SUBTYPEPLANAR
	* UNTIL
	* COMBATSTATUSMODIFIER
	* FOR
	* PAY
	* LEARN
	* HAD
	* REMOVE
	* ITS
	* SAME
	* POPULATE
	* GREATER
	* MELD
	* SUBTYPEPLANESWALKER
	* __ANON_15
	* THESE
	* FATESEAL
	* NAMEREFSYMBOL
	* UNDER
	* OTHERWISE
	* FIGHT
	* EACH
	* MORE
	* DOES
	* ASSIGN
	* ADD
	* TURNED
	* HAS
	* KEYWORDSTATUSMODIFIER
	* TAP
	* EXPLORES
	* __ANON_20
","(As this Saga enters and after your draw step, add a lore counter. Sacrifice after III.)
I — Search your library for a card, exile it face down, then shuffle.
II — Turn the exiled card face up. If it is a creature card, you lose life equal to its mana value.
III — You may put the exiled card onto the battlefield if it is a creature card. If you do not put it onto the battlefield, put it into its owner's hand."
94,Grim Servant,26.371401391999825,False,"No terminal matches '~' in the current parser context, at line 2 col 6

When ~ enters, search your library for a card
     ^
Expected one of: 
	* WORD
	* DASH
","Menace
When ~ enters, search your library for a card with mana value less than or equal to your devotion to black, reveal it, put it into your hand, then shuffle. You lose 3 life. (Each {B} in the mana costs of permanents you control counts toward your devotion to black.)"
95,Kami of Jealous Thirst,27.925656084000366,False,"No terminal matches '{' in the current parser context, at line 2 col 1

{4}{B}: Each opponent loses 2 life and y
^
Expected one of: 
	* WORD
	* DASH
","Deathtouch
{4}{B}: Each opponent loses 2 life and you gain 2 life. This ability costs {4}{B} less to activate if you have drawn three or more cards this turn. Activate only once each turn."
96,Lethal Throwdown,27.904537479999817,False,"No terminal matches ',' in the current parser context, at line 1 col 41

As an additional cost to cast this spell, sacrifice a creature or sacrifice a mo
                                        ^
Expected one of: 
	* WORD
	* DASH
","As an additional cost to cast this spell, sacrifice a creature or sacrifice a modified creature. (Equipment, Auras you control, and counters are modifications.)
Destroy target creature or planeswalker. If the modified creature was sacrificed, draw a card."
97,Marionette Apprentice,26.387876273000074,False,"No terminal matches '1' in the current parser context, at line 1 col 11

Fabricate 1 (When this creature enters, put a +1/+
          ^
Expected one of: 
	* WORD
	* DASH
","Fabricate 1 (When this creature enters, put a +1/+1 counter on it or create a 1/1 colorless Servo artifact creature token.)
Whenever another creature or artifact you control is put into a graveyard from the battlefield, each opponent loses 1 life."
98,Mindless Conscription,27.80715747999966,False,"No terminal matches '~' in the current parser context, at line 1 col 6

When ~ enters and whenever you draw your thir
     ^
Expected one of: 
	* WORD
	* DASH
","When ~ enters and whenever you draw your third card each turn, amass Zombies 3. (Put three +1/+1 counters on an Army you control. it is also a Zombie. If you do not control an Army, create a 0/0 black Zombie Army creature token first.)"
99,Necrodominance,26.23868083600064,False,"No terminal matches '.' in the current parser context, at line 1 col 20

Skip your draw step.
                   ^
Expected one of: 
	* WORD
	* DASH
","Skip your draw step.
At the beginning of your end step, you may pay any amount of life. If you do, draw that many cards.
Your maximum hand size is five.
If a card or token would be put into your graveyard from anywhere, exile it instead."
100,Gravedig,54.44192215300063,False,"No terminal matches '•' in the current parser context, at line 2 col 1

• Target player creates a 2/2 black Zomb
^
Expected one of: 
	* DO
	* DOUBLE
	* CLOAK
	* AFTER
	* SUBTYPEARTIFACT
	* SURVEIL
	* WOULD
	* EXCHANGE
	* AS
	* SKIP
	* HERSELF
	* SWITCH
	* ALL
	* LBRACE
	* ITSELF
	* WHEN
	* SUBTYPECREATUREB
	* LSQB
	* SEARCHED
	* NUMBER
	* SCRY
	* SPEND
	* NO
	* SUBTYPECREATUREA
	* SUPERTYPE
	* INVESTIGATE
	* CYCLED
	* OTHER
	* UNTAP
	* PLAYED
	* CREATE
	* GAINED
	* COUNTER
	* COLORTERM
	* AN
	* DAMAGETYPE
	* DASH
	* REGENERATE
	* PLAY
	* SACRIFICE
	* SHUFFLE
	* CLASH
	* X
	* INCUBATE
	* ADDITIONAL
	* DISCARD
	* WHENEVER
	* BLOCK
	* BEEN
	* UNTAPSYMBOL
	* SHUFFLED
	* ABILITYMODIFIER
	* ON
	* LESS
	* QUALIFIER
	* LEVEL
	* WITHOUT
	* BLOCKED
	* UNATTACHED
	* LOOK
	* SUSPECT
	* PLAYERCHARACTERISTIC
	* EXILE
	* TAPPEDSTATUSMODIFIER
	* REMAIN
	* REVEAL
	* TURN
	* EQUAL
	* AT
	* ONTO
	* YOUR
	* TYPE
	* SUBTYPELAND
	* UP
	* EFFECTSTATUSMODIFIER
	* THEM
	* TRANSFORM
	* FLIP
	* GET
	* ABLE
	* __ANON_19
	* THOSE
	* SUBTYPEENCHANTMENT
	* OBJECTCHARACTERISTIC
	* TIMES
	* RETURN
	* PROLIFERATE
	* LOOKED
	* TARGET
	* PLAYERTERM
	* BE
	* __ANON_14
	* DETAIN
	* CONTROL
	* NON
	* DIE
	* THEN
	* WITH
	* REVEALED
	* CAST
	* STAR
	* GAIN
	* CHOSE
	* FORAGE
	* INTO
	* DISCOVER
	* MAY
	* ATTACH
	* CARDINAL
	* DISCARDED
	* ATTACK
	* UNATTACH
	* WHO
	* CAN
	* PUT
	* LOSE
	* ATTACKED
	* A
	* TAPSYMBOL
	* CYCLE
	* SUBTYPESPELL
	* THEIR
	* DEAL
	* SUPPORT
	* HIMSELF
	* __ANON_17
	* THE
	* ADAPT
	* WHILE
	* MONSTROSITY
	* SACRIFICED
	* IS
	* IT
	* ABANDON
	* IF
	* ACTIVATE
	* ANY
	* BECOME
	* DRAW
	* GOAD
	* MILL
	* AMASS
	* PREVENT
	* EXERT
	* CHOOSE
	* ORDINAL
	* HAVE
	* DREW
	* BOLSTER
	* CONNIVE
	* FROM
	* FREQUENCY
	* ATTACHED
	* TAKE
	* MANIFEST
	* __ANON_21
	* IN
	* ZONE
	* SEARCH
	* THAT
	* ONLY
	* __ANON_18
	* CONVERT
	* THIS
	* WIN
	* CONTROLLED
	* DESTROY
	* SUBTYPEPLANAR
	* UNTIL
	* COMBATSTATUSMODIFIER
	* FOR
	* PAY
	* LEARN
	* HAD
	* REMOVE
	* ITS
	* SAME
	* POPULATE
	* GREATER
	* MELD
	* SUBTYPEPLANESWALKER
	* __ANON_15
	* THESE
	* FATESEAL
	* NAMEREFSYMBOL
	* UNDER
	* OTHERWISE
	* FIGHT
	* EACH
	* MORE
	* DOES
	* ASSIGN
	* ADD
	* TURNED
	* HAS
	* KEYWORDSTATUSMODIFIER
	* TAP
	* EXPLORES
	* __ANON_20
","Choose one —
• Target player creates a 2/2 black Zombie creature token.
• Return target creature card from your graveyard to your hand.
Entwine {2} (Choose both if you pay the entwine cost.)"
101,Refurbished Familiar,27.240789348999897,False,"No terminal matches '(' in the current parser context, at line 1 col 24

Affinity for artifacts (This spell costs {1} less to cast for e
                       ^
Expected one of: 
	* WORD
	* DASH
","Affinity for artifacts (This spell costs {1} less to cast for each artifact you control.)
Flying
When ~ enters, each opponent discards a card. For each opponent who can not, you draw a card."
102,Ripples of Undeath,26.525393070000064,False,"No terminal matches ',' in the current parser context, at line 1 col 42

t the beginning of your first main phase, mill three cards. Then you may pay {1}
                                        ^
Expected one of: 
	* WORD
	* DASH
","At the beginning of your first main phase, mill three cards. Then you may pay {1} and 3 life. If you do, put a card from among those cards into your hand."
103,Scurrilous Sentry,25.3501202690004,False,"No terminal matches '~' in the current parser context, at line 2 col 10

Whenever ~ enters or attacks, it connives. (Draw 
         ^
Expected one of: 
	* WORD
	* DASH
","Menace
Whenever ~ enters or attacks, it connives. (Draw a card, then discard a card. If you discarded a nonland card, put a +1/+1 counter on this creature.)"
104,"Shilgengar, Sire of Famine",25.51302472899988,False,"No terminal matches ':' in the current parser context, at line 2 col 27

Sacrifice another creature: Create a Blood token. If you sacrifice
                          ^
Expected one of: 
	* WORD
	* DASH
","Flying
Sacrifice another creature: Create a Blood token. If you sacrificed an Angel this way, create a number of Blood tokens equal to its toughness instead.
{W/B}{W/B}{W/B}, Sacrifice six Blood tokens: Return each creature card from your graveyard to the battlefield with a finality counter on it. Those creatures are Vampires in addition to their other types."
105,Quest for the Necropolis,51.76947748600014,False,"No terminal matches 'W' in the current parser context, at line 1 col 12

Landfall — Whenever a land you control enters, put 
           ^
Expected one of: 
	* DO
	* DOUBLE
	* CLOAK
	* AFTER
	* SUBTYPEARTIFACT
	* SURVEIL
	* WOULD
	* EXCHANGE
	* AS
	* SKIP
	* HERSELF
	* SWITCH
	* ALL
	* LBRACE
	* ITSELF
	* WHEN
	* SUBTYPECREATUREB
	* LSQB
	* SEARCHED
	* NUMBER
	* SCRY
	* SPEND
	* NO
	* SUBTYPECREATUREA
	* SUPERTYPE
	* INVESTIGATE
	* CYCLED
	* OTHER
	* UNTAP
	* PLAYED
	* CREATE
	* GAINED
	* COUNTER
	* COLORTERM
	* AN
	* DAMAGETYPE
	* DASH
	* REGENERATE
	* PLAY
	* SACRIFICE
	* SHUFFLE
	* CLASH
	* X
	* INCUBATE
	* ADDITIONAL
	* DISCARD
	* WHENEVER
	* BLOCK
	* BEEN
	* UNTAPSYMBOL
	* SHUFFLED
	* ABILITYMODIFIER
	* ON
	* LESS
	* QUALIFIER
	* LEVEL
	* WITHOUT
	* BLOCKED
	* UNATTACHED
	* LOOK
	* SUSPECT
	* PLAYERCHARACTERISTIC
	* EXILE
	* TAPPEDSTATUSMODIFIER
	* REMAIN
	* REVEAL
	* TURN
	* EQUAL
	* AT
	* ONTO
	* YOUR
	* TYPE
	* SUBTYPELAND
	* UP
	* EFFECTSTATUSMODIFIER
	* THEM
	* TRANSFORM
	* FLIP
	* GET
	* ABLE
	* __ANON_19
	* THOSE
	* SUBTYPEENCHANTMENT
	* OBJECTCHARACTERISTIC
	* TIMES
	* RETURN
	* PROLIFERATE
	* LOOKED
	* TARGET
	* PLAYERTERM
	* BE
	* __ANON_14
	* DETAIN
	* CONTROL
	* NON
	* DIE
	* THEN
	* WITH
	* REVEALED
	* CAST
	* STAR
	* GAIN
	* CHOSE
	* FORAGE
	* INTO
	* DISCOVER
	* MAY
	* ATTACH
	* CARDINAL
	* DISCARDED
	* ATTACK
	* UNATTACH
	* WHO
	* CAN
	* PUT
	* LOSE
	* ATTACKED
	* A
	* TAPSYMBOL
	* CYCLE
	* SUBTYPESPELL
	* THEIR
	* DEAL
	* SUPPORT
	* HIMSELF
	* __ANON_17
	* THE
	* ADAPT
	* WHILE
	* MONSTROSITY
	* SACRIFICED
	* IS
	* IT
	* ABANDON
	* IF
	* ACTIVATE
	* ANY
	* BECOME
	* DRAW
	* GOAD
	* MILL
	* AMASS
	* PREVENT
	* EXERT
	* CHOOSE
	* ORDINAL
	* HAVE
	* DREW
	* BOLSTER
	* CONNIVE
	* FROM
	* FREQUENCY
	* ATTACHED
	* TAKE
	* MANIFEST
	* __ANON_21
	* IN
	* ZONE
	* SEARCH
	* THAT
	* ONLY
	* __ANON_18
	* CONVERT
	* THIS
	* WIN
	* CONTROLLED
	* DESTROY
	* SUBTYPEPLANAR
	* UNTIL
	* COMBATSTATUSMODIFIER
	* FOR
	* PAY
	* LEARN
	* HAD
	* REMOVE
	* ITS
	* SAME
	* POPULATE
	* GREATER
	* MELD
	* SUBTYPEPLANESWALKER
	* __ANON_15
	* THESE
	* FATESEAL
	* NAMEREFSYMBOL
	* UNDER
	* OTHERWISE
	* FIGHT
	* EACH
	* MORE
	* DOES
	* ASSIGN
	* ADD
	* TURNED
	* HAS
	* KEYWORDSTATUSMODIFIER
	* TAP
	* EXPLORES
	* __ANON_20
","Landfall — Whenever a land you control enters, put a quest counter on ~.
{5}{B}, Sacrifice ~: Put target creature card from a graveyard onto the battlefield under your control. This ability costs {1} less to activate for each quest counter on ~. Activate only as a sorcery."
106,Fetid Gargantua,101.43163750500025,False,"No terminal matches 'A' in the current parser context, at line 1 col 9

{2}{B}: Adapt 2. (If this creature has no +1/+1 
        ^
Expected one of: 
	* DO
	* DOUBLE
	* CLOAK
	* AFTER
	* SUBTYPEARTIFACT
	* SURVEIL
	* WOULD
	* EXCHANGE
	* AS
	* SKIP
	* HERSELF
	* SWITCH
	* ALL
	* LBRACE
	* ITSELF
	* WHEN
	* SUBTYPECREATUREB
	* LSQB
	* SEARCHED
	* NUMBER
	* SCRY
	* SPEND
	* NO
	* SUBTYPECREATUREA
	* SUPERTYPE
	* INVESTIGATE
	* CYCLED
	* OTHER
	* UNTAP
	* PLAYED
	* CREATE
	* GAINED
	* COUNTER
	* COLORTERM
	* AN
	* DAMAGETYPE
	* DASH
	* REGENERATE
	* PLAY
	* SACRIFICE
	* SHUFFLE
	* CLASH
	* X
	* INCUBATE
	* ADDITIONAL
	* DISCARD
	* WHENEVER
	* BLOCK
	* BEEN
	* UNTAPSYMBOL
	* SHUFFLED
	* ABILITYMODIFIER
	* ON
	* LESS
	* QUALIFIER
	* LEVEL
	* WITHOUT
	* BLOCKED
	* UNATTACHED
	* LOOK
	* SUSPECT
	* PLAYERCHARACTERISTIC
	* EXILE
	* TAPPEDSTATUSMODIFIER
	* REMAIN
	* REVEAL
	* TURN
	* EQUAL
	* AT
	* ONTO
	* YOUR
	* TYPE
	* SUBTYPELAND
	* UP
	* EFFECTSTATUSMODIFIER
	* THEM
	* TRANSFORM
	* FLIP
	* GET
	* ABLE
	* __ANON_19
	* THOSE
	* SUBTYPEENCHANTMENT
	* OBJECTCHARACTERISTIC
	* TIMES
	* RETURN
	* PROLIFERATE
	* LOOKED
	* TARGET
	* PLAYERTERM
	* BE
	* __ANON_14
	* DETAIN
	* CONTROL
	* NON
	* DIE
	* THEN
	* WITH
	* REVEALED
	* CAST
	* STAR
	* GAIN
	* CHOSE
	* FORAGE
	* INTO
	* DISCOVER
	* MAY
	* ATTACH
	* CARDINAL
	* DISCARDED
	* ATTACK
	* UNATTACH
	* WHO
	* CAN
	* PUT
	* LOSE
	* ATTACKED
	* A
	* TAPSYMBOL
	* CYCLE
	* SUBTYPESPELL
	* THEIR
	* DEAL
	* SUPPORT
	* HIMSELF
	* __ANON_17
	* THE
	* ADAPT
	* WHILE
	* MONSTROSITY
	* SACRIFICED
	* IS
	* IT
	* ABANDON
	* IF
	* ACTIVATE
	* ANY
	* BECOME
	* DRAW
	* GOAD
	* MILL
	* AMASS
	* PREVENT
	* EXERT
	* CHOOSE
	* ORDINAL
	* HAVE
	* DREW
	* BOLSTER
	* CONNIVE
	* FROM
	* FREQUENCY
	* ATTACHED
	* TAKE
	* MANIFEST
	* __ANON_21
	* IN
	* ZONE
	* SEARCH
	* THAT
	* ONLY
	* __ANON_18
	* CONVERT
	* THIS
	* WIN
	* CONTROLLED
	* DESTROY
	* SUBTYPEPLANAR
	* UNTIL
	* COMBATSTATUSMODIFIER
	* FOR
	* PAY
	* LEARN
	* HAD
	* REMOVE
	* ITS
	* SAME
	* POPULATE
	* GREATER
	* MELD
	* SUBTYPEPLANESWALKER
	* __ANON_15
	* THESE
	* FATESEAL
	* NAMEREFSYMBOL
	* UNDER
	* OTHERWISE
	* FIGHT
	* EACH
	* MORE
	* DOES
	* ASSIGN
	* ADD
	* TURNED
	* HAS
	* KEYWORDSTATUSMODIFIER
	* TAP
	* EXPLORES
	* __ANON_20
","{2}{B}: Adapt 2. (If this creature has no +1/+1 counters on it, put two +1/+1 counters on it.)
Whenever one or more +1/+1 counters are put on ~, you may draw two cards. If you do, you lose 2 life."
107,Warren Soultrader,28.326632186999632,False,"No terminal matches '1' in the current parser context, at line 1 col 5

Pay 1 life, Sacrifice another creature: Crea
    ^
Expected one of: 
	* WORD
	* DASH
","Pay 1 life, Sacrifice another creature: Create a Treasure token. (it is an artifact with ""{T}, Sacrifice this artifact: Add one mana of any color."".)"
108,Wither and Bloom,27.176530958000512,False,"No terminal matches '-' in the current parser context, at line 1 col 22

Target creature gets -3/-3 until end of turn.
                     ^
Expected one of: 
	* WORD
	* DASH
","Target creature gets -3/-3 until end of turn.
{1}{B}, Exile ~ from your graveyard: Put a +1/+1 counter on target creature you control. Activate only as a sorcery."
109,Wurmcoil Larva,27.279309905000446,False,"No terminal matches ',' in the current parser context, at line 1 col 11

Deathtouch, lifelink
          ^
Expected one of: 
	* WORD
	* DASH
","Deathtouch, lifelink
When ~ dies, create a 1/2 black Phyrexian Wurm artifact creature token with deathtouch and a 2/1 black Phyrexian Wurm artifact creature token with lifelink."
110,Amped Raptor,27.732541504000437,False,"No terminal matches '~' in the current parser context, at line 2 col 6

When ~ enters, you get {E}{E} (two energy cou
     ^
Expected one of: 
	* WORD
	* DASH
","First strike
When ~ enters, you get {E}{E} (two energy counters). Then if you cast it from your hand, exile cards from the top of your library until you exile a nonland card. You may cast that card by paying an amount of {E} equal to its mana value rather than paying its mana cost."
111,"Ashling, Flame Dancer",26.92907856599959,False,"No terminal matches '.' in the current parser context, at line 1 col 57

unspent red mana as steps and phases end.
                                        ^
Expected one of: 
	* WORD
	* DASH
","You do not lose unspent red mana as steps and phases end.
Magecraft — Whenever you cast or copy an instant or sorcery spell, discard a card, then draw a card. If this is the second time this ability has resolved this turn, ~f deals 2 damage to each opponent and each creature they control. If it is the third time, add {R}{R}{R}{R}."
112,Eldrazi Linebreaker,26.27764337700046,False,"No terminal matches '(' in the current parser context, at line 1 col 8

Devoid (This card has no color.)
       ^
Expected one of: 
	* WORD
	* DASH
","Devoid (This card has no color.)
Trample
At the beginning of combat on your turn, target creature you control gains haste and gets +X/+0 until end of turn, where X is the number of Eldrazi you control."
113,Fanged Flames,24.83808429600049,False,"No terminal matches '(' in the current parser context, at line 1 col 8

Devoid (This card has no color.)
       ^
Expected one of: 
	* WORD
	* DASH
","Devoid (This card has no color.)
~ deals 4 damage to target creature or planeswalker. If that creature or planeswalker would die this turn, exile it instead."
114,Aether Revolt,54.096330262000265,False,"No terminal matches 'A' in the current parser context, at line 1 col 10

Revolt — As long as a permanent you controlled le
         ^
Expected one of: 
	* DO
	* DOUBLE
	* CLOAK
	* AFTER
	* SUBTYPEARTIFACT
	* SURVEIL
	* WOULD
	* EXCHANGE
	* AS
	* SKIP
	* HERSELF
	* SWITCH
	* ALL
	* LBRACE
	* ITSELF
	* WHEN
	* SUBTYPECREATUREB
	* LSQB
	* SEARCHED
	* NUMBER
	* SCRY
	* SPEND
	* NO
	* SUBTYPECREATUREA
	* SUPERTYPE
	* INVESTIGATE
	* CYCLED
	* OTHER
	* UNTAP
	* PLAYED
	* CREATE
	* GAINED
	* COUNTER
	* COLORTERM
	* AN
	* DAMAGETYPE
	* DASH
	* REGENERATE
	* PLAY
	* SACRIFICE
	* SHUFFLE
	* CLASH
	* X
	* INCUBATE
	* ADDITIONAL
	* DISCARD
	* WHENEVER
	* BLOCK
	* BEEN
	* UNTAPSYMBOL
	* SHUFFLED
	* ABILITYMODIFIER
	* ON
	* LESS
	* QUALIFIER
	* LEVEL
	* WITHOUT
	* BLOCKED
	* UNATTACHED
	* LOOK
	* SUSPECT
	* PLAYERCHARACTERISTIC
	* EXILE
	* TAPPEDSTATUSMODIFIER
	* REMAIN
	* REVEAL
	* TURN
	* EQUAL
	* AT
	* ONTO
	* YOUR
	* TYPE
	* SUBTYPELAND
	* UP
	* EFFECTSTATUSMODIFIER
	* THEM
	* TRANSFORM
	* FLIP
	* GET
	* ABLE
	* __ANON_19
	* THOSE
	* SUBTYPEENCHANTMENT
	* OBJECTCHARACTERISTIC
	* TIMES
	* RETURN
	* PROLIFERATE
	* LOOKED
	* TARGET
	* PLAYERTERM
	* BE
	* __ANON_14
	* DETAIN
	* CONTROL
	* NON
	* DIE
	* THEN
	* WITH
	* REVEALED
	* CAST
	* STAR
	* GAIN
	* CHOSE
	* FORAGE
	* INTO
	* DISCOVER
	* MAY
	* ATTACH
	* CARDINAL
	* DISCARDED
	* ATTACK
	* UNATTACH
	* WHO
	* CAN
	* PUT
	* LOSE
	* ATTACKED
	* A
	* TAPSYMBOL
	* CYCLE
	* SUBTYPESPELL
	* THEIR
	* DEAL
	* SUPPORT
	* HIMSELF
	* __ANON_17
	* THE
	* ADAPT
	* WHILE
	* MONSTROSITY
	* SACRIFICED
	* IS
	* IT
	* ABANDON
	* IF
	* ACTIVATE
	* ANY
	* BECOME
	* DRAW
	* GOAD
	* MILL
	* AMASS
	* PREVENT
	* EXERT
	* CHOOSE
	* ORDINAL
	* HAVE
	* DREW
	* BOLSTER
	* CONNIVE
	* FROM
	* FREQUENCY
	* ATTACHED
	* TAKE
	* MANIFEST
	* __ANON_21
	* IN
	* ZONE
	* SEARCH
	* THAT
	* ONLY
	* __ANON_18
	* CONVERT
	* THIS
	* WIN
	* CONTROLLED
	* DESTROY
	* SUBTYPEPLANAR
	* UNTIL
	* COMBATSTATUSMODIFIER
	* FOR
	* PAY
	* LEARN
	* HAD
	* REMOVE
	* ITS
	* SAME
	* POPULATE
	* GREATER
	* MELD
	* SUBTYPEPLANESWALKER
	* __ANON_15
	* THESE
	* FATESEAL
	* NAMEREFSYMBOL
	* UNDER
	* OTHERWISE
	* FIGHT
	* EACH
	* MORE
	* DOES
	* ASSIGN
	* ADD
	* TURNED
	* HAS
	* KEYWORDSTATUSMODIFIER
	* TAP
	* EXPLORES
	* __ANON_20
","Revolt — As long as a permanent you controlled left the battlefield this turn, if a source you control would deal noncombat damage to an opponent or a permanent an opponent controls, it deals that much damage plus 2 instead.
Whenever you get one or more {E}, ~ deals that much damage to any target."
115,Flare of Duplication,25.83858985900042,False,"No terminal matches ''' in the current parser context, at line 1 col 69

 red creature rather than pay this spell's mana cost.
                                        ^
Expected one of: 
	* WORD
	* DASH
","You may sacrifice a nontoken red creature rather than pay this spell's mana cost.
Copy target instant or sorcery spell. You may choose new targets for the copy."
116,Retrofitted Transmogrant,94.69428020899977,False,"No terminal matches 'R' in the current parser context, at line 1 col 9

{3}{B}: Return ~ from your graveyard to the batt
        ^
Expected one of: 
	* DO
	* DOUBLE
	* CLOAK
	* AFTER
	* SUBTYPEARTIFACT
	* SURVEIL
	* WOULD
	* EXCHANGE
	* AS
	* SKIP
	* HERSELF
	* SWITCH
	* ALL
	* LBRACE
	* ITSELF
	* WHEN
	* SUBTYPECREATUREB
	* LSQB
	* SEARCHED
	* NUMBER
	* SCRY
	* SPEND
	* NO
	* SUBTYPECREATUREA
	* SUPERTYPE
	* INVESTIGATE
	* CYCLED
	* OTHER
	* UNTAP
	* PLAYED
	* CREATE
	* GAINED
	* COUNTER
	* COLORTERM
	* AN
	* DAMAGETYPE
	* DASH
	* REGENERATE
	* PLAY
	* SACRIFICE
	* SHUFFLE
	* CLASH
	* X
	* INCUBATE
	* ADDITIONAL
	* DISCARD
	* WHENEVER
	* BLOCK
	* BEEN
	* UNTAPSYMBOL
	* SHUFFLED
	* ABILITYMODIFIER
	* ON
	* LESS
	* QUALIFIER
	* LEVEL
	* WITHOUT
	* BLOCKED
	* UNATTACHED
	* LOOK
	* SUSPECT
	* PLAYERCHARACTERISTIC
	* EXILE
	* TAPPEDSTATUSMODIFIER
	* REMAIN
	* REVEAL
	* TURN
	* EQUAL
	* AT
	* ONTO
	* YOUR
	* TYPE
	* SUBTYPELAND
	* UP
	* EFFECTSTATUSMODIFIER
	* THEM
	* TRANSFORM
	* FLIP
	* GET
	* ABLE
	* __ANON_19
	* THOSE
	* SUBTYPEENCHANTMENT
	* OBJECTCHARACTERISTIC
	* TIMES
	* RETURN
	* PROLIFERATE
	* LOOKED
	* TARGET
	* PLAYERTERM
	* BE
	* __ANON_14
	* DETAIN
	* CONTROL
	* NON
	* DIE
	* THEN
	* WITH
	* REVEALED
	* CAST
	* STAR
	* GAIN
	* CHOSE
	* FORAGE
	* INTO
	* DISCOVER
	* MAY
	* ATTACH
	* CARDINAL
	* DISCARDED
	* ATTACK
	* UNATTACH
	* WHO
	* CAN
	* PUT
	* LOSE
	* ATTACKED
	* A
	* TAPSYMBOL
	* CYCLE
	* SUBTYPESPELL
	* THEIR
	* DEAL
	* SUPPORT
	* HIMSELF
	* __ANON_17
	* THE
	* ADAPT
	* WHILE
	* MONSTROSITY
	* SACRIFICED
	* IS
	* IT
	* ABANDON
	* IF
	* ACTIVATE
	* ANY
	* BECOME
	* DRAW
	* GOAD
	* MILL
	* AMASS
	* PREVENT
	* EXERT
	* CHOOSE
	* ORDINAL
	* HAVE
	* DREW
	* BOLSTER
	* CONNIVE
	* FROM
	* FREQUENCY
	* ATTACHED
	* TAKE
	* MANIFEST
	* __ANON_21
	* IN
	* ZONE
	* SEARCH
	* THAT
	* ONLY
	* __ANON_18
	* CONVERT
	* THIS
	* WIN
	* CONTROLLED
	* DESTROY
	* SUBTYPEPLANAR
	* UNTIL
	* COMBATSTATUSMODIFIER
	* FOR
	* PAY
	* LEARN
	* HAD
	* REMOVE
	* ITS
	* SAME
	* POPULATE
	* GREATER
	* MELD
	* SUBTYPEPLANESWALKER
	* __ANON_15
	* THESE
	* FATESEAL
	* NAMEREFSYMBOL
	* UNDER
	* OTHERWISE
	* FIGHT
	* EACH
	* MORE
	* DOES
	* ASSIGN
	* ADD
	* TURNED
	* HAS
	* KEYWORDSTATUSMODIFIER
	* TAP
	* EXPLORES
	* __ANON_20
",{3}{B}: Return ~ from your graveyard to the battlefield tapped with two +1/+1 counters on it.
117,Frogmyr Enforcer,25.65128710099998,False,"No terminal matches '{' in the current parser context, at line 1 col 11

Prototype {3}{R} — 2/2 (You may cast this spell wi
          ^
Expected one of: 
	* WORD
	* DASH
","Prototype {3}{R} — 2/2 (You may cast this spell with different mana cost, color, and size. It keeps its abilities and types.)
Affinity for artifacts (This spell costs {1} less to cast for each artifact you control.)"
118,Furnace Hellkite,28.56221001599988,False,"No terminal matches '(' in the current parser context, at line 1 col 24

Affinity for artifacts (This spell costs {1} less to cast for e
                       ^
Expected one of: 
	* WORD
	* DASH
","Affinity for artifacts (This spell costs {1} less to cast for each artifact you control.)
Flying
{R}: ~ gets +1/+0 until end of turn."
119,Galvanic Discharge,27.640901818999737,False,"No terminal matches '.' in the current parser context, at line 1 col 39

Choose target creature or planeswalker. You get {E}{E}{E} (three energy counte
                                      ^
Expected one of: 
	* WORD
	* DASH
","Choose target creature or planeswalker. You get {E}{E}{E} (three energy counters), then you may pay any amount of {E}. ~ deals that much damage to that permanent."
120,Ghostfire Slice,24.51586451000003,False,"No terminal matches '(' in the current parser context, at line 1 col 8

Devoid (This card has no color.)
       ^
Expected one of: 
	* WORD
	* DASH
","Devoid (This card has no color.)
This spell costs {2} less to cast if an opponent controls a multicolored permanent.
~ deals 4 damage to any target."
121,Glimpse the Impossible,27.065829335999297,False,"No terminal matches '.' in the current parser context, at line 1 col 42

xile the top three cards of your library. You may play those cards this turn. At
                                        ^
Expected one of: 
	* WORD
	* DASH
","Exile the top three cards of your library. You may play those cards this turn. At the beginning of the next end step, if any of those cards remain exiled, put them into your graveyard, then create a 0/1 colorless Eldrazi Spawn creature token for each card put into your graveyard this way. Those tokens have ""Sacrifice this creature: Add {C}.""."
122,Infernal Captor,30.42690806399969,False,"No terminal matches '(' in the current parser context, at line 1 col 9

Exploit (When this creature enters, you may sacr
        ^
Expected one of: 
	* WORD
	* DASH
","Exploit (When this creature enters, you may sacrifice a creature.)
When ~ exploits a creature, gain control of target artifact or creature until end of turn. Untap that permanent. It gains haste until end of turn."
123,Inventor's Axe,30.1933802880003,False,"No terminal matches '~' in the current parser context, at line 2 col 6

When ~ enters, you get {E}{E} (two energy cou
     ^
Expected one of: 
	* WORD
	* DASH
","Flash
When ~ enters, you get {E}{E} (two energy counters).
When ~ enters, attach it to target creature you control.
Equipped creature gets +2/+0.
Equip—Pay {E}{E}."
124,Mogg Mob,23.423838665000403,False,"No terminal matches '~' in the current parser context, at line 1 col 11

Sacrifice ~: It deals 3 damage divided as you choo
          ^
Expected one of: 
	* WORD
	* DASH
","Sacrifice ~: It deals 3 damage divided as you choose among one, two, or three targets."
125,Party Thrasher,26.239164628000253,False,"No terminal matches '.' in the current parser context, at line 1 col 52

 spells you cast from exile have convoke. (Each creature you tap while casting a
                                        ^
Expected one of: 
	* WORD
	* DASH
","Noncreature spells you cast from exile have convoke. (Each creature you tap while casting a noncreature spell from exile pays for {1} or one mana of that creature's color.)
At the beginning of your first main phase, you may discard a card. If you do, exile the top two cards of your library, then choose one of them. You may play that card this turn."
126,Molten Gatekeeper,28.08153084100013,False,"No terminal matches ',' in the current parser context, at line 1 col 45

ever another creature you control enters, ~ deals 1 damage to each opponent.
                                        ^
Expected one of: 
	* WORD
	* DASH
","Whenever another creature you control enters, ~ deals 1 damage to each opponent.
Unearth {R} ({R}: Return this card from your graveyard to the battlefield. It gains haste. Exile it at the beginning of the next end step or if it would leave the battlefield. Unearth only as a sorcery.)"
127,Phyrexian Ironworks,29.178813575000277,False,"No terminal matches ',' in the current parser context, at line 1 col 20

Whenever you attack, you get {E} (an energy counter).
                   ^
Expected one of: 
	* WORD
	* DASH
","Whenever you attack, you get {E} (an energy counter).
{T}, Pay {E}{E}{E}: Create a 3/3 colorless Phyrexian Golem artifact creature token. Activate only as a sorcery."
128,Detective's Phoenix,95.4415567899996,False,"No terminal matches 'C' in the current parser context, at line 1 col 13

Bestow—{R}, Collect evidence 6. (To pay this bestow 
            ^
Expected one of: 
	* DOUBLE
	* CLOAK
	* SUBTYPEARTIFACT
	* SURVEIL
	* EXCHANGE
	* SKIP
	* HERSELF
	* SWITCH
	* ALL
	* LBRACE
	* ITSELF
	* SUBTYPECREATUREB
	* LSQB
	* SEARCHED
	* NUMBER
	* SCRY
	* SPEND
	* NO
	* SUBTYPECREATUREA
	* SUPERTYPE
	* INVESTIGATE
	* CYCLED
	* OTHER
	* UNTAP
	* PLAYED
	* CREATE
	* GAINED
	* COUNTER
	* COLORTERM
	* AN
	* DAMAGETYPE
	* REGENERATE
	* PLAY
	* SACRIFICE
	* CLASH
	* SHUFFLE
	* INCUBATE
	* X
	* ADDITIONAL
	* DISCARD
	* BLOCK
	* UNTAPSYMBOL
	* SHUFFLED
	* ABILITYMODIFIER
	* ON
	* LESS
	* QUALIFIER
	* LEVEL
	* WITHOUT
	* BLOCKED
	* UNATTACHED
	* LOOK
	* SUSPECT
	* PLAYERCHARACTERISTIC
	* EXILE
	* TAPPEDSTATUSMODIFIER
	* REMAIN
	* REVEAL
	* TURN
	* EQUAL
	* ONTO
	* YOUR
	* TYPE
	* SUBTYPELAND
	* UP
	* EFFECTSTATUSMODIFIER
	* THEM
	* TRANSFORM
	* FLIP
	* GET
	* ABLE
	* __ANON_19
	* THOSE
	* SUBTYPEENCHANTMENT
	* OBJECTCHARACTERISTIC
	* PROLIFERATE
	* RETURN
	* TIMES
	* LOOKED
	* TARGET
	* PLAYERTERM
	* __ANON_14
	* DETAIN
	* CONTROL
	* NON
	* DIE
	* WITH
	* REVEALED
	* CAST
	* CHOSE
	* GAIN
	* FORAGE
	* STAR
	* INTO
	* DISCOVER
	* ATTACH
	* CARDINAL
	* DISCARDED
	* ATTACK
	* UNATTACH
	* WHO
	* PUT
	* LOSE
	* ATTACKED
	* CYCLE
	* A
	* SUBTYPESPELL
	* TAPSYMBOL
	* THEIR
	* DEAL
	* SUPPORT
	* __ANON_17
	* HIMSELF
	* THE
	* ADAPT
	* MONSTROSITY
	* SACRIFICED
	* ABANDON
	* IT
	* ACTIVATE
	* ANY
	* DRAW
	* GOAD
	* MILL
	* AMASS
	* PREVENT
	* EXERT
	* CHOOSE
	* DREW
	* BOLSTER
	* ORDINAL
	* CONNIVE
	* FROM
	* FREQUENCY
	* ATTACHED
	* TAKE
	* MANIFEST
	* __ANON_21
	* IN
	* ZONE
	* SEARCH
	* ONLY
	* THAT
	* __ANON_18
	* CONVERT
	* THIS
	* WIN
	* CONTROLLED
	* DESTROY
	* SUBTYPEPLANAR
	* COMBATSTATUSMODIFIER
	* PAY
	* LEARN
	* REMOVE
	* ITS
	* SAME
	* POPULATE
	* MELD
	* GREATER
	* SUBTYPEPLANESWALKER
	* __ANON_15
	* THESE
	* FATESEAL
	* NAMEREFSYMBOL
	* UNDER
	* FIGHT
	* EACH
	* TURNED
	* ASSIGN
	* MORE
	* ADD
	* KEYWORDSTATUSMODIFIER
	* TAP
	* EXPLORES
	* __ANON_20
","Bestow—{R}, Collect evidence 6. (To pay this bestow cost, pay {R} and exile cards with total mana value 6 or greater from your graveyard.)
Flying, haste
Enchanted creature gets +2/+2 and has flying and haste.
You may cast ~ from your graveyard using its bestow ability."
129,Powerbalance,27.351585385999897,False,"No terminal matches ',' in the current parser context, at line 1 col 35

Whenever an opponent casts a spell, you may reveal the top card of your li
                                  ^
Expected one of: 
	* WORD
	* DASH
","Whenever an opponent casts a spell, you may reveal the top card of your library. If you do, you may cast that card without paying its mana cost if the two spells have the same mana value."
130,Sarpadian Simulacrum,28.561939154000356,False,"No terminal matches '{' in the current parser context, at line 2 col 1

{3}{R}, Sacrifice ~: It deals 4 damage t
^
Expected one of: 
	* WORD
	* DASH
","Haste
{3}{R}, Sacrifice ~: It deals 4 damage to target creature."
131,Siege Smash,26.850344933000088,False,"No terminal matches '(' in the current parser context, at line 1 col 14

Split second (As long as this spell is on the stack, 
             ^
Expected one of: 
	* WORD
	* DASH
","Split second (As long as this spell is on the stack, players can not cast spells or activate abilities that are not mana abilities.)
Choose one —
• Destroy target artifact.
• Target creature gets +3/+2 and gains trample until end of turn."
132,Skittering Precursor,27.554316442000527,False,"No terminal matches '(' in the current parser context, at line 1 col 8

Devoid (This card has no color.)
       ^
Expected one of: 
	* WORD
	* DASH
","Devoid (This card has no color.)
Menace
Whenever you sacrifice a nontoken permanent, create a 0/1 colorless Eldrazi Spawn creature token with ""Sacrifice this creature: Add {C}.""."
133,"Skoa, Embermage",26.745497772000817,False,"No terminal matches '~' in the current parser context, at line 1 col 6

When ~f enters, it deals 4 damage to any targ
     ^
Expected one of: 
	* WORD
	* DASH
","When ~f enters, it deals 4 damage to any target.
Grandeur — Discard another card named ~f, Sacrifice two Mountains: ~ deals 4 damage to any target."
134,Reckless Pyrosurfer,51.75173457700021,False,"No terminal matches 'W' in the current parser context, at line 2 col 12

Landfall — Whenever a land you control enters, ~ ga
           ^
Expected one of: 
	* DO
	* DOUBLE
	* CLOAK
	* AFTER
	* SUBTYPEARTIFACT
	* SURVEIL
	* WOULD
	* EXCHANGE
	* AS
	* SKIP
	* HERSELF
	* SWITCH
	* ALL
	* LBRACE
	* ITSELF
	* WHEN
	* SUBTYPECREATUREB
	* LSQB
	* SEARCHED
	* NUMBER
	* SCRY
	* SPEND
	* NO
	* SUBTYPECREATUREA
	* SUPERTYPE
	* INVESTIGATE
	* CYCLED
	* OTHER
	* UNTAP
	* PLAYED
	* CREATE
	* GAINED
	* COUNTER
	* COLORTERM
	* AN
	* DAMAGETYPE
	* DASH
	* REGENERATE
	* PLAY
	* SACRIFICE
	* SHUFFLE
	* CLASH
	* X
	* INCUBATE
	* ADDITIONAL
	* DISCARD
	* WHENEVER
	* BLOCK
	* BEEN
	* UNTAPSYMBOL
	* SHUFFLED
	* ABILITYMODIFIER
	* ON
	* LESS
	* QUALIFIER
	* LEVEL
	* WITHOUT
	* BLOCKED
	* UNATTACHED
	* LOOK
	* SUSPECT
	* PLAYERCHARACTERISTIC
	* EXILE
	* TAPPEDSTATUSMODIFIER
	* REMAIN
	* REVEAL
	* TURN
	* EQUAL
	* AT
	* ONTO
	* YOUR
	* TYPE
	* SUBTYPELAND
	* UP
	* EFFECTSTATUSMODIFIER
	* THEM
	* TRANSFORM
	* FLIP
	* GET
	* ABLE
	* __ANON_19
	* THOSE
	* SUBTYPEENCHANTMENT
	* OBJECTCHARACTERISTIC
	* TIMES
	* RETURN
	* PROLIFERATE
	* LOOKED
	* TARGET
	* PLAYERTERM
	* BE
	* __ANON_14
	* DETAIN
	* CONTROL
	* NON
	* DIE
	* THEN
	* WITH
	* REVEALED
	* CAST
	* STAR
	* GAIN
	* CHOSE
	* FORAGE
	* INTO
	* DISCOVER
	* MAY
	* ATTACH
	* CARDINAL
	* DISCARDED
	* ATTACK
	* UNATTACH
	* WHO
	* CAN
	* PUT
	* LOSE
	* ATTACKED
	* A
	* TAPSYMBOL
	* CYCLE
	* SUBTYPESPELL
	* THEIR
	* DEAL
	* SUPPORT
	* HIMSELF
	* __ANON_17
	* THE
	* ADAPT
	* WHILE
	* MONSTROSITY
	* SACRIFICED
	* IS
	* IT
	* ABANDON
	* IF
	* ACTIVATE
	* ANY
	* BECOME
	* DRAW
	* GOAD
	* MILL
	* AMASS
	* PREVENT
	* EXERT
	* CHOOSE
	* ORDINAL
	* HAVE
	* DREW
	* BOLSTER
	* CONNIVE
	* FROM
	* FREQUENCY
	* ATTACHED
	* TAKE
	* MANIFEST
	* __ANON_21
	* IN
	* ZONE
	* SEARCH
	* THAT
	* ONLY
	* __ANON_18
	* CONVERT
	* THIS
	* WIN
	* CONTROLLED
	* DESTROY
	* SUBTYPEPLANAR
	* UNTIL
	* COMBATSTATUSMODIFIER
	* FOR
	* PAY
	* LEARN
	* HAD
	* REMOVE
	* ITS
	* SAME
	* POPULATE
	* GREATER
	* MELD
	* SUBTYPEPLANESWALKER
	* __ANON_15
	* THESE
	* FATESEAL
	* NAMEREFSYMBOL
	* UNDER
	* OTHERWISE
	* FIGHT
	* EACH
	* MORE
	* DOES
	* ASSIGN
	* ADD
	* TURNED
	* HAS
	* KEYWORDSTATUSMODIFIER
	* TAP
	* EXPLORES
	* __ANON_20
","Haste
Landfall — Whenever a land you control enters, ~ gains battle cry until end of turn. (Whenever this creature attacks, each other attacking creature gets +1/+0 until end of turn. Each instance of battle cry triggers separately.)"
135,Reiterating Bolt,50.034388283000226,False,"No terminal matches 'P' in the current parser context, at line 1 col 11

Replicate—Pay {E}{E}{E}. (When you cast this spell
          ^
Expected one of: 
	* DO
	* DOUBLE
	* CLOAK
	* AFTER
	* SUBTYPEARTIFACT
	* SURVEIL
	* WOULD
	* EXCHANGE
	* AS
	* SKIP
	* HERSELF
	* SWITCH
	* ALL
	* LBRACE
	* ITSELF
	* WHEN
	* SUBTYPECREATUREB
	* LSQB
	* SEARCHED
	* NUMBER
	* SCRY
	* SPEND
	* NO
	* SUBTYPECREATUREA
	* SUPERTYPE
	* INVESTIGATE
	* CYCLED
	* OTHER
	* UNTAP
	* PLAYED
	* CREATE
	* GAINED
	* COUNTER
	* COLORTERM
	* AN
	* DAMAGETYPE
	* DASH
	* REGENERATE
	* PLAY
	* SACRIFICE
	* SHUFFLE
	* CLASH
	* X
	* INCUBATE
	* ADDITIONAL
	* DISCARD
	* WHENEVER
	* BLOCK
	* BEEN
	* UNTAPSYMBOL
	* SHUFFLED
	* ABILITYMODIFIER
	* ON
	* LESS
	* QUALIFIER
	* LEVEL
	* WITHOUT
	* BLOCKED
	* UNATTACHED
	* LOOK
	* SUSPECT
	* PLAYERCHARACTERISTIC
	* EXILE
	* TAPPEDSTATUSMODIFIER
	* REMAIN
	* REVEAL
	* TURN
	* EQUAL
	* AT
	* ONTO
	* YOUR
	* TYPE
	* SUBTYPELAND
	* UP
	* EFFECTSTATUSMODIFIER
	* THEM
	* TRANSFORM
	* FLIP
	* GET
	* ABLE
	* __ANON_19
	* THOSE
	* SUBTYPEENCHANTMENT
	* OBJECTCHARACTERISTIC
	* TIMES
	* RETURN
	* PROLIFERATE
	* LOOKED
	* TARGET
	* PLAYERTERM
	* BE
	* __ANON_14
	* DETAIN
	* CONTROL
	* NON
	* DIE
	* THEN
	* WITH
	* REVEALED
	* CAST
	* STAR
	* GAIN
	* CHOSE
	* FORAGE
	* INTO
	* DISCOVER
	* MAY
	* ATTACH
	* CARDINAL
	* DISCARDED
	* ATTACK
	* UNATTACH
	* WHO
	* CAN
	* PUT
	* LOSE
	* ATTACKED
	* A
	* TAPSYMBOL
	* CYCLE
	* SUBTYPESPELL
	* THEIR
	* DEAL
	* SUPPORT
	* HIMSELF
	* __ANON_17
	* THE
	* ADAPT
	* WHILE
	* MONSTROSITY
	* SACRIFICED
	* IS
	* IT
	* ABANDON
	* IF
	* ACTIVATE
	* ANY
	* BECOME
	* DRAW
	* GOAD
	* MILL
	* AMASS
	* PREVENT
	* EXERT
	* CHOOSE
	* ORDINAL
	* HAVE
	* DREW
	* BOLSTER
	* CONNIVE
	* FROM
	* FREQUENCY
	* ATTACHED
	* TAKE
	* MANIFEST
	* __ANON_21
	* IN
	* ZONE
	* SEARCH
	* THAT
	* ONLY
	* __ANON_18
	* CONVERT
	* THIS
	* WIN
	* CONTROLLED
	* DESTROY
	* SUBTYPEPLANAR
	* UNTIL
	* COMBATSTATUSMODIFIER
	* FOR
	* PAY
	* LEARN
	* HAD
	* REMOVE
	* ITS
	* SAME
	* POPULATE
	* GREATER
	* MELD
	* SUBTYPEPLANESWALKER
	* __ANON_15
	* THESE
	* FATESEAL
	* NAMEREFSYMBOL
	* UNDER
	* OTHERWISE
	* FIGHT
	* EACH
	* MORE
	* DOES
	* ASSIGN
	* ADD
	* TURNED
	* HAS
	* KEYWORDSTATUSMODIFIER
	* TAP
	* EXPLORES
	* __ANON_20
","Replicate—Pay {E}{E}{E}. (When you cast this spell, copy it for each time you paid its replicate cost. You may choose new targets for the copies.)
~ deals 3 damage to target creature or planeswalker."
136,Smelted Chargebug,24.00922406399968,False,"No terminal matches '~' in the current parser context, at line 2 col 6

When ~ enters, you get {E}{E} (two energy cou
     ^
Expected one of: 
	* WORD
	* DASH
","Menace
When ~ enters, you get {E}{E} (two energy counters).
Whenever ~ attacks, you may pay {E}. If you do, another target attacking creature gets +1/+0 and gains menace until end of turn."
137,Unstable Amulet,22.93964689799941,False,"No terminal matches '~' in the current parser context, at line 1 col 6

When ~ enters, you get {E}{E} (two energy cou
     ^
Expected one of: 
	* WORD
	* DASH
","When ~ enters, you get {E}{E} (two energy counters).
Whenever you cast a spell from anywhere other than your hand, ~ deals 1 damage to each opponent.
{T}, Pay {E}{E}: Exile the top card of your library. You may play it until you exile another card with ~."
138,Spawn-Gang Commander,27.225800275000438,False,"No terminal matches '(' in the current parser context, at line 1 col 8

Devoid (This card has no color.)
       ^
Expected one of: 
	* WORD
	* DASH
","Devoid (This card has no color.)
When you cast this spell, create three 0/1 colorless Eldrazi Spawn creature tokens with ""Sacrifice this creature: Add {C}."".
{1}{C}, Sacrifice an Eldrazi: ~ deals 2 damage to any target."
139,Thriving Skyclaw,26.948486760000378,False,"No terminal matches '~' in the current parser context, at line 2 col 6

When ~ enters, you get {E}{E}{E} (three energ
     ^
Expected one of: 
	* WORD
	* DASH
","Flying
When ~ enters, you get {E}{E}{E} (three energy counters).
Whenever ~ attacks, you may pay {E}{E}{E}. If you do, put a +1/+1 counter on it."
140,Voidpouncer,26.759494224000264,False,"No terminal matches '(' in the current parser context, at line 1 col 8

Devoid (This card has no color.)
       ^
Expected one of: 
	* WORD
	* DASH
","Devoid (This card has no color.)
Kicker {2}{C} (You may pay an additional {2}{C} as you cast this spell.)
If ~ was kicked, it enters with two +1/+1 counters and a trample counter on it and with haste."
141,Wheel of Potential,26.543419368000286,False,"No terminal matches '{' in the current parser context, at line 1 col 9

You get {E}{E}{E} (three energy counters), then 
        ^
Expected one of: 
	* WORD
	* DASH
","You get {E}{E}{E} (three energy counters), then you may pay any amount of {E}.
Each player may exile their hand and draw a number of cards equal to the amount of {E} paid this way. If seven or more {E} was paid this way, you may play cards you own exiled this way until the end of your next turn."
142,Birthing Ritual,23.679072921000625,False,"No terminal matches ',' in the current parser context, at line 1 col 34

At the beginning of your end step, if you control a creature, look at the
                                 ^
Expected one of: 
	* WORD
	* DASH
","At the beginning of your end step, if you control a creature, look at the top seven cards of your library. Then you may sacrifice a creature. If you do, you may put a creature card with mana value X or less from among those cards onto the battlefield, where X is 1 plus the sacrificed creature's mana value. Put the rest on the bottom of your library in a random order."
143,Basking Broodscale,31.383113752999634,False,"No terminal matches '(' in the current parser context, at line 1 col 8

Devoid (This card has no color.)
       ^
Expected one of: 
	* WORD
	* DASH
","Devoid (This card has no color.)
{1}{G}: Adapt 1. (If this creature has no +1/+1 counters on it, put a +1/+1 counter on it.)
Whenever one or more +1/+1 counters are put on ~, you may create a 0/1 colorless Eldrazi Spawn creature token with ""Sacrifice this creature: Add {C}.""."
144,Colossal Dreadmask,26.22661764700024,False,"No terminal matches '(' in the current parser context, at line 1 col 15

Living weapon (When this Equipment enters, create a 0/
              ^
Expected one of: 
	* WORD
	* DASH
","Living weapon (When this Equipment enters, create a 0/0 black Phyrexian Germ creature token, then attach this to it.)
Equipped creature gets +6/+6 and has trample.
Equip {3}{G}{G}"
145,Collective Resistance,28.32240053499936,False,"No terminal matches '{' in the current parser context, at line 1 col 10

Escalate {G} (Pay this cost for each mode chosen 
         ^
Expected one of: 
	* WORD
	* DASH
","Escalate {G} (Pay this cost for each mode chosen beyond the first.)
Choose one or more —
• Destroy target artifact.
• Destroy target enchantment.
• Target creature gains hexproof and indestructible until end of turn."
146,Nethergoyf,253.3890894290007,False,"No terminal matches '1' in the current parser context, at line 1 col 125

 toughness is equal to that number plus 1.
                                        ^
Expected one of: 
	* WORD
	* DASH
","~'s power is equal to the number of card types among cards in your graveyard and its toughness is equal to that number plus 1.
Escape—{2}{B}, Exile any number of other cards from your graveyard with four or more card types among them. (You may cast this card from your graveyard for its escape cost.)"
147,"Eladamri, Korvecdal",25.941868013000203,False,"No terminal matches '.' in the current parser context, at line 1 col 54

at the top card of your library any time.
                                        ^
Expected one of: 
	* WORD
	* DASH
","You may look at the top card of your library any time.
You may cast creature spells from the top of your library.
{G}, {T}, Tap two untapped creatures you control: Reveal a card from your hand or the top card of your library. If you reveal a creature card this way, put it onto the battlefield. Activate only during your turn."
148,Eldrazi Repurposer,30.478691586999958,False,"No terminal matches '(' in the current parser context, at line 1 col 8

Devoid (This card has no color.)
       ^
Expected one of: 
	* WORD
	* DASH
","Devoid (This card has no color.)
When you cast this spell and when ~ dies, create a 0/1 colorless Eldrazi Spawn creature token with ""Sacrifice this creature: Add {C}.""."
149,Fangs of Kalonia,23.000607691999903,False,"No terminal matches '+' in the current parser context, at line 1 col 7

Put a +1/+1 counter on target creature you con
      ^
Expected one of: 
	* WORD
	* DASH
","Put a +1/+1 counter on target creature you control, then double the number of +1/+1 counters on each creature that had a +1/+1 counter put on it this way.
Overload {4}{G}{G} (You may cast this spell for its overload cost. If you do, change ""target"" in its text to ""each."".)"
150,Flare of Cultivation,27.32665955900029,False,"No terminal matches ''' in the current parser context, at line 1 col 71

reen creature rather than pay this spell's mana cost.
                                        ^
Expected one of: 
	* WORD
	* DASH
","You may sacrifice a nontoken green creature rather than pay this spell's mana cost.
Search your library for up to two basic land cards, reveal those cards, put one onto the battlefield tapped and the other into your hand, then shuffle."
151,Fowl Strike,23.276160940999944,False,"No terminal matches '.' in the current parser context, at line 1 col 36

Destroy target creature with flying.
                                   ^
Expected one of: 
	* WORD
	* DASH
","Destroy target creature with flying.
Reinforce 2—{2}{G} ({2}{G}, Discard this card: Put two +1/+1 counters on target creature.)"
152,Gift of the Viper,28.69715511800041,False,"No terminal matches '+' in the current parser context, at line 1 col 7

Put a +1/+1 counter, a reach counter, and a de
      ^
Expected one of: 
	* WORD
	* DASH
","Put a +1/+1 counter, a reach counter, and a deathtouch counter on target creature. Untap it."
153,Horrific Assault,26.141674832000717,False,"No terminal matches '.' in the current parser context, at line 1 col 114

ature or planeswalker you do not control. If you control an Eldrazi, you gain 3 
                                        ^
Expected one of: 
	* WORD
	* DASH
","Target creature you control deals damage equal to its power to target creature or planeswalker you do not control. If you control an Eldrazi, you gain 3 life."
154,Fanatic of Rhonas,52.61516922999999,False,"No terminal matches 'A' in the current parser context, at line 1 col 6

{T}: Add {G}.
     ^
Expected one of: 
	* DO
	* DOUBLE
	* CLOAK
	* AFTER
	* SUBTYPEARTIFACT
	* SURVEIL
	* WOULD
	* EXCHANGE
	* AS
	* SKIP
	* HERSELF
	* SWITCH
	* ALL
	* LBRACE
	* ITSELF
	* WHEN
	* SUBTYPECREATUREB
	* LSQB
	* SEARCHED
	* NUMBER
	* SCRY
	* SPEND
	* NO
	* SUBTYPECREATUREA
	* SUPERTYPE
	* INVESTIGATE
	* CYCLED
	* OTHER
	* UNTAP
	* PLAYED
	* CREATE
	* GAINED
	* COUNTER
	* COLORTERM
	* AN
	* DAMAGETYPE
	* DASH
	* REGENERATE
	* PLAY
	* SACRIFICE
	* SHUFFLE
	* CLASH
	* X
	* INCUBATE
	* ADDITIONAL
	* DISCARD
	* WHENEVER
	* BLOCK
	* BEEN
	* UNTAPSYMBOL
	* SHUFFLED
	* ABILITYMODIFIER
	* ON
	* LESS
	* QUALIFIER
	* LEVEL
	* WITHOUT
	* BLOCKED
	* UNATTACHED
	* LOOK
	* SUSPECT
	* PLAYERCHARACTERISTIC
	* EXILE
	* TAPPEDSTATUSMODIFIER
	* REMAIN
	* REVEAL
	* TURN
	* EQUAL
	* AT
	* ONTO
	* YOUR
	* TYPE
	* SUBTYPELAND
	* UP
	* EFFECTSTATUSMODIFIER
	* THEM
	* TRANSFORM
	* FLIP
	* GET
	* ABLE
	* __ANON_19
	* THOSE
	* SUBTYPEENCHANTMENT
	* OBJECTCHARACTERISTIC
	* TIMES
	* RETURN
	* PROLIFERATE
	* LOOKED
	* TARGET
	* PLAYERTERM
	* BE
	* __ANON_14
	* DETAIN
	* CONTROL
	* NON
	* DIE
	* THEN
	* WITH
	* REVEALED
	* CAST
	* STAR
	* GAIN
	* CHOSE
	* FORAGE
	* INTO
	* DISCOVER
	* MAY
	* ATTACH
	* CARDINAL
	* DISCARDED
	* ATTACK
	* UNATTACH
	* WHO
	* CAN
	* PUT
	* LOSE
	* ATTACKED
	* A
	* TAPSYMBOL
	* CYCLE
	* SUBTYPESPELL
	* THEIR
	* DEAL
	* SUPPORT
	* HIMSELF
	* __ANON_17
	* THE
	* ADAPT
	* WHILE
	* MONSTROSITY
	* SACRIFICED
	* IS
	* IT
	* ABANDON
	* IF
	* ACTIVATE
	* ANY
	* BECOME
	* DRAW
	* GOAD
	* MILL
	* AMASS
	* PREVENT
	* EXERT
	* CHOOSE
	* ORDINAL
	* HAVE
	* DREW
	* BOLSTER
	* CONNIVE
	* FROM
	* FREQUENCY
	* ATTACHED
	* TAKE
	* MANIFEST
	* __ANON_21
	* IN
	* ZONE
	* SEARCH
	* THAT
	* ONLY
	* __ANON_18
	* CONVERT
	* THIS
	* WIN
	* CONTROLLED
	* DESTROY
	* SUBTYPEPLANAR
	* UNTIL
	* COMBATSTATUSMODIFIER
	* FOR
	* PAY
	* LEARN
	* HAD
	* REMOVE
	* ITS
	* SAME
	* POPULATE
	* GREATER
	* MELD
	* SUBTYPEPLANESWALKER
	* __ANON_15
	* THESE
	* FATESEAL
	* NAMEREFSYMBOL
	* UNDER
	* OTHERWISE
	* FIGHT
	* EACH
	* MORE
	* DOES
	* ASSIGN
	* ADD
	* TURNED
	* HAS
	* KEYWORDSTATUSMODIFIER
	* TAP
	* EXPLORES
	* __ANON_20
","{T}: Add {G}.
Ferocious — {T}: Add {G}{G}{G}{G}. Activate only if you control a creature with power 4 or greater.
Eternalize {2}{G}{G} ({2}{G}{G}, Exile this card from your graveyard: Create a token that is a copy of it, except it is a 4/4 black Zombie Snake Druid with no mana cost. Eternalize only as a sorcery.)"
155,Hydra Trainer,25.805570710999746,False,"No terminal matches '~' in the current parser context, at line 1 col 15

You may exert ~ as it attacks. When you do, target cre
              ^
Expected one of: 
	* WORD
	* DASH
","You may exert ~ as it attacks. When you do, target creature gets +X/+X until end of turn, where X is the number of counters on permanents you control. (An exerted creature won't untap during your next untap step.)
{2}{G}: Adapt 2. (If this creature has no +1/+1 counters on it, put two +1/+1 counters on it.)"
156,Lion Umbra,27.30291561100057,False,"No terminal matches '(' in the current parser context, at line 1 col 27

Enchant modified creature (Equipment, Auras its controller control
                          ^
Expected one of: 
	* WORD
	* DASH
","Enchant modified creature (Equipment, Auras its controller controls, and counters are modifications.)
Enchanted creature gets +3/+3 and has vigilance and reach.
Umbra armor (If enchanted creature would be destroyed, instead remove all damage from it and destroy this Aura.)"
157,Malevolent Rumble,24.825817107000148,False,"No terminal matches '.' in the current parser context, at line 1 col 42

eveal the top four cards of your library. You may put a permanent card from amon
                                        ^
Expected one of: 
	* WORD
	* DASH
","Reveal the top four cards of your library. You may put a permanent card from among them into your hand. Put the rest into your graveyard. Create a 0/1 colorless Eldrazi Spawn creature token with ""Sacrifice this creature: Add {C}.""."
158,Monstrous Vortex,28.348019635000128,False,"No terminal matches '5' in the current parser context, at line 1 col 47

er you cast a creature spell with power 5 or greater, discover X, where X is tha
                                        ^
Expected one of: 
	* WORD
	* DASH
","Whenever you cast a creature spell with power 5 or greater, discover X, where X is that spell's mana value. (Exile cards from the top of your library until you exile a nonland card with that mana value or less. Cast it without paying its mana cost or put it into your hand. Put the rest on the bottom in a random order.)"
159,The Hunger Tide Rises,52.722230886000034,False,"No terminal matches ',' in the current parser context, at line 2 col 2

I, II, III — Create a 1/1 black and green
 ^
Expected one of: 
	* WORD
	* DASH
","(As this Saga enters and after your draw step, add a lore counter. Sacrifice after IV.)
I, II, III — Create a 1/1 black and green Insect creature token.
IV — Sacrifice any number of creatures. Search your library and/or graveyard for a creature card with mana value less than or equal to the number of creatures sacrificed this way and put it onto the battlefield. If you search your library this way, shuffle."
160,Nightshade Dryad,27.750059847999182,False,"No terminal matches '{' in the current parser context, at line 2 col 1

{T}: Add {C}.
^
Expected one of: 
	* WORD
	* DASH
","Deathtouch
{T}: Add {C}.
{T}: Add one mana of any color."
161,Nyxborn Hydra,27.580466227000215,False,"No terminal matches '{' in the current parser context, at line 1 col 8

Bestow {X}{G}{G} (If you cast this card for its
       ^
Expected one of: 
	* WORD
	* DASH
","Bestow {X}{G}{G} (If you cast this card for its bestow cost, it is an Aura spell with enchant creature. It becomes a creature again if it is not attached.)
Reach, trample
~ enters with X +1/+1 counters on it.
Enchanted creature gets +1/+1 for each +1/+1 counter on ~ and has reach and trample."
162,Path of Annihilation,25.731614779000665,False,"No terminal matches '(' in the current parser context, at line 1 col 8

Devoid (This card has no color.)
       ^
Expected one of: 
	* WORD
	* DASH
","Devoid (This card has no color.)
When ~ enters, create two 0/1 colorless Eldrazi Spawn creature tokens with ""Sacrifice this creature: Add {C}."".
Eldrazi you control have ""{T}: Add one mana of any color."".
Whenever you cast a creature spell with mana value 7 or greater, you gain 4 life."
163,Evolution Witness,92.62047046000043,False,"No terminal matches 'A' in the current parser context, at line 1 col 9

{1}{G}: Adapt 2. (If this creature has no +1/+1 
        ^
Expected one of: 
	* DO
	* DOUBLE
	* CLOAK
	* AFTER
	* SUBTYPEARTIFACT
	* SURVEIL
	* WOULD
	* EXCHANGE
	* AS
	* SKIP
	* HERSELF
	* SWITCH
	* ALL
	* LBRACE
	* ITSELF
	* WHEN
	* SUBTYPECREATUREB
	* LSQB
	* SEARCHED
	* NUMBER
	* SCRY
	* SPEND
	* NO
	* SUBTYPECREATUREA
	* SUPERTYPE
	* INVESTIGATE
	* CYCLED
	* OTHER
	* UNTAP
	* PLAYED
	* CREATE
	* GAINED
	* COUNTER
	* COLORTERM
	* AN
	* DAMAGETYPE
	* DASH
	* REGENERATE
	* PLAY
	* SACRIFICE
	* SHUFFLE
	* CLASH
	* X
	* INCUBATE
	* ADDITIONAL
	* DISCARD
	* WHENEVER
	* BLOCK
	* BEEN
	* UNTAPSYMBOL
	* SHUFFLED
	* ABILITYMODIFIER
	* ON
	* LESS
	* QUALIFIER
	* LEVEL
	* WITHOUT
	* BLOCKED
	* UNATTACHED
	* LOOK
	* SUSPECT
	* PLAYERCHARACTERISTIC
	* EXILE
	* TAPPEDSTATUSMODIFIER
	* REMAIN
	* REVEAL
	* TURN
	* EQUAL
	* AT
	* ONTO
	* YOUR
	* TYPE
	* SUBTYPELAND
	* UP
	* EFFECTSTATUSMODIFIER
	* THEM
	* TRANSFORM
	* FLIP
	* GET
	* ABLE
	* __ANON_19
	* THOSE
	* SUBTYPEENCHANTMENT
	* OBJECTCHARACTERISTIC
	* TIMES
	* RETURN
	* PROLIFERATE
	* LOOKED
	* TARGET
	* PLAYERTERM
	* BE
	* __ANON_14
	* DETAIN
	* CONTROL
	* NON
	* DIE
	* THEN
	* WITH
	* REVEALED
	* CAST
	* STAR
	* GAIN
	* CHOSE
	* FORAGE
	* INTO
	* DISCOVER
	* MAY
	* ATTACH
	* CARDINAL
	* DISCARDED
	* ATTACK
	* UNATTACH
	* WHO
	* CAN
	* PUT
	* LOSE
	* ATTACKED
	* A
	* TAPSYMBOL
	* CYCLE
	* SUBTYPESPELL
	* THEIR
	* DEAL
	* SUPPORT
	* HIMSELF
	* __ANON_17
	* THE
	* ADAPT
	* WHILE
	* MONSTROSITY
	* SACRIFICED
	* IS
	* IT
	* ABANDON
	* IF
	* ACTIVATE
	* ANY
	* BECOME
	* DRAW
	* GOAD
	* MILL
	* AMASS
	* PREVENT
	* EXERT
	* CHOOSE
	* ORDINAL
	* HAVE
	* DREW
	* BOLSTER
	* CONNIVE
	* FROM
	* FREQUENCY
	* ATTACHED
	* TAKE
	* MANIFEST
	* __ANON_21
	* IN
	* ZONE
	* SEARCH
	* THAT
	* ONLY
	* __ANON_18
	* CONVERT
	* THIS
	* WIN
	* CONTROLLED
	* DESTROY
	* SUBTYPEPLANAR
	* UNTIL
	* COMBATSTATUSMODIFIER
	* FOR
	* PAY
	* LEARN
	* HAD
	* REMOVE
	* ITS
	* SAME
	* POPULATE
	* GREATER
	* MELD
	* SUBTYPEPLANESWALKER
	* __ANON_15
	* THESE
	* FATESEAL
	* NAMEREFSYMBOL
	* UNDER
	* OTHERWISE
	* FIGHT
	* EACH
	* MORE
	* DOES
	* ASSIGN
	* ADD
	* TURNED
	* HAS
	* KEYWORDSTATUSMODIFIER
	* TAP
	* EXPLORES
	* __ANON_20
","{1}{G}: Adapt 2. (If this creature has no +1/+1 counters on it, put two +1/+1 counters on it.)
Whenever one or more +1/+1 counters are put on ~, return target permanent card from your graveyard to your hand."
164,Primal Prayers,28.325032204998934,False,"No terminal matches '~' in the current parser context, at line 1 col 6

When ~ enters, you get {E}{E} (two energy cou
     ^
Expected one of: 
	* WORD
	* DASH
","When ~ enters, you get {E}{E} (two energy counters).
You may cast creature spells with mana value 3 or less by paying {E} rather than paying their mana costs. If you cast a spell this way, you may cast it as though it had flash."
165,Propagator Drone,24.52366454500043,False,"No terminal matches '(' in the current parser context, at line 1 col 8

Devoid (This card has no color.)
       ^
Expected one of: 
	* WORD
	* DASH
","Devoid (This card has no color.)
Creature tokens you control have evolve. (They have ""Whenever a creature you control enters, if it has greater power or toughness than this token, put a +1/+1 counter on this token."". They see this creature enter.)
{3}{G}: Create a 0/1 colorless Eldrazi Spawn creature token with ""Sacrifice this creature: Add {C}.""."
166,Six,23.808214214001055,False,"No terminal matches '~' in the current parser context, at line 2 col 10

Whenever ~ attacks, mill three cards. You may put
         ^
Expected one of: 
	* WORD
	* DASH
","Reach
Whenever ~ attacks, mill three cards. You may put a land card from among them into your hand.
During your turn, nonland permanent cards in your graveyard have retrace. (You may cast permanent cards from your graveyard by discarding a land card in addition to paying their other costs.)"
167,Signature Slam,27.84763338599987,False,"No terminal matches '+' in the current parser context, at line 1 col 7

Put a +1/+1 counter on target creature you con
      ^
Expected one of: 
	* WORD
	* DASH
","Put a +1/+1 counter on target creature you control, then each modified creature you control deals damage equal to its power to target creature you do not control. (Equipment, Auras you control, and counters are modifications.)"
168,Springheart Nantuko,26.48470007099968,False,"No terminal matches '{' in the current parser context, at line 1 col 8

Bestow {1}{G}
       ^
Expected one of: 
	* WORD
	* DASH
","Bestow {1}{G}
Enchanted creature gets +1/+1.
Landfall — Whenever a land you control enters, you may pay {1}{G} if ~ is attached to a creature you control. If you do, create a token that is a copy of that creature. If you didn't create a token this way, create a 1/1 green Insect creature token."
169,Sowing Mycospawn,28.83286791699902,False,"No terminal matches '(' in the current parser context, at line 1 col 8

Devoid (This card has no color.)
       ^
Expected one of: 
	* WORD
	* DASH
","Devoid (This card has no color.)
Kicker {1}{C} (You may pay an additional {1}{C} as you cast this spell.)
When you cast this spell, search your library for a land card, put it onto the battlefield, then shuffle.
When you cast this spell, if it was kicked, exile target land."
170,Territory Culler,29.338996732998567,False,"No terminal matches '(' in the current parser context, at line 1 col 8

Devoid (This card has no color.)
       ^
Expected one of: 
	* WORD
	* DASH
","Devoid (This card has no color.)
Reach
Landfall — Whenever a land you control enters, look at the top card of your library. If it is a creature card, you may reveal it and put it into your hand. If you do not put the card into your hand, you may put it into your graveyard."
171,Thief of Existence,25.94425866399979,False,"No terminal matches '(' in the current parser context, at line 1 col 8

Devoid (This card has no color.)
       ^
Expected one of: 
	* WORD
	* DASH
","Devoid (This card has no color.)
When you cast this spell, exile up to one target noncreature, nonland permanent an opponent controls with mana value 4 or less. If you do, ~ gains ""When this creature leaves the battlefield, target opponent draws a card.""."
172,Wumpus Aberration,24.06311553299929,False,"No terminal matches '(' in the current parser context, at line 1 col 8

Devoid (This card has no color.)
       ^
Expected one of: 
	* WORD
	* DASH
","Devoid (This card has no color.)
When you cast this spell, if {C} wasn't spent to cast it, target opponent may put a creature card from their hand onto the battlefield.
Trample"
173,Trickster's Elk,27.148551230999146,False,"No terminal matches '{' in the current parser context, at line 1 col 8

Bestow {1}{G} (If you cast this card for its be
       ^
Expected one of: 
	* WORD
	* DASH
","Bestow {1}{G} (If you cast this card for its bestow cost, it is an Aura spell with enchant creature. It becomes a creature again if it is not attached.)
Enchanted creature loses all abilities and is a green Elk creature with base power and toughness 3/3."
174,"Arna Kennerüd, Skycaptain",25.322031927000353,False,"No terminal matches ',' in the current parser context, at line 1 col 7

Flying, lifelink
      ^
Expected one of: 
	* WORD
	* DASH
","Flying, lifelink
Ward—Discard a card.
Whenever a modified creature you control attacks, double the number of each kind of counter on it. Then for each nontoken permanent attached to it, create a token that is a copy of that permanent attached to that creature."
175,Abstruse Appropriation,27.23123412700079,False,"No terminal matches '(' in the current parser context, at line 1 col 8

Devoid (This card has no color.)
       ^
Expected one of: 
	* WORD
	* DASH
","Devoid (This card has no color.)
Exile target nonland permanent. You may cast that card for as long as it remains exiled, and you may spend colorless mana as though it were mana of any color to cast that spell."
176,Conduit Goblin,26.98211579999952,False,"No terminal matches '~' in the current parser context, at line 1 col 6

When ~ enters, you get {E}{E} (two energy cou
     ^
Expected one of: 
	* WORD
	* DASH
","When ~ enters, you get {E}{E} (two energy counters).
At the beginning of combat on your turn, you may pay {E}. If you do, another target creature you control gets +1/+0 and gains haste until end of turn."
177,Cranial Ram,26.916548863999196,False,"No terminal matches '(' in the current parser context, at line 1 col 15

Living weapon (When this Equipment enters, create a 0/
              ^
Expected one of: 
	* WORD
	* DASH
","Living weapon (When this Equipment enters, create a 0/0 black Phyrexian Germ creature token, then attach this to it.)
Equipped creature gets +X/+1, where X is the number of artifacts you control.
Equip {2}"
178,Cyclops Superconductor,26.611428801999864,False,"No terminal matches '(' in the current parser context, at line 1 col 9

Prowess (Whenever you cast a noncreature spell, 
        ^
Expected one of: 
	* WORD
	* DASH
","Prowess (Whenever you cast a noncreature spell, this creature gets +1/+1 until end of turn.)
When ~ enters, you get {E}{E}{E} (three energy counters).
When ~ dies, you may pay {E}{E}{E}. When you do, ~ deals damage equal to its power to any target."
179,Emissary of Soulfire,26.46259324300081,False,"No terminal matches '~' in the current parser context, at line 1 col 6

When ~ enters, you get {E}{E}{E} (three energ
     ^
Expected one of: 
	* WORD
	* DASH
","When ~ enters, you get {E}{E}{E} (three energy counters).
Pay {E}{E}: Put an exalted counter on target creature you control. Activate only as a sorcery. (Whenever a creature you control attacks alone, it gets +1/+1 until end of turn for each instance of exalted among permanents you control.)"
180,Faithful Watchdog,27.10821621499963,False,"No terminal matches '~' in the current parser context, at line 2 col 1

~ enters with three +1/+1 counters on it
^
Expected one of: 
	* WORD
	* DASH
","Vigilance
~ enters with three +1/+1 counters on it."
181,"Genku, Future Shaper",28.55472056099825,False,"No terminal matches ',' in the current parser context, at line 1 col 71

anent you control leaves the battlefield, choose one that hasn't been chosen thi
                                        ^
Expected one of: 
	* WORD
	* DASH
","Whenever another nontoken permanent you control leaves the battlefield, choose one that hasn't been chosen this turn. Create a creature token with those characteristics.
• 2/2 white Fox with vigilance.
• 1/2 blue Moonfolk with flying.
• 1/1 black Rat with lifelink.
{3}{W}{U}: Put a +1/+1 counter on each creature you control."
182,Golden-Tail Trainer,28.090423819001444,False,"No terminal matches '{' in the current parser context, at line 1 col 41

Aura and Equipment spells you cast cost {X} less to cast, where X is ~'s power.
                                        ^
Expected one of: 
	* WORD
	* DASH
","Aura and Equipment spells you cast cost {X} less to cast, where X is ~'s power.
Whenever ~ attacks, other modified creatures you control get +X/+X until end of turn, where X is ~'s power. (Equipment, Auras you control, and counters are modifications.)"
183,Temperamental Oozewagg,98.65349811300075,False,"No terminal matches 'A' in the current parser context, at line 1 col 9

{2}{G}: Adapt 2. (If this creature has no +1/+1 
        ^
Expected one of: 
	* DO
	* DOUBLE
	* CLOAK
	* AFTER
	* SUBTYPEARTIFACT
	* SURVEIL
	* WOULD
	* EXCHANGE
	* AS
	* SKIP
	* HERSELF
	* SWITCH
	* ALL
	* LBRACE
	* ITSELF
	* WHEN
	* SUBTYPECREATUREB
	* LSQB
	* SEARCHED
	* NUMBER
	* SCRY
	* SPEND
	* NO
	* SUBTYPECREATUREA
	* SUPERTYPE
	* INVESTIGATE
	* CYCLED
	* OTHER
	* UNTAP
	* PLAYED
	* CREATE
	* GAINED
	* COUNTER
	* COLORTERM
	* AN
	* DAMAGETYPE
	* DASH
	* REGENERATE
	* PLAY
	* SACRIFICE
	* SHUFFLE
	* CLASH
	* X
	* INCUBATE
	* ADDITIONAL
	* DISCARD
	* WHENEVER
	* BLOCK
	* BEEN
	* UNTAPSYMBOL
	* SHUFFLED
	* ABILITYMODIFIER
	* ON
	* LESS
	* QUALIFIER
	* LEVEL
	* WITHOUT
	* BLOCKED
	* UNATTACHED
	* LOOK
	* SUSPECT
	* PLAYERCHARACTERISTIC
	* EXILE
	* TAPPEDSTATUSMODIFIER
	* REMAIN
	* REVEAL
	* TURN
	* EQUAL
	* AT
	* ONTO
	* YOUR
	* TYPE
	* SUBTYPELAND
	* UP
	* EFFECTSTATUSMODIFIER
	* THEM
	* TRANSFORM
	* FLIP
	* GET
	* ABLE
	* __ANON_19
	* THOSE
	* SUBTYPEENCHANTMENT
	* OBJECTCHARACTERISTIC
	* TIMES
	* RETURN
	* PROLIFERATE
	* LOOKED
	* TARGET
	* PLAYERTERM
	* BE
	* __ANON_14
	* DETAIN
	* CONTROL
	* NON
	* DIE
	* THEN
	* WITH
	* REVEALED
	* CAST
	* STAR
	* GAIN
	* CHOSE
	* FORAGE
	* INTO
	* DISCOVER
	* MAY
	* ATTACH
	* CARDINAL
	* DISCARDED
	* ATTACK
	* UNATTACH
	* WHO
	* CAN
	* PUT
	* LOSE
	* ATTACKED
	* A
	* TAPSYMBOL
	* CYCLE
	* SUBTYPESPELL
	* THEIR
	* DEAL
	* SUPPORT
	* HIMSELF
	* __ANON_17
	* THE
	* ADAPT
	* WHILE
	* MONSTROSITY
	* SACRIFICED
	* IS
	* IT
	* ABANDON
	* IF
	* ACTIVATE
	* ANY
	* BECOME
	* DRAW
	* GOAD
	* MILL
	* AMASS
	* PREVENT
	* EXERT
	* CHOOSE
	* ORDINAL
	* HAVE
	* DREW
	* BOLSTER
	* CONNIVE
	* FROM
	* FREQUENCY
	* ATTACHED
	* TAKE
	* MANIFEST
	* __ANON_21
	* IN
	* ZONE
	* SEARCH
	* THAT
	* ONLY
	* __ANON_18
	* CONVERT
	* THIS
	* WIN
	* CONTROLLED
	* DESTROY
	* SUBTYPEPLANAR
	* UNTIL
	* COMBATSTATUSMODIFIER
	* FOR
	* PAY
	* LEARN
	* HAD
	* REMOVE
	* ITS
	* SAME
	* POPULATE
	* GREATER
	* MELD
	* SUBTYPEPLANESWALKER
	* __ANON_15
	* THESE
	* FATESEAL
	* NAMEREFSYMBOL
	* UNDER
	* OTHERWISE
	* FIGHT
	* EACH
	* MORE
	* DOES
	* ASSIGN
	* ADD
	* TURNED
	* HAS
	* KEYWORDSTATUSMODIFIER
	* TAP
	* EXPLORES
	* __ANON_20
","{2}{G}: Adapt 2. (If this creature has no +1/+1 counters on it, put two +1/+1 counters on it.)
Modified creatures you control have trample. (Equipment, Auras you control, and counters are modifications.)"
184,Horrid Shadowspinner,25.464762141000392,False,"No terminal matches '~' in the current parser context, at line 2 col 10

Whenever ~ attacks, you may draw cards equal to i
         ^
Expected one of: 
	* WORD
	* DASH
","Lifelink
Whenever ~ attacks, you may draw cards equal to its power. If you do, discard that many cards."
185,Imskir Iron-Eater,28.037559164000413,False,"No terminal matches '(' in the current parser context, at line 1 col 24

Affinity for artifacts (This spell costs {1} less to cast for e
                       ^
Expected one of: 
	* WORD
	* DASH
","Affinity for artifacts (This spell costs {1} less to cast for each artifact you control.)
When ~ enters, you draw X cards and you lose X life, where X is half the number of artifacts you control, rounded down.
{3}{R}, Sacrifice an artifact: Imskir deals damage equal to the sacrificed artifact's mana value to any target."
186,Invert Polarity,26.671679355999004,False,"No terminal matches ',' in the current parser context, at line 1 col 20

Choose target spell, then flip a coin. If you win the flip,
                   ^
Expected one of: 
	* WORD
	* DASH
","Choose target spell, then flip a coin. If you win the flip, gain control of that spell and you may choose new targets for it. If you lose the flip, counter that spell."
187,Izzet Generatorium,24.50737190700056,False,"No terminal matches '{' in the current parser context, at line 1 col 30

If you would get one or more {E} (energy counters), you get that many
                             ^
Expected one of: 
	* WORD
	* DASH
","If you would get one or more {E} (energy counters), you get that many plus one {E} instead.
{T}: Draw a card. Activate only if you have paid or lost four or more {E} this turn."
188,"Kudo, King Among Bears",26.53005035299975,False,"No terminal matches '2' in the current parser context, at line 1 col 47

creatures have base power and toughness 2/2 and are Bears in addition to their o
                                        ^
Expected one of: 
	* WORD
	* DASH
",Other creatures have base power and toughness 2/2 and are Bears in addition to their other types.
189,"Nadu, Winged Wisdom",27.82125656199969,False,"No terminal matches '""' in the current parser context, at line 2 col 28

Creatures you control have ""Whenever this creature becomes the targ
                           ^
Expected one of: 
	* WORD
	* DASH
","Flying
Creatures you control have ""Whenever this creature becomes the target of a spell or ability, reveal the top card of your library. If it is a land card, put it onto the battlefield. Otherwise, put it into your hand. This ability triggers only twice each turn.""."
190,Throw a Line,21.217597783999736,False,"No terminal matches '+' in the current parser context, at line 1 col 16

Distribute two +1/+1 counters among one or two target c
               ^
Expected one of: 
	* WORD
	* DASH
",Distribute two +1/+1 counters among one or two target creatures. (Then exile this card. You may cast the creature later from exile.)
191,Ondu Knotmaster,28.833941790999233,False,"No terminal matches ',' in the current parser context, at line 2 col 52

other modified creature you control dies, put two +1/+1 counters on ~.
                                        ^
Expected one of: 
	* WORD
	* DASH
","Lifelink
Whenever another modified creature you control dies, put two +1/+1 counters on ~."
192,Expanding Ooze,100.52731415900053,False,"No terminal matches 'A' in the current parser context, at line 1 col 9

{B}{G}: Adapt 1. (If this creature has no +1/+1 
        ^
Expected one of: 
	* DO
	* DOUBLE
	* CLOAK
	* AFTER
	* SUBTYPEARTIFACT
	* SURVEIL
	* WOULD
	* EXCHANGE
	* AS
	* SKIP
	* HERSELF
	* SWITCH
	* ALL
	* LBRACE
	* ITSELF
	* WHEN
	* SUBTYPECREATUREB
	* LSQB
	* SEARCHED
	* NUMBER
	* SCRY
	* SPEND
	* NO
	* SUBTYPECREATUREA
	* SUPERTYPE
	* INVESTIGATE
	* CYCLED
	* OTHER
	* UNTAP
	* PLAYED
	* CREATE
	* GAINED
	* COUNTER
	* COLORTERM
	* AN
	* DAMAGETYPE
	* DASH
	* REGENERATE
	* PLAY
	* SACRIFICE
	* SHUFFLE
	* CLASH
	* X
	* INCUBATE
	* ADDITIONAL
	* DISCARD
	* WHENEVER
	* BLOCK
	* BEEN
	* UNTAPSYMBOL
	* SHUFFLED
	* ABILITYMODIFIER
	* ON
	* LESS
	* QUALIFIER
	* LEVEL
	* WITHOUT
	* BLOCKED
	* UNATTACHED
	* LOOK
	* SUSPECT
	* PLAYERCHARACTERISTIC
	* EXILE
	* TAPPEDSTATUSMODIFIER
	* REMAIN
	* REVEAL
	* TURN
	* EQUAL
	* AT
	* ONTO
	* YOUR
	* TYPE
	* SUBTYPELAND
	* UP
	* EFFECTSTATUSMODIFIER
	* THEM
	* TRANSFORM
	* FLIP
	* GET
	* ABLE
	* __ANON_19
	* THOSE
	* SUBTYPEENCHANTMENT
	* OBJECTCHARACTERISTIC
	* TIMES
	* RETURN
	* PROLIFERATE
	* LOOKED
	* TARGET
	* PLAYERTERM
	* BE
	* __ANON_14
	* DETAIN
	* CONTROL
	* NON
	* DIE
	* THEN
	* WITH
	* REVEALED
	* CAST
	* STAR
	* GAIN
	* CHOSE
	* FORAGE
	* INTO
	* DISCOVER
	* MAY
	* ATTACH
	* CARDINAL
	* DISCARDED
	* ATTACK
	* UNATTACH
	* WHO
	* CAN
	* PUT
	* LOSE
	* ATTACKED
	* A
	* TAPSYMBOL
	* CYCLE
	* SUBTYPESPELL
	* THEIR
	* DEAL
	* SUPPORT
	* HIMSELF
	* __ANON_17
	* THE
	* ADAPT
	* WHILE
	* MONSTROSITY
	* SACRIFICED
	* IS
	* IT
	* ABANDON
	* IF
	* ACTIVATE
	* ANY
	* BECOME
	* DRAW
	* GOAD
	* MILL
	* AMASS
	* PREVENT
	* EXERT
	* CHOOSE
	* ORDINAL
	* HAVE
	* DREW
	* BOLSTER
	* CONNIVE
	* FROM
	* FREQUENCY
	* ATTACHED
	* TAKE
	* MANIFEST
	* __ANON_21
	* IN
	* ZONE
	* SEARCH
	* THAT
	* ONLY
	* __ANON_18
	* CONVERT
	* THIS
	* WIN
	* CONTROLLED
	* DESTROY
	* SUBTYPEPLANAR
	* UNTIL
	* COMBATSTATUSMODIFIER
	* FOR
	* PAY
	* LEARN
	* HAD
	* REMOVE
	* ITS
	* SAME
	* POPULATE
	* GREATER
	* MELD
	* SUBTYPEPLANESWALKER
	* __ANON_15
	* THESE
	* FATESEAL
	* NAMEREFSYMBOL
	* UNDER
	* OTHERWISE
	* FIGHT
	* EACH
	* MORE
	* DOES
	* ASSIGN
	* ADD
	* TURNED
	* HAS
	* KEYWORDSTATUSMODIFIER
	* TAP
	* EXPLORES
	* __ANON_20
","{B}{G}: Adapt 1. (If this creature has no +1/+1 counters on it, put a +1/+1 counter on it.)
Whenever ~ attacks, put a +1/+1 counter on target modified creature you control. (Equipment, Auras you control, and counters are modifications.)"
193,Cursed Wombat,111.3097829620001,False,"No terminal matches 'A' in the current parser context, at line 1 col 12

{2}{B}{G}: Adapt 2. (If this creature has no +1/+1 
           ^
Expected one of: 
	* DO
	* DOUBLE
	* CLOAK
	* AFTER
	* SUBTYPEARTIFACT
	* SURVEIL
	* WOULD
	* EXCHANGE
	* AS
	* SKIP
	* HERSELF
	* SWITCH
	* ALL
	* LBRACE
	* ITSELF
	* WHEN
	* SUBTYPECREATUREB
	* LSQB
	* SEARCHED
	* NUMBER
	* SCRY
	* SPEND
	* NO
	* SUBTYPECREATUREA
	* SUPERTYPE
	* INVESTIGATE
	* CYCLED
	* OTHER
	* UNTAP
	* PLAYED
	* CREATE
	* GAINED
	* COUNTER
	* COLORTERM
	* AN
	* DAMAGETYPE
	* DASH
	* REGENERATE
	* PLAY
	* SACRIFICE
	* SHUFFLE
	* CLASH
	* X
	* INCUBATE
	* ADDITIONAL
	* DISCARD
	* WHENEVER
	* BLOCK
	* BEEN
	* UNTAPSYMBOL
	* SHUFFLED
	* ABILITYMODIFIER
	* ON
	* LESS
	* QUALIFIER
	* LEVEL
	* WITHOUT
	* BLOCKED
	* UNATTACHED
	* LOOK
	* SUSPECT
	* PLAYERCHARACTERISTIC
	* EXILE
	* TAPPEDSTATUSMODIFIER
	* REMAIN
	* REVEAL
	* TURN
	* EQUAL
	* AT
	* ONTO
	* YOUR
	* TYPE
	* SUBTYPELAND
	* UP
	* EFFECTSTATUSMODIFIER
	* THEM
	* TRANSFORM
	* FLIP
	* GET
	* ABLE
	* __ANON_19
	* THOSE
	* SUBTYPEENCHANTMENT
	* OBJECTCHARACTERISTIC
	* TIMES
	* RETURN
	* PROLIFERATE
	* LOOKED
	* TARGET
	* PLAYERTERM
	* BE
	* __ANON_14
	* DETAIN
	* CONTROL
	* NON
	* DIE
	* THEN
	* WITH
	* REVEALED
	* CAST
	* STAR
	* GAIN
	* CHOSE
	* FORAGE
	* INTO
	* DISCOVER
	* MAY
	* ATTACH
	* CARDINAL
	* DISCARDED
	* ATTACK
	* UNATTACH
	* WHO
	* CAN
	* PUT
	* LOSE
	* ATTACKED
	* A
	* TAPSYMBOL
	* CYCLE
	* SUBTYPESPELL
	* THEIR
	* DEAL
	* SUPPORT
	* HIMSELF
	* __ANON_17
	* THE
	* ADAPT
	* WHILE
	* MONSTROSITY
	* SACRIFICED
	* IS
	* IT
	* ABANDON
	* IF
	* ACTIVATE
	* ANY
	* BECOME
	* DRAW
	* GOAD
	* MILL
	* AMASS
	* PREVENT
	* EXERT
	* CHOOSE
	* ORDINAL
	* HAVE
	* DREW
	* BOLSTER
	* CONNIVE
	* FROM
	* FREQUENCY
	* ATTACHED
	* TAKE
	* MANIFEST
	* __ANON_21
	* IN
	* ZONE
	* SEARCH
	* THAT
	* ONLY
	* __ANON_18
	* CONVERT
	* THIS
	* WIN
	* CONTROLLED
	* DESTROY
	* SUBTYPEPLANAR
	* UNTIL
	* COMBATSTATUSMODIFIER
	* FOR
	* PAY
	* LEARN
	* HAD
	* REMOVE
	* ITS
	* SAME
	* POPULATE
	* GREATER
	* MELD
	* SUBTYPEPLANESWALKER
	* __ANON_15
	* THESE
	* FATESEAL
	* NAMEREFSYMBOL
	* UNDER
	* OTHERWISE
	* FIGHT
	* EACH
	* MORE
	* DOES
	* ASSIGN
	* ADD
	* TURNED
	* HAS
	* KEYWORDSTATUSMODIFIER
	* TAP
	* EXPLORES
	* __ANON_20
","{2}{B}{G}: Adapt 2. (If this creature has no +1/+1 counters on it, put two +1/+1 counters on it.)
Permanents you control have ""Whenever one or more +1/+1 counters are put on this permanent, put an additional +1/+1 counter on it. This ability triggers only once each turn.""."
194,"Phlage, Titan of Fire's Fury",28.113178325000263,False,"No terminal matches '~' in the current parser context, at line 1 col 6

When ~ enters, sacrifice it unless it escaped
     ^
Expected one of: 
	* WORD
	* DASH
","When ~ enters, sacrifice it unless it escaped.
Whenever ~ enters or attacks, it deals 3 damage to any target and you gain 3 life.
Escape—{R}{R}{W}{W}, Exile five other cards from your graveyard. (You may cast this card from your graveyard for its escape cost.)"
195,The Necrobloom,51.876258464000784,False,"No terminal matches 'W' in the current parser context, at line 1 col 12

Landfall — Whenever a land you control enters, crea
           ^
Expected one of: 
	* DO
	* DOUBLE
	* CLOAK
	* AFTER
	* SUBTYPEARTIFACT
	* SURVEIL
	* WOULD
	* EXCHANGE
	* AS
	* SKIP
	* HERSELF
	* SWITCH
	* ALL
	* LBRACE
	* ITSELF
	* WHEN
	* SUBTYPECREATUREB
	* LSQB
	* SEARCHED
	* NUMBER
	* SCRY
	* SPEND
	* NO
	* SUBTYPECREATUREA
	* SUPERTYPE
	* INVESTIGATE
	* CYCLED
	* OTHER
	* UNTAP
	* PLAYED
	* CREATE
	* GAINED
	* COUNTER
	* COLORTERM
	* AN
	* DAMAGETYPE
	* DASH
	* REGENERATE
	* PLAY
	* SACRIFICE
	* SHUFFLE
	* CLASH
	* X
	* INCUBATE
	* ADDITIONAL
	* DISCARD
	* WHENEVER
	* BLOCK
	* BEEN
	* UNTAPSYMBOL
	* SHUFFLED
	* ABILITYMODIFIER
	* ON
	* LESS
	* QUALIFIER
	* LEVEL
	* WITHOUT
	* BLOCKED
	* UNATTACHED
	* LOOK
	* SUSPECT
	* PLAYERCHARACTERISTIC
	* EXILE
	* TAPPEDSTATUSMODIFIER
	* REMAIN
	* REVEAL
	* TURN
	* EQUAL
	* AT
	* ONTO
	* YOUR
	* TYPE
	* SUBTYPELAND
	* UP
	* EFFECTSTATUSMODIFIER
	* THEM
	* TRANSFORM
	* FLIP
	* GET
	* ABLE
	* __ANON_19
	* THOSE
	* SUBTYPEENCHANTMENT
	* OBJECTCHARACTERISTIC
	* TIMES
	* RETURN
	* PROLIFERATE
	* LOOKED
	* TARGET
	* PLAYERTERM
	* BE
	* __ANON_14
	* DETAIN
	* CONTROL
	* NON
	* DIE
	* THEN
	* WITH
	* REVEALED
	* CAST
	* STAR
	* GAIN
	* CHOSE
	* FORAGE
	* INTO
	* DISCOVER
	* MAY
	* ATTACH
	* CARDINAL
	* DISCARDED
	* ATTACK
	* UNATTACH
	* WHO
	* CAN
	* PUT
	* LOSE
	* ATTACKED
	* A
	* TAPSYMBOL
	* CYCLE
	* SUBTYPESPELL
	* THEIR
	* DEAL
	* SUPPORT
	* HIMSELF
	* __ANON_17
	* THE
	* ADAPT
	* WHILE
	* MONSTROSITY
	* SACRIFICED
	* IS
	* IT
	* ABANDON
	* IF
	* ACTIVATE
	* ANY
	* BECOME
	* DRAW
	* GOAD
	* MILL
	* AMASS
	* PREVENT
	* EXERT
	* CHOOSE
	* ORDINAL
	* HAVE
	* DREW
	* BOLSTER
	* CONNIVE
	* FROM
	* FREQUENCY
	* ATTACHED
	* TAKE
	* MANIFEST
	* __ANON_21
	* IN
	* ZONE
	* SEARCH
	* THAT
	* ONLY
	* __ANON_18
	* CONVERT
	* THIS
	* WIN
	* CONTROLLED
	* DESTROY
	* SUBTYPEPLANAR
	* UNTIL
	* COMBATSTATUSMODIFIER
	* FOR
	* PAY
	* LEARN
	* HAD
	* REMOVE
	* ITS
	* SAME
	* POPULATE
	* GREATER
	* MELD
	* SUBTYPEPLANESWALKER
	* __ANON_15
	* THESE
	* FATESEAL
	* NAMEREFSYMBOL
	* UNDER
	* OTHERWISE
	* FIGHT
	* EACH
	* MORE
	* DOES
	* ASSIGN
	* ADD
	* TURNED
	* HAS
	* KEYWORDSTATUSMODIFIER
	* TAP
	* EXPLORES
	* __ANON_20
","Landfall — Whenever a land you control enters, create a 0/1 green Plant creature token. If you control seven or more lands with different names, create a 2/2 black Zombie creature token instead.
Land cards in your graveyard have dredge 2. (You may return a land card from your graveyard to your hand and mill two cards instead of drawing a card.)"
196,Planar Genesis,27.86260525600119,False,"No terminal matches '.' in the current parser context, at line 1 col 43

ok at the top four cards of your library. You may put a land card from among the
                                        ^
Expected one of: 
	* WORD
	* DASH
","Look at the top four cards of your library. You may put a land card from among them onto the battlefield tapped. If you do not, put a card from among them into your hand. Put the rest on the bottom of your library in a random order."
197,Pyretic Rebirth,26.329058016001,False,"No terminal matches '.' in the current parser context, at line 1 col 73

re card from your graveyard to your hand. ~ deals damage equal to that card's ma
                                        ^
Expected one of: 
	* WORD
	* DASH
",Return target artifact or creature card from your graveyard to your hand. ~ deals damage equal to that card's mana value to up to one target creature or planeswalker.
198,Psychic Frog,28.200807802999407,False,"No terminal matches '~' in the current parser context, at line 1 col 10

Whenever ~ deals combat damage to a player or pla
         ^
Expected one of: 
	* WORD
	* DASH
","Whenever ~ deals combat damage to a player or planeswalker, draw a card.
Discard a card: Put a +1/+1 counter on ~.
Exile three cards from your graveyard: ~ gains flying until end of turn."
199,Riddle Gate Gargoyle,28.154559738999524,False,"No terminal matches '~' in the current parser context, at line 2 col 6

When ~ enters, you get {E}{E}{E} (three energ
     ^
Expected one of: 
	* WORD
	* DASH
","Flying
When ~ enters, you get {E}{E}{E} (three energy counters).
Whenever you attack, you may pay {E}{E}. When you do, target creature you control gains lifelink until end of turn."
200,"Rosheen, Roaring Prophet",25.45151267899928,False,"No terminal matches '~' in the current parser context, at line 1 col 6

When ~f enters, mill six cards. You may put a
     ^
Expected one of: 
	* WORD
	* DASH
","When ~f enters, mill six cards. You may put a card with {X} in its mana cost from among them into your hand.
{T}: Reveal any number of cards with {X} in their mana cost in your hand. Add {C}{C} for each card revealed this way. Spend this mana only on costs that contain {X}."
201,Scurry of Gremlins,27.814609156001097,False,"No terminal matches '~' in the current parser context, at line 1 col 6

When ~ enters, create two 1/1 red Gremlin cre
     ^
Expected one of: 
	* WORD
	* DASH
","When ~ enters, create two 1/1 red Gremlin creature tokens. Then you get an amount of {E} (energy counters) equal to the number of creatures you control.
Pay {E}{E}{E}{E}: Creatures you control get +1/+0 and gain haste until end of turn."
202,Sneaky Snacker,22.954014332999577,False,"No terminal matches ',' in the current parser context, at line 2 col 40

When you draw your third card in a turn, return ~ from your graveyard to the ba
                                       ^
Expected one of: 
	* WORD
	* DASH
","Flying
When you draw your third card in a turn, return ~ from your graveyard to the battlefield tapped."
203,Snapping Voidcraw,25.253328752000016,False,"No terminal matches '(' in the current parser context, at line 1 col 8

Devoid (This card has no color.)
       ^
Expected one of: 
	* WORD
	* DASH
","Devoid (This card has no color.)
{T}: Add {C}{C}.
{3}{C}, {T}: Draw a card."
204,Titans' Vanguard,26.25035284600017,False,"No terminal matches '(' in the current parser context, at line 1 col 8

Devoid (This card has no color.)
       ^
Expected one of: 
	* WORD
	* DASH
","Devoid (This card has no color.)
When you cast this spell and whenever ~ attacks, put a +1/+1 counter on each colorless creature you control.
Trample"
205,Writhing Chrysalis,28.16622200799975,False,"No terminal matches '(' in the current parser context, at line 1 col 8

Devoid (This card has no color.)
       ^
Expected one of: 
	* WORD
	* DASH
","Devoid (This card has no color.)
When you cast this spell, create two 0/1 colorless Eldrazi Spawn creature tokens with ""Sacrifice this creature: Add {C}."".
Reach
Whenever you sacrifice another Eldrazi, put a +1/+1 counter on ~."
206,Wight of the Reliquary,30.121733080999547,False,"No terminal matches '~' in the current parser context, at line 2 col 1

~ gets +1/+1 for each creature card in y
^
Expected one of: 
	* WORD
	* DASH
","Vigilance
~ gets +1/+1 for each creature card in your graveyard.
{T}, Sacrifice another creature: Search your library for a land card, put it onto the battlefield tapped, then shuffle."
207,Vexing Bauble,24.457339163000142,False,"No terminal matches ',' in the current parser context, at line 1 col 32

Whenever a player casts a spell, if no mana was spent to cast it, count
                               ^
Expected one of: 
	* WORD
	* DASH
","Whenever a player casts a spell, if no mana was spent to cast it, counter that spell.
{1}, {T}, Sacrifice ~: Draw a card."
208,Disruptor Flute,31.01096883199898,False,"No terminal matches '~' in the current parser context, at line 2 col 4

As ~ enters, choose a card name.
   ^
Expected one of: 
	* WORD
	* DASH
","Flash
As ~ enters, choose a card name.
Spells with the chosen name cost {3} more to cast.
Activated abilities of sources with the chosen name can not be activated unless they are mana abilities."
209,Winter Moon,27.774942128000475,False,"No terminal matches '.' in the current parser context, at line 1 col 75

e nonbasic land during their untap steps.
                                        ^
Expected one of: 
	* WORD
	* DASH
",Players can not untap more than one nonbasic land during their untap steps.
210,Ral and the Implicit Maze,458.3168574910005,False,"No terminal matches 'Y' in the current parser context, at line 3 col 6

II — You may discard a card. If you do, exile
     ^
Expected one of: 
	* DO
	* DOUBLE
	* CLOAK
	* AFTER
	* SUBTYPEARTIFACT
	* SURVEIL
	* WOULD
	* EXCHANGE
	* AS
	* SKIP
	* HERSELF
	* SWITCH
	* ALL
	* LBRACE
	* ITSELF
	* WHEN
	* SUBTYPECREATUREB
	* LSQB
	* SEARCHED
	* NUMBER
	* SCRY
	* SPEND
	* NO
	* SUBTYPECREATUREA
	* SUPERTYPE
	* INVESTIGATE
	* CYCLED
	* OTHER
	* UNTAP
	* PLAYED
	* CREATE
	* GAINED
	* COUNTER
	* COLORTERM
	* AN
	* DAMAGETYPE
	* DASH
	* REGENERATE
	* PLAY
	* SACRIFICE
	* SHUFFLE
	* CLASH
	* X
	* INCUBATE
	* ADDITIONAL
	* DISCARD
	* WHENEVER
	* BLOCK
	* BEEN
	* UNTAPSYMBOL
	* SHUFFLED
	* ABILITYMODIFIER
	* ON
	* LESS
	* QUALIFIER
	* LEVEL
	* WITHOUT
	* BLOCKED
	* UNATTACHED
	* LOOK
	* SUSPECT
	* PLAYERCHARACTERISTIC
	* EXILE
	* TAPPEDSTATUSMODIFIER
	* REMAIN
	* REVEAL
	* TURN
	* EQUAL
	* AT
	* ONTO
	* YOUR
	* TYPE
	* SUBTYPELAND
	* UP
	* EFFECTSTATUSMODIFIER
	* THEM
	* TRANSFORM
	* FLIP
	* GET
	* ABLE
	* __ANON_19
	* THOSE
	* SUBTYPEENCHANTMENT
	* OBJECTCHARACTERISTIC
	* TIMES
	* RETURN
	* PROLIFERATE
	* LOOKED
	* TARGET
	* PLAYERTERM
	* BE
	* __ANON_14
	* DETAIN
	* CONTROL
	* NON
	* DIE
	* THEN
	* WITH
	* REVEALED
	* CAST
	* STAR
	* GAIN
	* CHOSE
	* FORAGE
	* INTO
	* DISCOVER
	* MAY
	* ATTACH
	* CARDINAL
	* DISCARDED
	* ATTACK
	* UNATTACH
	* WHO
	* CAN
	* PUT
	* LOSE
	* ATTACKED
	* A
	* TAPSYMBOL
	* CYCLE
	* SUBTYPESPELL
	* THEIR
	* DEAL
	* SUPPORT
	* HIMSELF
	* __ANON_17
	* THE
	* ADAPT
	* WHILE
	* MONSTROSITY
	* SACRIFICED
	* IS
	* IT
	* ABANDON
	* IF
	* ACTIVATE
	* ANY
	* BECOME
	* DRAW
	* GOAD
	* MILL
	* AMASS
	* PREVENT
	* EXERT
	* CHOOSE
	* ORDINAL
	* HAVE
	* DREW
	* BOLSTER
	* CONNIVE
	* FROM
	* FREQUENCY
	* ATTACHED
	* TAKE
	* MANIFEST
	* __ANON_21
	* IN
	* ZONE
	* SEARCH
	* THAT
	* ONLY
	* __ANON_18
	* CONVERT
	* THIS
	* WIN
	* CONTROLLED
	* DESTROY
	* SUBTYPEPLANAR
	* UNTIL
	* COMBATSTATUSMODIFIER
	* FOR
	* PAY
	* LEARN
	* HAD
	* REMOVE
	* ITS
	* SAME
	* POPULATE
	* GREATER
	* MELD
	* SUBTYPEPLANESWALKER
	* __ANON_15
	* THESE
	* FATESEAL
	* NAMEREFSYMBOL
	* UNDER
	* OTHERWISE
	* FIGHT
	* EACH
	* MORE
	* DOES
	* ASSIGN
	* ADD
	* TURNED
	* HAS
	* KEYWORDSTATUSMODIFIER
	* TAP
	* EXPLORES
	* __ANON_20
","(As this Saga enters and after your draw step, add a lore counter. Sacrifice after III.)
I — ~ deals 2 damage to each creature and planeswalker your opponents control.
II — You may discard a card. If you do, exile the top two cards of your library. You may play them until the end of your next turn.
III — Create a Spellgorger Weird token. (it is a {2}{R} 2/2 Weird creature with ""Whenever you cast a noncreature spell, put a +1/+1 counter on Spellgorger Weird."".)"
211,Bloodstained Mire,49.650418510000236,False,"No terminal matches 'P' in the current parser context, at line 1 col 6

{T}, Pay 1 life, Sacrifice ~: Search your lib
     ^
Expected one of: 
	* DOUBLE
	* CLOAK
	* SUBTYPEARTIFACT
	* SURVEIL
	* EXCHANGE
	* SKIP
	* HERSELF
	* SWITCH
	* ALL
	* LBRACE
	* ITSELF
	* SUBTYPECREATUREB
	* LSQB
	* SEARCHED
	* NUMBER
	* SCRY
	* SPEND
	* NO
	* SUBTYPECREATUREA
	* SUPERTYPE
	* INVESTIGATE
	* CYCLED
	* OTHER
	* UNTAP
	* PLAYED
	* CREATE
	* GAINED
	* COUNTER
	* COLORTERM
	* AN
	* DAMAGETYPE
	* REGENERATE
	* PLAY
	* SACRIFICE
	* CLASH
	* SHUFFLE
	* INCUBATE
	* X
	* ADDITIONAL
	* DISCARD
	* BLOCK
	* UNTAPSYMBOL
	* SHUFFLED
	* ABILITYMODIFIER
	* ON
	* LESS
	* QUALIFIER
	* LEVEL
	* WITHOUT
	* BLOCKED
	* UNATTACHED
	* LOOK
	* SUSPECT
	* PLAYERCHARACTERISTIC
	* EXILE
	* TAPPEDSTATUSMODIFIER
	* REMAIN
	* REVEAL
	* TURN
	* EQUAL
	* ONTO
	* YOUR
	* TYPE
	* SUBTYPELAND
	* UP
	* EFFECTSTATUSMODIFIER
	* THEM
	* TRANSFORM
	* FLIP
	* GET
	* ABLE
	* __ANON_19
	* THOSE
	* SUBTYPEENCHANTMENT
	* OBJECTCHARACTERISTIC
	* PROLIFERATE
	* RETURN
	* TIMES
	* LOOKED
	* TARGET
	* PLAYERTERM
	* __ANON_14
	* DETAIN
	* CONTROL
	* NON
	* DIE
	* WITH
	* REVEALED
	* CAST
	* CHOSE
	* GAIN
	* FORAGE
	* STAR
	* INTO
	* DISCOVER
	* ATTACH
	* CARDINAL
	* DISCARDED
	* ATTACK
	* UNATTACH
	* WHO
	* PUT
	* LOSE
	* ATTACKED
	* CYCLE
	* A
	* SUBTYPESPELL
	* TAPSYMBOL
	* THEIR
	* DEAL
	* SUPPORT
	* __ANON_17
	* HIMSELF
	* THE
	* ADAPT
	* MONSTROSITY
	* SACRIFICED
	* ABANDON
	* IT
	* ACTIVATE
	* ANY
	* DRAW
	* GOAD
	* MILL
	* AMASS
	* PREVENT
	* EXERT
	* CHOOSE
	* DREW
	* BOLSTER
	* ORDINAL
	* CONNIVE
	* FROM
	* FREQUENCY
	* ATTACHED
	* TAKE
	* MANIFEST
	* __ANON_21
	* IN
	* ZONE
	* SEARCH
	* ONLY
	* THAT
	* __ANON_18
	* CONVERT
	* THIS
	* WIN
	* CONTROLLED
	* DESTROY
	* SUBTYPEPLANAR
	* COMBATSTATUSMODIFIER
	* PAY
	* LEARN
	* REMOVE
	* ITS
	* SAME
	* POPULATE
	* MELD
	* GREATER
	* SUBTYPEPLANESWALKER
	* __ANON_15
	* THESE
	* FATESEAL
	* NAMEREFSYMBOL
	* UNDER
	* FIGHT
	* EACH
	* TURNED
	* ASSIGN
	* MORE
	* ADD
	* KEYWORDSTATUSMODIFIER
	* TAP
	* EXPLORES
	* __ANON_20
","{T}, Pay 1 life, Sacrifice ~: Search your library for a Swamp or Mountain card, put it onto the battlefield, then shuffle."
212,Obstinate Gargoyle,171.36927090300014,False,"No terminal matches '.' in the current parser context, at line 1 col 39

~ has flying as long as it is modified. (Equipment, Auras you control, and cou
                                      ^
Expected one of: 
	* WORD
	* DASH
","~ has flying as long as it is modified. (Equipment, Auras you control, and counters are modifications.)
Persist (When this creature dies, if it had no -1/-1 counters on it, return it to the battlefield under its owner's control with a -1/-1 counter on it.)"
213,Bountiful Landscape,55.889366516001246,False,"No terminal matches 'A' in the current parser context, at line 1 col 6

{T}: Add {C}.
     ^
Expected one of: 
	* DO
	* DOUBLE
	* CLOAK
	* AFTER
	* SUBTYPEARTIFACT
	* SURVEIL
	* WOULD
	* EXCHANGE
	* AS
	* SKIP
	* HERSELF
	* SWITCH
	* ALL
	* LBRACE
	* ITSELF
	* WHEN
	* SUBTYPECREATUREB
	* LSQB
	* SEARCHED
	* NUMBER
	* SCRY
	* SPEND
	* NO
	* SUBTYPECREATUREA
	* SUPERTYPE
	* INVESTIGATE
	* CYCLED
	* OTHER
	* UNTAP
	* PLAYED
	* CREATE
	* GAINED
	* COUNTER
	* COLORTERM
	* AN
	* DAMAGETYPE
	* DASH
	* REGENERATE
	* PLAY
	* SACRIFICE
	* SHUFFLE
	* CLASH
	* X
	* INCUBATE
	* ADDITIONAL
	* DISCARD
	* WHENEVER
	* BLOCK
	* BEEN
	* UNTAPSYMBOL
	* SHUFFLED
	* ABILITYMODIFIER
	* ON
	* LESS
	* QUALIFIER
	* LEVEL
	* WITHOUT
	* BLOCKED
	* UNATTACHED
	* LOOK
	* SUSPECT
	* PLAYERCHARACTERISTIC
	* EXILE
	* TAPPEDSTATUSMODIFIER
	* REMAIN
	* REVEAL
	* TURN
	* EQUAL
	* AT
	* ONTO
	* YOUR
	* TYPE
	* SUBTYPELAND
	* UP
	* EFFECTSTATUSMODIFIER
	* THEM
	* TRANSFORM
	* FLIP
	* GET
	* ABLE
	* __ANON_19
	* THOSE
	* SUBTYPEENCHANTMENT
	* OBJECTCHARACTERISTIC
	* TIMES
	* RETURN
	* PROLIFERATE
	* LOOKED
	* TARGET
	* PLAYERTERM
	* BE
	* __ANON_14
	* DETAIN
	* CONTROL
	* NON
	* DIE
	* THEN
	* WITH
	* REVEALED
	* CAST
	* STAR
	* GAIN
	* CHOSE
	* FORAGE
	* INTO
	* DISCOVER
	* MAY
	* ATTACH
	* CARDINAL
	* DISCARDED
	* ATTACK
	* UNATTACH
	* WHO
	* CAN
	* PUT
	* LOSE
	* ATTACKED
	* A
	* TAPSYMBOL
	* CYCLE
	* SUBTYPESPELL
	* THEIR
	* DEAL
	* SUPPORT
	* HIMSELF
	* __ANON_17
	* THE
	* ADAPT
	* WHILE
	* MONSTROSITY
	* SACRIFICED
	* IS
	* IT
	* ABANDON
	* IF
	* ACTIVATE
	* ANY
	* BECOME
	* DRAW
	* GOAD
	* MILL
	* AMASS
	* PREVENT
	* EXERT
	* CHOOSE
	* ORDINAL
	* HAVE
	* DREW
	* BOLSTER
	* CONNIVE
	* FROM
	* FREQUENCY
	* ATTACHED
	* TAKE
	* MANIFEST
	* __ANON_21
	* IN
	* ZONE
	* SEARCH
	* THAT
	* ONLY
	* __ANON_18
	* CONVERT
	* THIS
	* WIN
	* CONTROLLED
	* DESTROY
	* SUBTYPEPLANAR
	* UNTIL
	* COMBATSTATUSMODIFIER
	* FOR
	* PAY
	* LEARN
	* HAD
	* REMOVE
	* ITS
	* SAME
	* POPULATE
	* GREATER
	* MELD
	* SUBTYPEPLANESWALKER
	* __ANON_15
	* THESE
	* FATESEAL
	* NAMEREFSYMBOL
	* UNDER
	* OTHERWISE
	* FIGHT
	* EACH
	* MORE
	* DOES
	* ASSIGN
	* ADD
	* TURNED
	* HAS
	* KEYWORDSTATUSMODIFIER
	* TAP
	* EXPLORES
	* __ANON_20
","{T}: Add {C}.
{T}, Sacrifice ~: Search your library for a basic Forest, Island, or Mountain card, put it onto the battlefield tapped, then shuffle.
Cycling {G}{U}{R} ({G}{U}{R}, Discard this card: Draw a card.)"
214,Idol of False Gods,116.83072692600035,False,"No terminal matches 'C' in the current parser context, at line 1 col 14

{1}{C}, {T}: Create a 0/1 colorless Eldrazi Spawn cre
             ^
Expected one of: 
	* DO
	* DOUBLE
	* CLOAK
	* AFTER
	* SUBTYPEARTIFACT
	* SURVEIL
	* WOULD
	* EXCHANGE
	* AS
	* SKIP
	* HERSELF
	* SWITCH
	* ALL
	* LBRACE
	* ITSELF
	* WHEN
	* SUBTYPECREATUREB
	* LSQB
	* SEARCHED
	* NUMBER
	* SCRY
	* SPEND
	* NO
	* SUBTYPECREATUREA
	* SUPERTYPE
	* INVESTIGATE
	* CYCLED
	* OTHER
	* UNTAP
	* PLAYED
	* CREATE
	* GAINED
	* COUNTER
	* COLORTERM
	* AN
	* DAMAGETYPE
	* DASH
	* REGENERATE
	* PLAY
	* SACRIFICE
	* SHUFFLE
	* CLASH
	* X
	* INCUBATE
	* ADDITIONAL
	* DISCARD
	* WHENEVER
	* BLOCK
	* BEEN
	* UNTAPSYMBOL
	* SHUFFLED
	* ABILITYMODIFIER
	* ON
	* LESS
	* QUALIFIER
	* LEVEL
	* WITHOUT
	* BLOCKED
	* UNATTACHED
	* LOOK
	* SUSPECT
	* PLAYERCHARACTERISTIC
	* EXILE
	* TAPPEDSTATUSMODIFIER
	* REMAIN
	* REVEAL
	* TURN
	* EQUAL
	* AT
	* ONTO
	* YOUR
	* TYPE
	* SUBTYPELAND
	* UP
	* EFFECTSTATUSMODIFIER
	* THEM
	* TRANSFORM
	* FLIP
	* GET
	* ABLE
	* __ANON_19
	* THOSE
	* SUBTYPEENCHANTMENT
	* OBJECTCHARACTERISTIC
	* TIMES
	* RETURN
	* PROLIFERATE
	* LOOKED
	* TARGET
	* PLAYERTERM
	* BE
	* __ANON_14
	* DETAIN
	* CONTROL
	* NON
	* DIE
	* THEN
	* WITH
	* REVEALED
	* CAST
	* STAR
	* GAIN
	* CHOSE
	* FORAGE
	* INTO
	* DISCOVER
	* MAY
	* ATTACH
	* CARDINAL
	* DISCARDED
	* ATTACK
	* UNATTACH
	* WHO
	* CAN
	* PUT
	* LOSE
	* ATTACKED
	* A
	* TAPSYMBOL
	* CYCLE
	* SUBTYPESPELL
	* THEIR
	* DEAL
	* SUPPORT
	* HIMSELF
	* __ANON_17
	* THE
	* ADAPT
	* WHILE
	* MONSTROSITY
	* SACRIFICED
	* IS
	* IT
	* ABANDON
	* IF
	* ACTIVATE
	* ANY
	* BECOME
	* DRAW
	* GOAD
	* MILL
	* AMASS
	* PREVENT
	* EXERT
	* CHOOSE
	* ORDINAL
	* HAVE
	* DREW
	* BOLSTER
	* CONNIVE
	* FROM
	* FREQUENCY
	* ATTACHED
	* TAKE
	* MANIFEST
	* __ANON_21
	* IN
	* ZONE
	* SEARCH
	* THAT
	* ONLY
	* __ANON_18
	* CONVERT
	* THIS
	* WIN
	* CONTROLLED
	* DESTROY
	* SUBTYPEPLANAR
	* UNTIL
	* COMBATSTATUSMODIFIER
	* FOR
	* PAY
	* LEARN
	* HAD
	* REMOVE
	* ITS
	* SAME
	* POPULATE
	* GREATER
	* MELD
	* SUBTYPEPLANESWALKER
	* __ANON_15
	* THESE
	* FATESEAL
	* NAMEREFSYMBOL
	* UNDER
	* OTHERWISE
	* FIGHT
	* EACH
	* MORE
	* DOES
	* ASSIGN
	* ADD
	* TURNED
	* HAS
	* KEYWORDSTATUSMODIFIER
	* TAP
	* EXPLORES
	* __ANON_20
","{1}{C}, {T}: Create a 0/1 colorless Eldrazi Spawn creature token with ""Sacrifice this creature: Add {C}."".
Whenever another Eldrazi you control dies, put a +1/+1 counter on ~.
As long as ~ has eight or more +1/+1 counters on it, it is a 0/0 creature in addition to its other types and it has annihilator 2."
215,Contaminated Landscape,54.54234490199997,False,"No terminal matches 'A' in the current parser context, at line 1 col 6

{T}: Add {C}.
     ^
Expected one of: 
	* DO
	* DOUBLE
	* CLOAK
	* AFTER
	* SUBTYPEARTIFACT
	* SURVEIL
	* WOULD
	* EXCHANGE
	* AS
	* SKIP
	* HERSELF
	* SWITCH
	* ALL
	* LBRACE
	* ITSELF
	* WHEN
	* SUBTYPECREATUREB
	* LSQB
	* SEARCHED
	* NUMBER
	* SCRY
	* SPEND
	* NO
	* SUBTYPECREATUREA
	* SUPERTYPE
	* INVESTIGATE
	* CYCLED
	* OTHER
	* UNTAP
	* PLAYED
	* CREATE
	* GAINED
	* COUNTER
	* COLORTERM
	* AN
	* DAMAGETYPE
	* DASH
	* REGENERATE
	* PLAY
	* SACRIFICE
	* SHUFFLE
	* CLASH
	* X
	* INCUBATE
	* ADDITIONAL
	* DISCARD
	* WHENEVER
	* BLOCK
	* BEEN
	* UNTAPSYMBOL
	* SHUFFLED
	* ABILITYMODIFIER
	* ON
	* LESS
	* QUALIFIER
	* LEVEL
	* WITHOUT
	* BLOCKED
	* UNATTACHED
	* LOOK
	* SUSPECT
	* PLAYERCHARACTERISTIC
	* EXILE
	* TAPPEDSTATUSMODIFIER
	* REMAIN
	* REVEAL
	* TURN
	* EQUAL
	* AT
	* ONTO
	* YOUR
	* TYPE
	* SUBTYPELAND
	* UP
	* EFFECTSTATUSMODIFIER
	* THEM
	* TRANSFORM
	* FLIP
	* GET
	* ABLE
	* __ANON_19
	* THOSE
	* SUBTYPEENCHANTMENT
	* OBJECTCHARACTERISTIC
	* TIMES
	* RETURN
	* PROLIFERATE
	* LOOKED
	* TARGET
	* PLAYERTERM
	* BE
	* __ANON_14
	* DETAIN
	* CONTROL
	* NON
	* DIE
	* THEN
	* WITH
	* REVEALED
	* CAST
	* STAR
	* GAIN
	* CHOSE
	* FORAGE
	* INTO
	* DISCOVER
	* MAY
	* ATTACH
	* CARDINAL
	* DISCARDED
	* ATTACK
	* UNATTACH
	* WHO
	* CAN
	* PUT
	* LOSE
	* ATTACKED
	* A
	* TAPSYMBOL
	* CYCLE
	* SUBTYPESPELL
	* THEIR
	* DEAL
	* SUPPORT
	* HIMSELF
	* __ANON_17
	* THE
	* ADAPT
	* WHILE
	* MONSTROSITY
	* SACRIFICED
	* IS
	* IT
	* ABANDON
	* IF
	* ACTIVATE
	* ANY
	* BECOME
	* DRAW
	* GOAD
	* MILL
	* AMASS
	* PREVENT
	* EXERT
	* CHOOSE
	* ORDINAL
	* HAVE
	* DREW
	* BOLSTER
	* CONNIVE
	* FROM
	* FREQUENCY
	* ATTACHED
	* TAKE
	* MANIFEST
	* __ANON_21
	* IN
	* ZONE
	* SEARCH
	* THAT
	* ONLY
	* __ANON_18
	* CONVERT
	* THIS
	* WIN
	* CONTROLLED
	* DESTROY
	* SUBTYPEPLANAR
	* UNTIL
	* COMBATSTATUSMODIFIER
	* FOR
	* PAY
	* LEARN
	* HAD
	* REMOVE
	* ITS
	* SAME
	* POPULATE
	* GREATER
	* MELD
	* SUBTYPEPLANESWALKER
	* __ANON_15
	* THESE
	* FATESEAL
	* NAMEREFSYMBOL
	* UNDER
	* OTHERWISE
	* FIGHT
	* EACH
	* MORE
	* DOES
	* ASSIGN
	* ADD
	* TURNED
	* HAS
	* KEYWORDSTATUSMODIFIER
	* TAP
	* EXPLORES
	* __ANON_20
","{T}: Add {C}.
{T}, Sacrifice ~: Search your library for a basic Plains, Island, or Swamp card, put it onto the battlefield tapped, then shuffle.
Cycling {W}{U}{B} ({W}{U}{B}, Discard this card: Draw a card.)"
216,Deceptive Landscape,50.442376744000285,False,"No terminal matches 'A' in the current parser context, at line 1 col 6

{T}: Add {C}.
     ^
Expected one of: 
	* DO
	* DOUBLE
	* CLOAK
	* AFTER
	* SUBTYPEARTIFACT
	* SURVEIL
	* WOULD
	* EXCHANGE
	* AS
	* SKIP
	* HERSELF
	* SWITCH
	* ALL
	* LBRACE
	* ITSELF
	* WHEN
	* SUBTYPECREATUREB
	* LSQB
	* SEARCHED
	* NUMBER
	* SCRY
	* SPEND
	* NO
	* SUBTYPECREATUREA
	* SUPERTYPE
	* INVESTIGATE
	* CYCLED
	* OTHER
	* UNTAP
	* PLAYED
	* CREATE
	* GAINED
	* COUNTER
	* COLORTERM
	* AN
	* DAMAGETYPE
	* DASH
	* REGENERATE
	* PLAY
	* SACRIFICE
	* SHUFFLE
	* CLASH
	* X
	* INCUBATE
	* ADDITIONAL
	* DISCARD
	* WHENEVER
	* BLOCK
	* BEEN
	* UNTAPSYMBOL
	* SHUFFLED
	* ABILITYMODIFIER
	* ON
	* LESS
	* QUALIFIER
	* LEVEL
	* WITHOUT
	* BLOCKED
	* UNATTACHED
	* LOOK
	* SUSPECT
	* PLAYERCHARACTERISTIC
	* EXILE
	* TAPPEDSTATUSMODIFIER
	* REMAIN
	* REVEAL
	* TURN
	* EQUAL
	* AT
	* ONTO
	* YOUR
	* TYPE
	* SUBTYPELAND
	* UP
	* EFFECTSTATUSMODIFIER
	* THEM
	* TRANSFORM
	* FLIP
	* GET
	* ABLE
	* __ANON_19
	* THOSE
	* SUBTYPEENCHANTMENT
	* OBJECTCHARACTERISTIC
	* TIMES
	* RETURN
	* PROLIFERATE
	* LOOKED
	* TARGET
	* PLAYERTERM
	* BE
	* __ANON_14
	* DETAIN
	* CONTROL
	* NON
	* DIE
	* THEN
	* WITH
	* REVEALED
	* CAST
	* STAR
	* GAIN
	* CHOSE
	* FORAGE
	* INTO
	* DISCOVER
	* MAY
	* ATTACH
	* CARDINAL
	* DISCARDED
	* ATTACK
	* UNATTACH
	* WHO
	* CAN
	* PUT
	* LOSE
	* ATTACKED
	* A
	* TAPSYMBOL
	* CYCLE
	* SUBTYPESPELL
	* THEIR
	* DEAL
	* SUPPORT
	* HIMSELF
	* __ANON_17
	* THE
	* ADAPT
	* WHILE
	* MONSTROSITY
	* SACRIFICED
	* IS
	* IT
	* ABANDON
	* IF
	* ACTIVATE
	* ANY
	* BECOME
	* DRAW
	* GOAD
	* MILL
	* AMASS
	* PREVENT
	* EXERT
	* CHOOSE
	* ORDINAL
	* HAVE
	* DREW
	* BOLSTER
	* CONNIVE
	* FROM
	* FREQUENCY
	* ATTACHED
	* TAKE
	* MANIFEST
	* __ANON_21
	* IN
	* ZONE
	* SEARCH
	* THAT
	* ONLY
	* __ANON_18
	* CONVERT
	* THIS
	* WIN
	* CONTROLLED
	* DESTROY
	* SUBTYPEPLANAR
	* UNTIL
	* COMBATSTATUSMODIFIER
	* FOR
	* PAY
	* LEARN
	* HAD
	* REMOVE
	* ITS
	* SAME
	* POPULATE
	* GREATER
	* MELD
	* SUBTYPEPLANESWALKER
	* __ANON_15
	* THESE
	* FATESEAL
	* NAMEREFSYMBOL
	* UNDER
	* OTHERWISE
	* FIGHT
	* EACH
	* MORE
	* DOES
	* ASSIGN
	* ADD
	* TURNED
	* HAS
	* KEYWORDSTATUSMODIFIER
	* TAP
	* EXPLORES
	* __ANON_20
","{T}: Add {C}.
{T}, Sacrifice ~: Search your library for a basic Plains, Swamp, or Forest card, put it onto the battlefield tapped, then shuffle.
Cycling {W}{B}{G} ({W}{B}{G}, Discard this card: Draw a card.)"
217,Flooded Strand,47.737461906001045,False,"No terminal matches 'P' in the current parser context, at line 1 col 6

{T}, Pay 1 life, Sacrifice ~: Search your lib
     ^
Expected one of: 
	* DOUBLE
	* CLOAK
	* SUBTYPEARTIFACT
	* SURVEIL
	* EXCHANGE
	* SKIP
	* HERSELF
	* SWITCH
	* ALL
	* LBRACE
	* ITSELF
	* SUBTYPECREATUREB
	* LSQB
	* SEARCHED
	* NUMBER
	* SCRY
	* SPEND
	* NO
	* SUBTYPECREATUREA
	* SUPERTYPE
	* INVESTIGATE
	* CYCLED
	* OTHER
	* UNTAP
	* PLAYED
	* CREATE
	* GAINED
	* COUNTER
	* COLORTERM
	* AN
	* DAMAGETYPE
	* REGENERATE
	* PLAY
	* SACRIFICE
	* CLASH
	* SHUFFLE
	* INCUBATE
	* X
	* ADDITIONAL
	* DISCARD
	* BLOCK
	* UNTAPSYMBOL
	* SHUFFLED
	* ABILITYMODIFIER
	* ON
	* LESS
	* QUALIFIER
	* LEVEL
	* WITHOUT
	* BLOCKED
	* UNATTACHED
	* LOOK
	* SUSPECT
	* PLAYERCHARACTERISTIC
	* EXILE
	* TAPPEDSTATUSMODIFIER
	* REMAIN
	* REVEAL
	* TURN
	* EQUAL
	* ONTO
	* YOUR
	* TYPE
	* SUBTYPELAND
	* UP
	* EFFECTSTATUSMODIFIER
	* THEM
	* TRANSFORM
	* FLIP
	* GET
	* ABLE
	* __ANON_19
	* THOSE
	* SUBTYPEENCHANTMENT
	* OBJECTCHARACTERISTIC
	* PROLIFERATE
	* RETURN
	* TIMES
	* LOOKED
	* TARGET
	* PLAYERTERM
	* __ANON_14
	* DETAIN
	* CONTROL
	* NON
	* DIE
	* WITH
	* REVEALED
	* CAST
	* CHOSE
	* GAIN
	* FORAGE
	* STAR
	* INTO
	* DISCOVER
	* ATTACH
	* CARDINAL
	* DISCARDED
	* ATTACK
	* UNATTACH
	* WHO
	* PUT
	* LOSE
	* ATTACKED
	* CYCLE
	* A
	* SUBTYPESPELL
	* TAPSYMBOL
	* THEIR
	* DEAL
	* SUPPORT
	* __ANON_17
	* HIMSELF
	* THE
	* ADAPT
	* MONSTROSITY
	* SACRIFICED
	* ABANDON
	* IT
	* ACTIVATE
	* ANY
	* DRAW
	* GOAD
	* MILL
	* AMASS
	* PREVENT
	* EXERT
	* CHOOSE
	* DREW
	* BOLSTER
	* ORDINAL
	* CONNIVE
	* FROM
	* FREQUENCY
	* ATTACHED
	* TAKE
	* MANIFEST
	* __ANON_21
	* IN
	* ZONE
	* SEARCH
	* ONLY
	* THAT
	* __ANON_18
	* CONVERT
	* THIS
	* WIN
	* CONTROLLED
	* DESTROY
	* SUBTYPEPLANAR
	* COMBATSTATUSMODIFIER
	* PAY
	* LEARN
	* REMOVE
	* ITS
	* SAME
	* POPULATE
	* MELD
	* GREATER
	* SUBTYPEPLANESWALKER
	* __ANON_15
	* THESE
	* FATESEAL
	* NAMEREFSYMBOL
	* UNDER
	* FIGHT
	* EACH
	* TURNED
	* ASSIGN
	* MORE
	* ADD
	* KEYWORDSTATUSMODIFIER
	* TAP
	* EXPLORES
	* __ANON_20
","{T}, Pay 1 life, Sacrifice ~: Search your library for a Plains or Island card, put it onto the battlefield, then shuffle."
218,Foreboding Landscape,53.70027551699968,False,"No terminal matches 'A' in the current parser context, at line 1 col 6

{T}: Add {C}.
     ^
Expected one of: 
	* DO
	* DOUBLE
	* CLOAK
	* AFTER
	* SUBTYPEARTIFACT
	* SURVEIL
	* WOULD
	* EXCHANGE
	* AS
	* SKIP
	* HERSELF
	* SWITCH
	* ALL
	* LBRACE
	* ITSELF
	* WHEN
	* SUBTYPECREATUREB
	* LSQB
	* SEARCHED
	* NUMBER
	* SCRY
	* SPEND
	* NO
	* SUBTYPECREATUREA
	* SUPERTYPE
	* INVESTIGATE
	* CYCLED
	* OTHER
	* UNTAP
	* PLAYED
	* CREATE
	* GAINED
	* COUNTER
	* COLORTERM
	* AN
	* DAMAGETYPE
	* DASH
	* REGENERATE
	* PLAY
	* SACRIFICE
	* SHUFFLE
	* CLASH
	* X
	* INCUBATE
	* ADDITIONAL
	* DISCARD
	* WHENEVER
	* BLOCK
	* BEEN
	* UNTAPSYMBOL
	* SHUFFLED
	* ABILITYMODIFIER
	* ON
	* LESS
	* QUALIFIER
	* LEVEL
	* WITHOUT
	* BLOCKED
	* UNATTACHED
	* LOOK
	* SUSPECT
	* PLAYERCHARACTERISTIC
	* EXILE
	* TAPPEDSTATUSMODIFIER
	* REMAIN
	* REVEAL
	* TURN
	* EQUAL
	* AT
	* ONTO
	* YOUR
	* TYPE
	* SUBTYPELAND
	* UP
	* EFFECTSTATUSMODIFIER
	* THEM
	* TRANSFORM
	* FLIP
	* GET
	* ABLE
	* __ANON_19
	* THOSE
	* SUBTYPEENCHANTMENT
	* OBJECTCHARACTERISTIC
	* TIMES
	* RETURN
	* PROLIFERATE
	* LOOKED
	* TARGET
	* PLAYERTERM
	* BE
	* __ANON_14
	* DETAIN
	* CONTROL
	* NON
	* DIE
	* THEN
	* WITH
	* REVEALED
	* CAST
	* STAR
	* GAIN
	* CHOSE
	* FORAGE
	* INTO
	* DISCOVER
	* MAY
	* ATTACH
	* CARDINAL
	* DISCARDED
	* ATTACK
	* UNATTACH
	* WHO
	* CAN
	* PUT
	* LOSE
	* ATTACKED
	* A
	* TAPSYMBOL
	* CYCLE
	* SUBTYPESPELL
	* THEIR
	* DEAL
	* SUPPORT
	* HIMSELF
	* __ANON_17
	* THE
	* ADAPT
	* WHILE
	* MONSTROSITY
	* SACRIFICED
	* IS
	* IT
	* ABANDON
	* IF
	* ACTIVATE
	* ANY
	* BECOME
	* DRAW
	* GOAD
	* MILL
	* AMASS
	* PREVENT
	* EXERT
	* CHOOSE
	* ORDINAL
	* HAVE
	* DREW
	* BOLSTER
	* CONNIVE
	* FROM
	* FREQUENCY
	* ATTACHED
	* TAKE
	* MANIFEST
	* __ANON_21
	* IN
	* ZONE
	* SEARCH
	* THAT
	* ONLY
	* __ANON_18
	* CONVERT
	* THIS
	* WIN
	* CONTROLLED
	* DESTROY
	* SUBTYPEPLANAR
	* UNTIL
	* COMBATSTATUSMODIFIER
	* FOR
	* PAY
	* LEARN
	* HAD
	* REMOVE
	* ITS
	* SAME
	* POPULATE
	* GREATER
	* MELD
	* SUBTYPEPLANESWALKER
	* __ANON_15
	* THESE
	* FATESEAL
	* NAMEREFSYMBOL
	* UNDER
	* OTHERWISE
	* FIGHT
	* EACH
	* MORE
	* DOES
	* ASSIGN
	* ADD
	* TURNED
	* HAS
	* KEYWORDSTATUSMODIFIER
	* TAP
	* EXPLORES
	* __ANON_20
","{T}: Add {C}.
{T}, Sacrifice ~: Search your library for a basic Swamp, Forest, or Island card, put it onto the battlefield tapped, then shuffle.
Cycling {B}{G}{U} ({B}{G}{U}, Discard this card: Draw a card.)"
219,Polluted Delta,48.121725678000075,False,"No terminal matches 'P' in the current parser context, at line 1 col 6

{T}, Pay 1 life, Sacrifice ~: Search your lib
     ^
Expected one of: 
	* DOUBLE
	* CLOAK
	* SUBTYPEARTIFACT
	* SURVEIL
	* EXCHANGE
	* SKIP
	* HERSELF
	* SWITCH
	* ALL
	* LBRACE
	* ITSELF
	* SUBTYPECREATUREB
	* LSQB
	* SEARCHED
	* NUMBER
	* SCRY
	* SPEND
	* NO
	* SUBTYPECREATUREA
	* SUPERTYPE
	* INVESTIGATE
	* CYCLED
	* OTHER
	* UNTAP
	* PLAYED
	* CREATE
	* GAINED
	* COUNTER
	* COLORTERM
	* AN
	* DAMAGETYPE
	* REGENERATE
	* PLAY
	* SACRIFICE
	* CLASH
	* SHUFFLE
	* INCUBATE
	* X
	* ADDITIONAL
	* DISCARD
	* BLOCK
	* UNTAPSYMBOL
	* SHUFFLED
	* ABILITYMODIFIER
	* ON
	* LESS
	* QUALIFIER
	* LEVEL
	* WITHOUT
	* BLOCKED
	* UNATTACHED
	* LOOK
	* SUSPECT
	* PLAYERCHARACTERISTIC
	* EXILE
	* TAPPEDSTATUSMODIFIER
	* REMAIN
	* REVEAL
	* TURN
	* EQUAL
	* ONTO
	* YOUR
	* TYPE
	* SUBTYPELAND
	* UP
	* EFFECTSTATUSMODIFIER
	* THEM
	* TRANSFORM
	* FLIP
	* GET
	* ABLE
	* __ANON_19
	* THOSE
	* SUBTYPEENCHANTMENT
	* OBJECTCHARACTERISTIC
	* PROLIFERATE
	* RETURN
	* TIMES
	* LOOKED
	* TARGET
	* PLAYERTERM
	* __ANON_14
	* DETAIN
	* CONTROL
	* NON
	* DIE
	* WITH
	* REVEALED
	* CAST
	* CHOSE
	* GAIN
	* FORAGE
	* STAR
	* INTO
	* DISCOVER
	* ATTACH
	* CARDINAL
	* DISCARDED
	* ATTACK
	* UNATTACH
	* WHO
	* PUT
	* LOSE
	* ATTACKED
	* CYCLE
	* A
	* SUBTYPESPELL
	* TAPSYMBOL
	* THEIR
	* DEAL
	* SUPPORT
	* __ANON_17
	* HIMSELF
	* THE
	* ADAPT
	* MONSTROSITY
	* SACRIFICED
	* ABANDON
	* IT
	* ACTIVATE
	* ANY
	* DRAW
	* GOAD
	* MILL
	* AMASS
	* PREVENT
	* EXERT
	* CHOOSE
	* DREW
	* BOLSTER
	* ORDINAL
	* CONNIVE
	* FROM
	* FREQUENCY
	* ATTACHED
	* TAKE
	* MANIFEST
	* __ANON_21
	* IN
	* ZONE
	* SEARCH
	* ONLY
	* THAT
	* __ANON_18
	* CONVERT
	* THIS
	* WIN
	* CONTROLLED
	* DESTROY
	* SUBTYPEPLANAR
	* COMBATSTATUSMODIFIER
	* PAY
	* LEARN
	* REMOVE
	* ITS
	* SAME
	* POPULATE
	* MELD
	* GREATER
	* SUBTYPEPLANESWALKER
	* __ANON_15
	* THESE
	* FATESEAL
	* NAMEREFSYMBOL
	* UNDER
	* FIGHT
	* EACH
	* TURNED
	* ASSIGN
	* MORE
	* ADD
	* KEYWORDSTATUSMODIFIER
	* TAP
	* EXPLORES
	* __ANON_20
","{T}, Pay 1 life, Sacrifice ~: Search your library for an Island or Swamp card, put it onto the battlefield, then shuffle."
220,Perilous Landscape,52.03618368299976,False,"No terminal matches 'A' in the current parser context, at line 1 col 6

{T}: Add {C}.
     ^
Expected one of: 
	* DO
	* DOUBLE
	* CLOAK
	* AFTER
	* SUBTYPEARTIFACT
	* SURVEIL
	* WOULD
	* EXCHANGE
	* AS
	* SKIP
	* HERSELF
	* SWITCH
	* ALL
	* LBRACE
	* ITSELF
	* WHEN
	* SUBTYPECREATUREB
	* LSQB
	* SEARCHED
	* NUMBER
	* SCRY
	* SPEND
	* NO
	* SUBTYPECREATUREA
	* SUPERTYPE
	* INVESTIGATE
	* CYCLED
	* OTHER
	* UNTAP
	* PLAYED
	* CREATE
	* GAINED
	* COUNTER
	* COLORTERM
	* AN
	* DAMAGETYPE
	* DASH
	* REGENERATE
	* PLAY
	* SACRIFICE
	* SHUFFLE
	* CLASH
	* X
	* INCUBATE
	* ADDITIONAL
	* DISCARD
	* WHENEVER
	* BLOCK
	* BEEN
	* UNTAPSYMBOL
	* SHUFFLED
	* ABILITYMODIFIER
	* ON
	* LESS
	* QUALIFIER
	* LEVEL
	* WITHOUT
	* BLOCKED
	* UNATTACHED
	* LOOK
	* SUSPECT
	* PLAYERCHARACTERISTIC
	* EXILE
	* TAPPEDSTATUSMODIFIER
	* REMAIN
	* REVEAL
	* TURN
	* EQUAL
	* AT
	* ONTO
	* YOUR
	* TYPE
	* SUBTYPELAND
	* UP
	* EFFECTSTATUSMODIFIER
	* THEM
	* TRANSFORM
	* FLIP
	* GET
	* ABLE
	* __ANON_19
	* THOSE
	* SUBTYPEENCHANTMENT
	* OBJECTCHARACTERISTIC
	* TIMES
	* RETURN
	* PROLIFERATE
	* LOOKED
	* TARGET
	* PLAYERTERM
	* BE
	* __ANON_14
	* DETAIN
	* CONTROL
	* NON
	* DIE
	* THEN
	* WITH
	* REVEALED
	* CAST
	* STAR
	* GAIN
	* CHOSE
	* FORAGE
	* INTO
	* DISCOVER
	* MAY
	* ATTACH
	* CARDINAL
	* DISCARDED
	* ATTACK
	* UNATTACH
	* WHO
	* CAN
	* PUT
	* LOSE
	* ATTACKED
	* A
	* TAPSYMBOL
	* CYCLE
	* SUBTYPESPELL
	* THEIR
	* DEAL
	* SUPPORT
	* HIMSELF
	* __ANON_17
	* THE
	* ADAPT
	* WHILE
	* MONSTROSITY
	* SACRIFICED
	* IS
	* IT
	* ABANDON
	* IF
	* ACTIVATE
	* ANY
	* BECOME
	* DRAW
	* GOAD
	* MILL
	* AMASS
	* PREVENT
	* EXERT
	* CHOOSE
	* ORDINAL
	* HAVE
	* DREW
	* BOLSTER
	* CONNIVE
	* FROM
	* FREQUENCY
	* ATTACHED
	* TAKE
	* MANIFEST
	* __ANON_21
	* IN
	* ZONE
	* SEARCH
	* THAT
	* ONLY
	* __ANON_18
	* CONVERT
	* THIS
	* WIN
	* CONTROLLED
	* DESTROY
	* SUBTYPEPLANAR
	* UNTIL
	* COMBATSTATUSMODIFIER
	* FOR
	* PAY
	* LEARN
	* HAD
	* REMOVE
	* ITS
	* SAME
	* POPULATE
	* GREATER
	* MELD
	* SUBTYPEPLANESWALKER
	* __ANON_15
	* THESE
	* FATESEAL
	* NAMEREFSYMBOL
	* UNDER
	* OTHERWISE
	* FIGHT
	* EACH
	* MORE
	* DOES
	* ASSIGN
	* ADD
	* TURNED
	* HAS
	* KEYWORDSTATUSMODIFIER
	* TAP
	* EXPLORES
	* __ANON_20
","{T}: Add {C}.
{T}, Sacrifice ~: Search your library for a basic Island, Mountain, or Plains card, put it onto the battlefield tapped, then shuffle.
Cycling {U}{R}{W} ({U}{R}{W}, Discard this card: Draw a card.)"
221,Seething Landscape,51.77105096500054,False,"No terminal matches 'A' in the current parser context, at line 1 col 6

{T}: Add {C}.
     ^
Expected one of: 
	* DO
	* DOUBLE
	* CLOAK
	* AFTER
	* SUBTYPEARTIFACT
	* SURVEIL
	* WOULD
	* EXCHANGE
	* AS
	* SKIP
	* HERSELF
	* SWITCH
	* ALL
	* LBRACE
	* ITSELF
	* WHEN
	* SUBTYPECREATUREB
	* LSQB
	* SEARCHED
	* NUMBER
	* SCRY
	* SPEND
	* NO
	* SUBTYPECREATUREA
	* SUPERTYPE
	* INVESTIGATE
	* CYCLED
	* OTHER
	* UNTAP
	* PLAYED
	* CREATE
	* GAINED
	* COUNTER
	* COLORTERM
	* AN
	* DAMAGETYPE
	* DASH
	* REGENERATE
	* PLAY
	* SACRIFICE
	* SHUFFLE
	* CLASH
	* X
	* INCUBATE
	* ADDITIONAL
	* DISCARD
	* WHENEVER
	* BLOCK
	* BEEN
	* UNTAPSYMBOL
	* SHUFFLED
	* ABILITYMODIFIER
	* ON
	* LESS
	* QUALIFIER
	* LEVEL
	* WITHOUT
	* BLOCKED
	* UNATTACHED
	* LOOK
	* SUSPECT
	* PLAYERCHARACTERISTIC
	* EXILE
	* TAPPEDSTATUSMODIFIER
	* REMAIN
	* REVEAL
	* TURN
	* EQUAL
	* AT
	* ONTO
	* YOUR
	* TYPE
	* SUBTYPELAND
	* UP
	* EFFECTSTATUSMODIFIER
	* THEM
	* TRANSFORM
	* FLIP
	* GET
	* ABLE
	* __ANON_19
	* THOSE
	* SUBTYPEENCHANTMENT
	* OBJECTCHARACTERISTIC
	* TIMES
	* RETURN
	* PROLIFERATE
	* LOOKED
	* TARGET
	* PLAYERTERM
	* BE
	* __ANON_14
	* DETAIN
	* CONTROL
	* NON
	* DIE
	* THEN
	* WITH
	* REVEALED
	* CAST
	* STAR
	* GAIN
	* CHOSE
	* FORAGE
	* INTO
	* DISCOVER
	* MAY
	* ATTACH
	* CARDINAL
	* DISCARDED
	* ATTACK
	* UNATTACH
	* WHO
	* CAN
	* PUT
	* LOSE
	* ATTACKED
	* A
	* TAPSYMBOL
	* CYCLE
	* SUBTYPESPELL
	* THEIR
	* DEAL
	* SUPPORT
	* HIMSELF
	* __ANON_17
	* THE
	* ADAPT
	* WHILE
	* MONSTROSITY
	* SACRIFICED
	* IS
	* IT
	* ABANDON
	* IF
	* ACTIVATE
	* ANY
	* BECOME
	* DRAW
	* GOAD
	* MILL
	* AMASS
	* PREVENT
	* EXERT
	* CHOOSE
	* ORDINAL
	* HAVE
	* DREW
	* BOLSTER
	* CONNIVE
	* FROM
	* FREQUENCY
	* ATTACHED
	* TAKE
	* MANIFEST
	* __ANON_21
	* IN
	* ZONE
	* SEARCH
	* THAT
	* ONLY
	* __ANON_18
	* CONVERT
	* THIS
	* WIN
	* CONTROLLED
	* DESTROY
	* SUBTYPEPLANAR
	* UNTIL
	* COMBATSTATUSMODIFIER
	* FOR
	* PAY
	* LEARN
	* HAD
	* REMOVE
	* ITS
	* SAME
	* POPULATE
	* GREATER
	* MELD
	* SUBTYPEPLANESWALKER
	* __ANON_15
	* THESE
	* FATESEAL
	* NAMEREFSYMBOL
	* UNDER
	* OTHERWISE
	* FIGHT
	* EACH
	* MORE
	* DOES
	* ASSIGN
	* ADD
	* TURNED
	* HAS
	* KEYWORDSTATUSMODIFIER
	* TAP
	* EXPLORES
	* __ANON_20
","{T}: Add {C}.
{T}, Sacrifice ~: Search your library for a basic Island, Swamp, or Mountain card, put it onto the battlefield tapped, then shuffle.
Cycling {U}{B}{R} ({U}{B}{R}, Discard this card: Draw a card.)"
222,Solar Transformer,194.55148071800068,False,"No terminal matches '~' in the current parser context, at line 2 col 6

When ~ enters, you get {E}{E}{E} (three energ
     ^
Expected one of: 
	* WORD
	* DASH
","~ enters tapped.
When ~ enters, you get {E}{E}{E} (three energy counters).
{T}: Add {C}.
{T}, Pay {E}: Add one mana of any color."
223,Shattered Landscape,51.73170161500093,False,"No terminal matches 'A' in the current parser context, at line 1 col 6

{T}: Add {C}.
     ^
Expected one of: 
	* DO
	* DOUBLE
	* CLOAK
	* AFTER
	* SUBTYPEARTIFACT
	* SURVEIL
	* WOULD
	* EXCHANGE
	* AS
	* SKIP
	* HERSELF
	* SWITCH
	* ALL
	* LBRACE
	* ITSELF
	* WHEN
	* SUBTYPECREATUREB
	* LSQB
	* SEARCHED
	* NUMBER
	* SCRY
	* SPEND
	* NO
	* SUBTYPECREATUREA
	* SUPERTYPE
	* INVESTIGATE
	* CYCLED
	* OTHER
	* UNTAP
	* PLAYED
	* CREATE
	* GAINED
	* COUNTER
	* COLORTERM
	* AN
	* DAMAGETYPE
	* DASH
	* REGENERATE
	* PLAY
	* SACRIFICE
	* SHUFFLE
	* CLASH
	* X
	* INCUBATE
	* ADDITIONAL
	* DISCARD
	* WHENEVER
	* BLOCK
	* BEEN
	* UNTAPSYMBOL
	* SHUFFLED
	* ABILITYMODIFIER
	* ON
	* LESS
	* QUALIFIER
	* LEVEL
	* WITHOUT
	* BLOCKED
	* UNATTACHED
	* LOOK
	* SUSPECT
	* PLAYERCHARACTERISTIC
	* EXILE
	* TAPPEDSTATUSMODIFIER
	* REMAIN
	* REVEAL
	* TURN
	* EQUAL
	* AT
	* ONTO
	* YOUR
	* TYPE
	* SUBTYPELAND
	* UP
	* EFFECTSTATUSMODIFIER
	* THEM
	* TRANSFORM
	* FLIP
	* GET
	* ABLE
	* __ANON_19
	* THOSE
	* SUBTYPEENCHANTMENT
	* OBJECTCHARACTERISTIC
	* TIMES
	* RETURN
	* PROLIFERATE
	* LOOKED
	* TARGET
	* PLAYERTERM
	* BE
	* __ANON_14
	* DETAIN
	* CONTROL
	* NON
	* DIE
	* THEN
	* WITH
	* REVEALED
	* CAST
	* STAR
	* GAIN
	* CHOSE
	* FORAGE
	* INTO
	* DISCOVER
	* MAY
	* ATTACH
	* CARDINAL
	* DISCARDED
	* ATTACK
	* UNATTACH
	* WHO
	* CAN
	* PUT
	* LOSE
	* ATTACKED
	* A
	* TAPSYMBOL
	* CYCLE
	* SUBTYPESPELL
	* THEIR
	* DEAL
	* SUPPORT
	* HIMSELF
	* __ANON_17
	* THE
	* ADAPT
	* WHILE
	* MONSTROSITY
	* SACRIFICED
	* IS
	* IT
	* ABANDON
	* IF
	* ACTIVATE
	* ANY
	* BECOME
	* DRAW
	* GOAD
	* MILL
	* AMASS
	* PREVENT
	* EXERT
	* CHOOSE
	* ORDINAL
	* HAVE
	* DREW
	* BOLSTER
	* CONNIVE
	* FROM
	* FREQUENCY
	* ATTACHED
	* TAKE
	* MANIFEST
	* __ANON_21
	* IN
	* ZONE
	* SEARCH
	* THAT
	* ONLY
	* __ANON_18
	* CONVERT
	* THIS
	* WIN
	* CONTROLLED
	* DESTROY
	* SUBTYPEPLANAR
	* UNTIL
	* COMBATSTATUSMODIFIER
	* FOR
	* PAY
	* LEARN
	* HAD
	* REMOVE
	* ITS
	* SAME
	* POPULATE
	* GREATER
	* MELD
	* SUBTYPEPLANESWALKER
	* __ANON_15
	* THESE
	* FATESEAL
	* NAMEREFSYMBOL
	* UNDER
	* OTHERWISE
	* FIGHT
	* EACH
	* MORE
	* DOES
	* ASSIGN
	* ADD
	* TURNED
	* HAS
	* KEYWORDSTATUSMODIFIER
	* TAP
	* EXPLORES
	* __ANON_20
","{T}: Add {C}.
{T}, Sacrifice ~: Search your library for a basic Mountain, Plains, or Swamp card, put it onto the battlefield tapped, then shuffle.
Cycling {R}{W}{B} ({R}{W}{B}, Discard this card: Draw a card.)"
224,Sheltering Landscape,54.3161834879993,False,"No terminal matches 'A' in the current parser context, at line 1 col 6

{T}: Add {C}.
     ^
Expected one of: 
	* DO
	* DOUBLE
	* CLOAK
	* AFTER
	* SUBTYPEARTIFACT
	* SURVEIL
	* WOULD
	* EXCHANGE
	* AS
	* SKIP
	* HERSELF
	* SWITCH
	* ALL
	* LBRACE
	* ITSELF
	* WHEN
	* SUBTYPECREATUREB
	* LSQB
	* SEARCHED
	* NUMBER
	* SCRY
	* SPEND
	* NO
	* SUBTYPECREATUREA
	* SUPERTYPE
	* INVESTIGATE
	* CYCLED
	* OTHER
	* UNTAP
	* PLAYED
	* CREATE
	* GAINED
	* COUNTER
	* COLORTERM
	* AN
	* DAMAGETYPE
	* DASH
	* REGENERATE
	* PLAY
	* SACRIFICE
	* SHUFFLE
	* CLASH
	* X
	* INCUBATE
	* ADDITIONAL
	* DISCARD
	* WHENEVER
	* BLOCK
	* BEEN
	* UNTAPSYMBOL
	* SHUFFLED
	* ABILITYMODIFIER
	* ON
	* LESS
	* QUALIFIER
	* LEVEL
	* WITHOUT
	* BLOCKED
	* UNATTACHED
	* LOOK
	* SUSPECT
	* PLAYERCHARACTERISTIC
	* EXILE
	* TAPPEDSTATUSMODIFIER
	* REMAIN
	* REVEAL
	* TURN
	* EQUAL
	* AT
	* ONTO
	* YOUR
	* TYPE
	* SUBTYPELAND
	* UP
	* EFFECTSTATUSMODIFIER
	* THEM
	* TRANSFORM
	* FLIP
	* GET
	* ABLE
	* __ANON_19
	* THOSE
	* SUBTYPEENCHANTMENT
	* OBJECTCHARACTERISTIC
	* TIMES
	* RETURN
	* PROLIFERATE
	* LOOKED
	* TARGET
	* PLAYERTERM
	* BE
	* __ANON_14
	* DETAIN
	* CONTROL
	* NON
	* DIE
	* THEN
	* WITH
	* REVEALED
	* CAST
	* STAR
	* GAIN
	* CHOSE
	* FORAGE
	* INTO
	* DISCOVER
	* MAY
	* ATTACH
	* CARDINAL
	* DISCARDED
	* ATTACK
	* UNATTACH
	* WHO
	* CAN
	* PUT
	* LOSE
	* ATTACKED
	* A
	* TAPSYMBOL
	* CYCLE
	* SUBTYPESPELL
	* THEIR
	* DEAL
	* SUPPORT
	* HIMSELF
	* __ANON_17
	* THE
	* ADAPT
	* WHILE
	* MONSTROSITY
	* SACRIFICED
	* IS
	* IT
	* ABANDON
	* IF
	* ACTIVATE
	* ANY
	* BECOME
	* DRAW
	* GOAD
	* MILL
	* AMASS
	* PREVENT
	* EXERT
	* CHOOSE
	* ORDINAL
	* HAVE
	* DREW
	* BOLSTER
	* CONNIVE
	* FROM
	* FREQUENCY
	* ATTACHED
	* TAKE
	* MANIFEST
	* __ANON_21
	* IN
	* ZONE
	* SEARCH
	* THAT
	* ONLY
	* __ANON_18
	* CONVERT
	* THIS
	* WIN
	* CONTROLLED
	* DESTROY
	* SUBTYPEPLANAR
	* UNTIL
	* COMBATSTATUSMODIFIER
	* FOR
	* PAY
	* LEARN
	* HAD
	* REMOVE
	* ITS
	* SAME
	* POPULATE
	* GREATER
	* MELD
	* SUBTYPEPLANESWALKER
	* __ANON_15
	* THESE
	* FATESEAL
	* NAMEREFSYMBOL
	* UNDER
	* OTHERWISE
	* FIGHT
	* EACH
	* MORE
	* DOES
	* ASSIGN
	* ADD
	* TURNED
	* HAS
	* KEYWORDSTATUSMODIFIER
	* TAP
	* EXPLORES
	* __ANON_20
","{T}: Add {C}.
{T}, Sacrifice ~: Search your library for a basic Mountain, Forest, or Plains card, put it onto the battlefield tapped, then shuffle.
Cycling {R}{G}{W} ({R}{G}{W}, Discard this card: Draw a card.)"
225,Arena of Glory,208.84964974499962,False,"No terminal matches '.' in the current parser context, at line 1 col 46

ers tapped unless you control a Mountain.
                                        ^
Expected one of: 
	* WORD
	* DASH
","~ enters tapped unless you control a Mountain.
{T}: Add {R}.
{R}, {T}, Exert ~: Add {R}{R}. If that mana is spent on a creature spell, it gains haste until end of turn. (An exerted permanent won't untap during your next untap step.)"
226,Archway of Innovation,228.71850309299953,False,"No terminal matches '.' in the current parser context, at line 1 col 45

ters tapped unless you control an Island.
                                        ^
Expected one of: 
	* WORD
	* DASH
","~ enters tapped unless you control an Island.
{T}: Add {U}.
{U}, {T}: The next spell you cast this turn has improvise. (Your artifacts can help cast that spell. Each artifact you tap after you are done activating mana abilities pays for {1}.)"
227,Snow-Covered Wastes,56.53486803499982,False,"No terminal matches 'A' in the current parser context, at line 1 col 6

{T}: Add {C}.
     ^
Expected one of: 
	* DO
	* DOUBLE
	* CLOAK
	* AFTER
	* SUBTYPEARTIFACT
	* SURVEIL
	* WOULD
	* EXCHANGE
	* AS
	* SKIP
	* HERSELF
	* SWITCH
	* ALL
	* LBRACE
	* ITSELF
	* WHEN
	* SUBTYPECREATUREB
	* LSQB
	* SEARCHED
	* NUMBER
	* SCRY
	* SPEND
	* NO
	* SUBTYPECREATUREA
	* SUPERTYPE
	* INVESTIGATE
	* CYCLED
	* OTHER
	* UNTAP
	* PLAYED
	* CREATE
	* GAINED
	* COUNTER
	* COLORTERM
	* AN
	* DAMAGETYPE
	* DASH
	* REGENERATE
	* PLAY
	* SACRIFICE
	* SHUFFLE
	* CLASH
	* X
	* INCUBATE
	* ADDITIONAL
	* DISCARD
	* WHENEVER
	* BLOCK
	* BEEN
	* UNTAPSYMBOL
	* SHUFFLED
	* ABILITYMODIFIER
	* ON
	* LESS
	* QUALIFIER
	* LEVEL
	* WITHOUT
	* BLOCKED
	* UNATTACHED
	* LOOK
	* SUSPECT
	* PLAYERCHARACTERISTIC
	* EXILE
	* TAPPEDSTATUSMODIFIER
	* REMAIN
	* REVEAL
	* TURN
	* EQUAL
	* AT
	* ONTO
	* YOUR
	* TYPE
	* SUBTYPELAND
	* UP
	* EFFECTSTATUSMODIFIER
	* THEM
	* TRANSFORM
	* FLIP
	* GET
	* ABLE
	* __ANON_19
	* THOSE
	* SUBTYPEENCHANTMENT
	* OBJECTCHARACTERISTIC
	* TIMES
	* RETURN
	* PROLIFERATE
	* LOOKED
	* TARGET
	* PLAYERTERM
	* BE
	* __ANON_14
	* DETAIN
	* CONTROL
	* NON
	* DIE
	* THEN
	* WITH
	* REVEALED
	* CAST
	* STAR
	* GAIN
	* CHOSE
	* FORAGE
	* INTO
	* DISCOVER
	* MAY
	* ATTACH
	* CARDINAL
	* DISCARDED
	* ATTACK
	* UNATTACH
	* WHO
	* CAN
	* PUT
	* LOSE
	* ATTACKED
	* A
	* TAPSYMBOL
	* CYCLE
	* SUBTYPESPELL
	* THEIR
	* DEAL
	* SUPPORT
	* HIMSELF
	* __ANON_17
	* THE
	* ADAPT
	* WHILE
	* MONSTROSITY
	* SACRIFICED
	* IS
	* IT
	* ABANDON
	* IF
	* ACTIVATE
	* ANY
	* BECOME
	* DRAW
	* GOAD
	* MILL
	* AMASS
	* PREVENT
	* EXERT
	* CHOOSE
	* ORDINAL
	* HAVE
	* DREW
	* BOLSTER
	* CONNIVE
	* FROM
	* FREQUENCY
	* ATTACHED
	* TAKE
	* MANIFEST
	* __ANON_21
	* IN
	* ZONE
	* SEARCH
	* THAT
	* ONLY
	* __ANON_18
	* CONVERT
	* THIS
	* WIN
	* CONTROLLED
	* DESTROY
	* SUBTYPEPLANAR
	* UNTIL
	* COMBATSTATUSMODIFIER
	* FOR
	* PAY
	* LEARN
	* HAD
	* REMOVE
	* ITS
	* SAME
	* POPULATE
	* GREATER
	* MELD
	* SUBTYPEPLANESWALKER
	* __ANON_15
	* THESE
	* FATESEAL
	* NAMEREFSYMBOL
	* UNDER
	* OTHERWISE
	* FIGHT
	* EACH
	* MORE
	* DOES
	* ASSIGN
	* ADD
	* TURNED
	* HAS
	* KEYWORDSTATUSMODIFIER
	* TAP
	* EXPLORES
	* __ANON_20
",{T}: Add {C}.
228,Tranquil Landscape,53.124331851000534,False,"No terminal matches 'A' in the current parser context, at line 1 col 6

{T}: Add {C}.
     ^
Expected one of: 
	* DO
	* DOUBLE
	* CLOAK
	* AFTER
	* SUBTYPEARTIFACT
	* SURVEIL
	* WOULD
	* EXCHANGE
	* AS
	* SKIP
	* HERSELF
	* SWITCH
	* ALL
	* LBRACE
	* ITSELF
	* WHEN
	* SUBTYPECREATUREB
	* LSQB
	* SEARCHED
	* NUMBER
	* SCRY
	* SPEND
	* NO
	* SUBTYPECREATUREA
	* SUPERTYPE
	* INVESTIGATE
	* CYCLED
	* OTHER
	* UNTAP
	* PLAYED
	* CREATE
	* GAINED
	* COUNTER
	* COLORTERM
	* AN
	* DAMAGETYPE
	* DASH
	* REGENERATE
	* PLAY
	* SACRIFICE
	* SHUFFLE
	* CLASH
	* X
	* INCUBATE
	* ADDITIONAL
	* DISCARD
	* WHENEVER
	* BLOCK
	* BEEN
	* UNTAPSYMBOL
	* SHUFFLED
	* ABILITYMODIFIER
	* ON
	* LESS
	* QUALIFIER
	* LEVEL
	* WITHOUT
	* BLOCKED
	* UNATTACHED
	* LOOK
	* SUSPECT
	* PLAYERCHARACTERISTIC
	* EXILE
	* TAPPEDSTATUSMODIFIER
	* REMAIN
	* REVEAL
	* TURN
	* EQUAL
	* AT
	* ONTO
	* YOUR
	* TYPE
	* SUBTYPELAND
	* UP
	* EFFECTSTATUSMODIFIER
	* THEM
	* TRANSFORM
	* FLIP
	* GET
	* ABLE
	* __ANON_19
	* THOSE
	* SUBTYPEENCHANTMENT
	* OBJECTCHARACTERISTIC
	* TIMES
	* RETURN
	* PROLIFERATE
	* LOOKED
	* TARGET
	* PLAYERTERM
	* BE
	* __ANON_14
	* DETAIN
	* CONTROL
	* NON
	* DIE
	* THEN
	* WITH
	* REVEALED
	* CAST
	* STAR
	* GAIN
	* CHOSE
	* FORAGE
	* INTO
	* DISCOVER
	* MAY
	* ATTACH
	* CARDINAL
	* DISCARDED
	* ATTACK
	* UNATTACH
	* WHO
	* CAN
	* PUT
	* LOSE
	* ATTACKED
	* A
	* TAPSYMBOL
	* CYCLE
	* SUBTYPESPELL
	* THEIR
	* DEAL
	* SUPPORT
	* HIMSELF
	* __ANON_17
	* THE
	* ADAPT
	* WHILE
	* MONSTROSITY
	* SACRIFICED
	* IS
	* IT
	* ABANDON
	* IF
	* ACTIVATE
	* ANY
	* BECOME
	* DRAW
	* GOAD
	* MILL
	* AMASS
	* PREVENT
	* EXERT
	* CHOOSE
	* ORDINAL
	* HAVE
	* DREW
	* BOLSTER
	* CONNIVE
	* FROM
	* FREQUENCY
	* ATTACHED
	* TAKE
	* MANIFEST
	* __ANON_21
	* IN
	* ZONE
	* SEARCH
	* THAT
	* ONLY
	* __ANON_18
	* CONVERT
	* THIS
	* WIN
	* CONTROLLED
	* DESTROY
	* SUBTYPEPLANAR
	* UNTIL
	* COMBATSTATUSMODIFIER
	* FOR
	* PAY
	* LEARN
	* HAD
	* REMOVE
	* ITS
	* SAME
	* POPULATE
	* GREATER
	* MELD
	* SUBTYPEPLANESWALKER
	* __ANON_15
	* THESE
	* FATESEAL
	* NAMEREFSYMBOL
	* UNDER
	* OTHERWISE
	* FIGHT
	* EACH
	* MORE
	* DOES
	* ASSIGN
	* ADD
	* TURNED
	* HAS
	* KEYWORDSTATUSMODIFIER
	* TAP
	* EXPLORES
	* __ANON_20
","{T}: Add {C}.
{T}, Sacrifice ~: Search your library for a basic Forest, Plains, or Island card, put it onto the battlefield tapped, then shuffle.
Cycling {G}{W}{U} ({G}{W}{U}, Discard this card: Draw a card.)"
229,Twisted Landscape,53.02970963000007,False,"No terminal matches 'A' in the current parser context, at line 1 col 6

{T}: Add {C}.
     ^
Expected one of: 
	* DO
	* DOUBLE
	* CLOAK
	* AFTER
	* SUBTYPEARTIFACT
	* SURVEIL
	* WOULD
	* EXCHANGE
	* AS
	* SKIP
	* HERSELF
	* SWITCH
	* ALL
	* LBRACE
	* ITSELF
	* WHEN
	* SUBTYPECREATUREB
	* LSQB
	* SEARCHED
	* NUMBER
	* SCRY
	* SPEND
	* NO
	* SUBTYPECREATUREA
	* SUPERTYPE
	* INVESTIGATE
	* CYCLED
	* OTHER
	* UNTAP
	* PLAYED
	* CREATE
	* GAINED
	* COUNTER
	* COLORTERM
	* AN
	* DAMAGETYPE
	* DASH
	* REGENERATE
	* PLAY
	* SACRIFICE
	* SHUFFLE
	* CLASH
	* X
	* INCUBATE
	* ADDITIONAL
	* DISCARD
	* WHENEVER
	* BLOCK
	* BEEN
	* UNTAPSYMBOL
	* SHUFFLED
	* ABILITYMODIFIER
	* ON
	* LESS
	* QUALIFIER
	* LEVEL
	* WITHOUT
	* BLOCKED
	* UNATTACHED
	* LOOK
	* SUSPECT
	* PLAYERCHARACTERISTIC
	* EXILE
	* TAPPEDSTATUSMODIFIER
	* REMAIN
	* REVEAL
	* TURN
	* EQUAL
	* AT
	* ONTO
	* YOUR
	* TYPE
	* SUBTYPELAND
	* UP
	* EFFECTSTATUSMODIFIER
	* THEM
	* TRANSFORM
	* FLIP
	* GET
	* ABLE
	* __ANON_19
	* THOSE
	* SUBTYPEENCHANTMENT
	* OBJECTCHARACTERISTIC
	* TIMES
	* RETURN
	* PROLIFERATE
	* LOOKED
	* TARGET
	* PLAYERTERM
	* BE
	* __ANON_14
	* DETAIN
	* CONTROL
	* NON
	* DIE
	* THEN
	* WITH
	* REVEALED
	* CAST
	* STAR
	* GAIN
	* CHOSE
	* FORAGE
	* INTO
	* DISCOVER
	* MAY
	* ATTACH
	* CARDINAL
	* DISCARDED
	* ATTACK
	* UNATTACH
	* WHO
	* CAN
	* PUT
	* LOSE
	* ATTACKED
	* A
	* TAPSYMBOL
	* CYCLE
	* SUBTYPESPELL
	* THEIR
	* DEAL
	* SUPPORT
	* HIMSELF
	* __ANON_17
	* THE
	* ADAPT
	* WHILE
	* MONSTROSITY
	* SACRIFICED
	* IS
	* IT
	* ABANDON
	* IF
	* ACTIVATE
	* ANY
	* BECOME
	* DRAW
	* GOAD
	* MILL
	* AMASS
	* PREVENT
	* EXERT
	* CHOOSE
	* ORDINAL
	* HAVE
	* DREW
	* BOLSTER
	* CONNIVE
	* FROM
	* FREQUENCY
	* ATTACHED
	* TAKE
	* MANIFEST
	* __ANON_21
	* IN
	* ZONE
	* SEARCH
	* THAT
	* ONLY
	* __ANON_18
	* CONVERT
	* THIS
	* WIN
	* CONTROLLED
	* DESTROY
	* SUBTYPEPLANAR
	* UNTIL
	* COMBATSTATUSMODIFIER
	* FOR
	* PAY
	* LEARN
	* HAD
	* REMOVE
	* ITS
	* SAME
	* POPULATE
	* GREATER
	* MELD
	* SUBTYPEPLANESWALKER
	* __ANON_15
	* THESE
	* FATESEAL
	* NAMEREFSYMBOL
	* UNDER
	* OTHERWISE
	* FIGHT
	* EACH
	* MORE
	* DOES
	* ASSIGN
	* ADD
	* TURNED
	* HAS
	* KEYWORDSTATUSMODIFIER
	* TAP
	* EXPLORES
	* __ANON_20
","{T}: Add {C}.
{T}, Sacrifice ~: Search your library for a basic Swamp, Mountain, or Forest card, put it onto the battlefield tapped, then shuffle.
Cycling {B}{R}{G} ({B}{R}{G}, Discard this card: Draw a card.)"
230,Urza's Cave,49.92242059400087,False,"No terminal matches 'A' in the current parser context, at line 1 col 6

{T}: Add {C}.
     ^
Expected one of: 
	* DO
	* DOUBLE
	* CLOAK
	* AFTER
	* SUBTYPEARTIFACT
	* SURVEIL
	* WOULD
	* EXCHANGE
	* AS
	* SKIP
	* HERSELF
	* SWITCH
	* ALL
	* LBRACE
	* ITSELF
	* WHEN
	* SUBTYPECREATUREB
	* LSQB
	* SEARCHED
	* NUMBER
	* SCRY
	* SPEND
	* NO
	* SUBTYPECREATUREA
	* SUPERTYPE
	* INVESTIGATE
	* CYCLED
	* OTHER
	* UNTAP
	* PLAYED
	* CREATE
	* GAINED
	* COUNTER
	* COLORTERM
	* AN
	* DAMAGETYPE
	* DASH
	* REGENERATE
	* PLAY
	* SACRIFICE
	* SHUFFLE
	* CLASH
	* X
	* INCUBATE
	* ADDITIONAL
	* DISCARD
	* WHENEVER
	* BLOCK
	* BEEN
	* UNTAPSYMBOL
	* SHUFFLED
	* ABILITYMODIFIER
	* ON
	* LESS
	* QUALIFIER
	* LEVEL
	* WITHOUT
	* BLOCKED
	* UNATTACHED
	* LOOK
	* SUSPECT
	* PLAYERCHARACTERISTIC
	* EXILE
	* TAPPEDSTATUSMODIFIER
	* REMAIN
	* REVEAL
	* TURN
	* EQUAL
	* AT
	* ONTO
	* YOUR
	* TYPE
	* SUBTYPELAND
	* UP
	* EFFECTSTATUSMODIFIER
	* THEM
	* TRANSFORM
	* FLIP
	* GET
	* ABLE
	* __ANON_19
	* THOSE
	* SUBTYPEENCHANTMENT
	* OBJECTCHARACTERISTIC
	* TIMES
	* RETURN
	* PROLIFERATE
	* LOOKED
	* TARGET
	* PLAYERTERM
	* BE
	* __ANON_14
	* DETAIN
	* CONTROL
	* NON
	* DIE
	* THEN
	* WITH
	* REVEALED
	* CAST
	* STAR
	* GAIN
	* CHOSE
	* FORAGE
	* INTO
	* DISCOVER
	* MAY
	* ATTACH
	* CARDINAL
	* DISCARDED
	* ATTACK
	* UNATTACH
	* WHO
	* CAN
	* PUT
	* LOSE
	* ATTACKED
	* A
	* TAPSYMBOL
	* CYCLE
	* SUBTYPESPELL
	* THEIR
	* DEAL
	* SUPPORT
	* HIMSELF
	* __ANON_17
	* THE
	* ADAPT
	* WHILE
	* MONSTROSITY
	* SACRIFICED
	* IS
	* IT
	* ABANDON
	* IF
	* ACTIVATE
	* ANY
	* BECOME
	* DRAW
	* GOAD
	* MILL
	* AMASS
	* PREVENT
	* EXERT
	* CHOOSE
	* ORDINAL
	* HAVE
	* DREW
	* BOLSTER
	* CONNIVE
	* FROM
	* FREQUENCY
	* ATTACHED
	* TAKE
	* MANIFEST
	* __ANON_21
	* IN
	* ZONE
	* SEARCH
	* THAT
	* ONLY
	* __ANON_18
	* CONVERT
	* THIS
	* WIN
	* CONTROLLED
	* DESTROY
	* SUBTYPEPLANAR
	* UNTIL
	* COMBATSTATUSMODIFIER
	* FOR
	* PAY
	* LEARN
	* HAD
	* REMOVE
	* ITS
	* SAME
	* POPULATE
	* GREATER
	* MELD
	* SUBTYPEPLANESWALKER
	* __ANON_15
	* THESE
	* FATESEAL
	* NAMEREFSYMBOL
	* UNDER
	* OTHERWISE
	* FIGHT
	* EACH
	* MORE
	* DOES
	* ASSIGN
	* ADD
	* TURNED
	* HAS
	* KEYWORDSTATUSMODIFIER
	* TAP
	* EXPLORES
	* __ANON_20
","{T}: Add {C}.
{3}, {T}, Sacrifice ~: Search your library for a land card, put it onto the battlefield tapped, then shuffle."
231,Ugin's Labyrinth,52.231687843001055,False,"No terminal matches 'W' in the current parser context, at line 1 col 11

Imprint — When ~ enters, you may exile a colorless
          ^
Expected one of: 
	* DO
	* DOUBLE
	* CLOAK
	* AFTER
	* SUBTYPEARTIFACT
	* SURVEIL
	* WOULD
	* EXCHANGE
	* AS
	* SKIP
	* HERSELF
	* SWITCH
	* ALL
	* LBRACE
	* ITSELF
	* WHEN
	* SUBTYPECREATUREB
	* LSQB
	* SEARCHED
	* NUMBER
	* SCRY
	* SPEND
	* NO
	* SUBTYPECREATUREA
	* SUPERTYPE
	* INVESTIGATE
	* CYCLED
	* OTHER
	* UNTAP
	* PLAYED
	* CREATE
	* GAINED
	* COUNTER
	* COLORTERM
	* AN
	* DAMAGETYPE
	* DASH
	* REGENERATE
	* PLAY
	* SACRIFICE
	* SHUFFLE
	* CLASH
	* X
	* INCUBATE
	* ADDITIONAL
	* DISCARD
	* WHENEVER
	* BLOCK
	* BEEN
	* UNTAPSYMBOL
	* SHUFFLED
	* ABILITYMODIFIER
	* ON
	* LESS
	* QUALIFIER
	* LEVEL
	* WITHOUT
	* BLOCKED
	* UNATTACHED
	* LOOK
	* SUSPECT
	* PLAYERCHARACTERISTIC
	* EXILE
	* TAPPEDSTATUSMODIFIER
	* REMAIN
	* REVEAL
	* TURN
	* EQUAL
	* AT
	* ONTO
	* YOUR
	* TYPE
	* SUBTYPELAND
	* UP
	* EFFECTSTATUSMODIFIER
	* THEM
	* TRANSFORM
	* FLIP
	* GET
	* ABLE
	* __ANON_19
	* THOSE
	* SUBTYPEENCHANTMENT
	* OBJECTCHARACTERISTIC
	* TIMES
	* RETURN
	* PROLIFERATE
	* LOOKED
	* TARGET
	* PLAYERTERM
	* BE
	* __ANON_14
	* DETAIN
	* CONTROL
	* NON
	* DIE
	* THEN
	* WITH
	* REVEALED
	* CAST
	* STAR
	* GAIN
	* CHOSE
	* FORAGE
	* INTO
	* DISCOVER
	* MAY
	* ATTACH
	* CARDINAL
	* DISCARDED
	* ATTACK
	* UNATTACH
	* WHO
	* CAN
	* PUT
	* LOSE
	* ATTACKED
	* A
	* TAPSYMBOL
	* CYCLE
	* SUBTYPESPELL
	* THEIR
	* DEAL
	* SUPPORT
	* HIMSELF
	* __ANON_17
	* THE
	* ADAPT
	* WHILE
	* MONSTROSITY
	* SACRIFICED
	* IS
	* IT
	* ABANDON
	* IF
	* ACTIVATE
	* ANY
	* BECOME
	* DRAW
	* GOAD
	* MILL
	* AMASS
	* PREVENT
	* EXERT
	* CHOOSE
	* ORDINAL
	* HAVE
	* DREW
	* BOLSTER
	* CONNIVE
	* FROM
	* FREQUENCY
	* ATTACHED
	* TAKE
	* MANIFEST
	* __ANON_21
	* IN
	* ZONE
	* SEARCH
	* THAT
	* ONLY
	* __ANON_18
	* CONVERT
	* THIS
	* WIN
	* CONTROLLED
	* DESTROY
	* SUBTYPEPLANAR
	* UNTIL
	* COMBATSTATUSMODIFIER
	* FOR
	* PAY
	* LEARN
	* HAD
	* REMOVE
	* ITS
	* SAME
	* POPULATE
	* GREATER
	* MELD
	* SUBTYPEPLANESWALKER
	* __ANON_15
	* THESE
	* FATESEAL
	* NAMEREFSYMBOL
	* UNDER
	* OTHERWISE
	* FIGHT
	* EACH
	* MORE
	* DOES
	* ASSIGN
	* ADD
	* TURNED
	* HAS
	* KEYWORDSTATUSMODIFIER
	* TAP
	* EXPLORES
	* __ANON_20
","Imprint — When ~ enters, you may exile a colorless card with mana value 7 or greater from your hand.
{T}: Add {C}. If a card is exiled with ~, add {C}{C} instead.
{T}: Return the exiled card to its owner's hand."
232,Windswept Heath,46.51022586700128,False,"No terminal matches 'P' in the current parser context, at line 1 col 6

{T}, Pay 1 life, Sacrifice ~: Search your lib
     ^
Expected one of: 
	* DOUBLE
	* CLOAK
	* SUBTYPEARTIFACT
	* SURVEIL
	* EXCHANGE
	* SKIP
	* HERSELF
	* SWITCH
	* ALL
	* LBRACE
	* ITSELF
	* SUBTYPECREATUREB
	* LSQB
	* SEARCHED
	* NUMBER
	* SCRY
	* SPEND
	* NO
	* SUBTYPECREATUREA
	* SUPERTYPE
	* INVESTIGATE
	* CYCLED
	* OTHER
	* UNTAP
	* PLAYED
	* CREATE
	* GAINED
	* COUNTER
	* COLORTERM
	* AN
	* DAMAGETYPE
	* REGENERATE
	* PLAY
	* SACRIFICE
	* CLASH
	* SHUFFLE
	* INCUBATE
	* X
	* ADDITIONAL
	* DISCARD
	* BLOCK
	* UNTAPSYMBOL
	* SHUFFLED
	* ABILITYMODIFIER
	* ON
	* LESS
	* QUALIFIER
	* LEVEL
	* WITHOUT
	* BLOCKED
	* UNATTACHED
	* LOOK
	* SUSPECT
	* PLAYERCHARACTERISTIC
	* EXILE
	* TAPPEDSTATUSMODIFIER
	* REMAIN
	* REVEAL
	* TURN
	* EQUAL
	* ONTO
	* YOUR
	* TYPE
	* SUBTYPELAND
	* UP
	* EFFECTSTATUSMODIFIER
	* THEM
	* TRANSFORM
	* FLIP
	* GET
	* ABLE
	* __ANON_19
	* THOSE
	* SUBTYPEENCHANTMENT
	* OBJECTCHARACTERISTIC
	* PROLIFERATE
	* RETURN
	* TIMES
	* LOOKED
	* TARGET
	* PLAYERTERM
	* __ANON_14
	* DETAIN
	* CONTROL
	* NON
	* DIE
	* WITH
	* REVEALED
	* CAST
	* CHOSE
	* GAIN
	* FORAGE
	* STAR
	* INTO
	* DISCOVER
	* ATTACH
	* CARDINAL
	* DISCARDED
	* ATTACK
	* UNATTACH
	* WHO
	* PUT
	* LOSE
	* ATTACKED
	* CYCLE
	* A
	* SUBTYPESPELL
	* TAPSYMBOL
	* THEIR
	* DEAL
	* SUPPORT
	* __ANON_17
	* HIMSELF
	* THE
	* ADAPT
	* MONSTROSITY
	* SACRIFICED
	* ABANDON
	* IT
	* ACTIVATE
	* ANY
	* DRAW
	* GOAD
	* MILL
	* AMASS
	* PREVENT
	* EXERT
	* CHOOSE
	* DREW
	* BOLSTER
	* ORDINAL
	* CONNIVE
	* FROM
	* FREQUENCY
	* ATTACHED
	* TAKE
	* MANIFEST
	* __ANON_21
	* IN
	* ZONE
	* SEARCH
	* ONLY
	* THAT
	* __ANON_18
	* CONVERT
	* THIS
	* WIN
	* CONTROLLED
	* DESTROY
	* SUBTYPEPLANAR
	* COMBATSTATUSMODIFIER
	* PAY
	* LEARN
	* REMOVE
	* ITS
	* SAME
	* POPULATE
	* MELD
	* GREATER
	* SUBTYPEPLANESWALKER
	* __ANON_15
	* THESE
	* FATESEAL
	* NAMEREFSYMBOL
	* UNDER
	* FIGHT
	* EACH
	* TURNED
	* ASSIGN
	* MORE
	* ADD
	* KEYWORDSTATUSMODIFIER
	* TAP
	* EXPLORES
	* __ANON_20
","{T}, Pay 1 life, Sacrifice ~: Search your library for a Forest or Plains card, put it onto the battlefield, then shuffle."
233,Wooded Foothills,45.602234117999615,False,"No terminal matches 'P' in the current parser context, at line 1 col 6

{T}, Pay 1 life, Sacrifice ~: Search your lib
     ^
Expected one of: 
	* DOUBLE
	* CLOAK
	* SUBTYPEARTIFACT
	* SURVEIL
	* EXCHANGE
	* SKIP
	* HERSELF
	* SWITCH
	* ALL
	* LBRACE
	* ITSELF
	* SUBTYPECREATUREB
	* LSQB
	* SEARCHED
	* NUMBER
	* SCRY
	* SPEND
	* NO
	* SUBTYPECREATUREA
	* SUPERTYPE
	* INVESTIGATE
	* CYCLED
	* OTHER
	* UNTAP
	* PLAYED
	* CREATE
	* GAINED
	* COUNTER
	* COLORTERM
	* AN
	* DAMAGETYPE
	* REGENERATE
	* PLAY
	* SACRIFICE
	* CLASH
	* SHUFFLE
	* INCUBATE
	* X
	* ADDITIONAL
	* DISCARD
	* BLOCK
	* UNTAPSYMBOL
	* SHUFFLED
	* ABILITYMODIFIER
	* ON
	* LESS
	* QUALIFIER
	* LEVEL
	* WITHOUT
	* BLOCKED
	* UNATTACHED
	* LOOK
	* SUSPECT
	* PLAYERCHARACTERISTIC
	* EXILE
	* TAPPEDSTATUSMODIFIER
	* REMAIN
	* REVEAL
	* TURN
	* EQUAL
	* ONTO
	* YOUR
	* TYPE
	* SUBTYPELAND
	* UP
	* EFFECTSTATUSMODIFIER
	* THEM
	* TRANSFORM
	* FLIP
	* GET
	* ABLE
	* __ANON_19
	* THOSE
	* SUBTYPEENCHANTMENT
	* OBJECTCHARACTERISTIC
	* PROLIFERATE
	* RETURN
	* TIMES
	* LOOKED
	* TARGET
	* PLAYERTERM
	* __ANON_14
	* DETAIN
	* CONTROL
	* NON
	* DIE
	* WITH
	* REVEALED
	* CAST
	* CHOSE
	* GAIN
	* FORAGE
	* STAR
	* INTO
	* DISCOVER
	* ATTACH
	* CARDINAL
	* DISCARDED
	* ATTACK
	* UNATTACH
	* WHO
	* PUT
	* LOSE
	* ATTACKED
	* CYCLE
	* A
	* SUBTYPESPELL
	* TAPSYMBOL
	* THEIR
	* DEAL
	* SUPPORT
	* __ANON_17
	* HIMSELF
	* THE
	* ADAPT
	* MONSTROSITY
	* SACRIFICED
	* ABANDON
	* IT
	* ACTIVATE
	* ANY
	* DRAW
	* GOAD
	* MILL
	* AMASS
	* PREVENT
	* EXERT
	* CHOOSE
	* DREW
	* BOLSTER
	* ORDINAL
	* CONNIVE
	* FROM
	* FREQUENCY
	* ATTACHED
	* TAKE
	* MANIFEST
	* __ANON_21
	* IN
	* ZONE
	* SEARCH
	* ONLY
	* THAT
	* __ANON_18
	* CONVERT
	* THIS
	* WIN
	* CONTROLLED
	* DESTROY
	* SUBTYPEPLANAR
	* COMBATSTATUSMODIFIER
	* PAY
	* LEARN
	* REMOVE
	* ITS
	* SAME
	* POPULATE
	* MELD
	* GREATER
	* SUBTYPEPLANESWALKER
	* __ANON_15
	* THESE
	* FATESEAL
	* NAMEREFSYMBOL
	* UNDER
	* FIGHT
	* EACH
	* TURNED
	* ASSIGN
	* MORE
	* ADD
	* KEYWORDSTATUSMODIFIER
	* TAP
	* EXPLORES
	* __ANON_20
","{T}, Pay 1 life, Sacrifice ~: Search your library for a Mountain or Forest card, put it onto the battlefield, then shuffle."
234,"Ajani, Nacatl Pariah",26.90042064899899,False,"No terminal matches '~' in the current parser context, at line 1 col 6

When ~f enters, create a 2/1 white Cat Warrio
     ^
Expected one of: 
	* WORD
	* DASH
","When ~f enters, create a 2/1 white Cat Warrior creature token.
Whenever one or more other Cats you control die, you may exile ~, then return him to the battlefield transformed under his owner's control."
235,Razorgrass Field,27.808895778998703,False,"No terminal matches '~' in the current parser context, at line 1 col 4

As ~ enters, you may pay 3 life. If you do 
   ^
Expected one of: 
	* WORD
	* DASH
","As ~ enters, you may pay 3 life. If you do not, it enters tapped.
{T}: Add {W}."
236,Monumental Henge,207.08056985800067,False,"No terminal matches '.' in the current parser context, at line 1 col 44

nters tapped unless you control a Plains.
                                        ^
Expected one of: 
	* WORD
	* DASH
","~ enters tapped unless you control a Plains.
{T}: Add {W}.
{2}{W}{W}, {T}: Look at the top five cards of your library. You may reveal a historic card from among them and put it into your hand. Put the rest on the bottom of your library in a random order. (Artifacts, legendaries, and Sagas are historic.)"
237,Witch Enchanter,29.985409929000525,False,"No terminal matches '~' in the current parser context, at line 1 col 6

When ~ enters, destroy target artifact or enc
     ^
Expected one of: 
	* WORD
	* DASH
","When ~ enters, destroy target artifact or enchantment an opponent controls."
238,"Ajani, Nacatl Avenger",49.619892675998926,False,"No terminal matches 'P' in the current parser context, at line 1 col 7

[+2]: Put a +1/+1 counter on each Cat you cont
      ^
Expected one of: 
	* DO
	* DOUBLE
	* CLOAK
	* AFTER
	* SUBTYPEARTIFACT
	* SURVEIL
	* WOULD
	* EXCHANGE
	* AS
	* SKIP
	* HERSELF
	* SWITCH
	* ALL
	* LBRACE
	* ITSELF
	* WHEN
	* SUBTYPECREATUREB
	* LSQB
	* SEARCHED
	* NUMBER
	* SCRY
	* SPEND
	* NO
	* SUBTYPECREATUREA
	* SUPERTYPE
	* INVESTIGATE
	* CYCLED
	* OTHER
	* UNTAP
	* PLAYED
	* CREATE
	* GAINED
	* COUNTER
	* COLORTERM
	* AN
	* DAMAGETYPE
	* DASH
	* REGENERATE
	* PLAY
	* SACRIFICE
	* SHUFFLE
	* CLASH
	* X
	* INCUBATE
	* ADDITIONAL
	* DISCARD
	* WHENEVER
	* BLOCK
	* BEEN
	* UNTAPSYMBOL
	* SHUFFLED
	* ABILITYMODIFIER
	* ON
	* LESS
	* QUALIFIER
	* LEVEL
	* WITHOUT
	* BLOCKED
	* UNATTACHED
	* LOOK
	* SUSPECT
	* PLAYERCHARACTERISTIC
	* EXILE
	* TAPPEDSTATUSMODIFIER
	* REMAIN
	* REVEAL
	* TURN
	* EQUAL
	* AT
	* ONTO
	* YOUR
	* TYPE
	* SUBTYPELAND
	* UP
	* EFFECTSTATUSMODIFIER
	* THEM
	* TRANSFORM
	* FLIP
	* GET
	* ABLE
	* __ANON_19
	* THOSE
	* SUBTYPEENCHANTMENT
	* OBJECTCHARACTERISTIC
	* TIMES
	* RETURN
	* PROLIFERATE
	* LOOKED
	* TARGET
	* PLAYERTERM
	* BE
	* __ANON_14
	* DETAIN
	* CONTROL
	* NON
	* DIE
	* THEN
	* WITH
	* REVEALED
	* CAST
	* STAR
	* GAIN
	* CHOSE
	* FORAGE
	* INTO
	* DISCOVER
	* MAY
	* ATTACH
	* CARDINAL
	* DISCARDED
	* ATTACK
	* UNATTACH
	* WHO
	* CAN
	* PUT
	* LOSE
	* ATTACKED
	* A
	* TAPSYMBOL
	* CYCLE
	* SUBTYPESPELL
	* THEIR
	* DEAL
	* SUPPORT
	* HIMSELF
	* __ANON_17
	* THE
	* ADAPT
	* WHILE
	* MONSTROSITY
	* SACRIFICED
	* IS
	* IT
	* ABANDON
	* IF
	* ACTIVATE
	* ANY
	* BECOME
	* DRAW
	* GOAD
	* MILL
	* AMASS
	* PREVENT
	* EXERT
	* CHOOSE
	* ORDINAL
	* HAVE
	* DREW
	* BOLSTER
	* CONNIVE
	* FROM
	* FREQUENCY
	* ATTACHED
	* TAKE
	* MANIFEST
	* __ANON_21
	* IN
	* ZONE
	* SEARCH
	* THAT
	* ONLY
	* __ANON_18
	* CONVERT
	* THIS
	* WIN
	* CONTROLLED
	* DESTROY
	* SUBTYPEPLANAR
	* UNTIL
	* COMBATSTATUSMODIFIER
	* FOR
	* PAY
	* LEARN
	* HAD
	* REMOVE
	* ITS
	* SAME
	* POPULATE
	* GREATER
	* MELD
	* SUBTYPEPLANESWALKER
	* __ANON_15
	* THESE
	* FATESEAL
	* NAMEREFSYMBOL
	* UNDER
	* OTHERWISE
	* FIGHT
	* EACH
	* MORE
	* DOES
	* ASSIGN
	* ADD
	* TURNED
	* HAS
	* KEYWORDSTATUSMODIFIER
	* TAP
	* EXPLORES
	* __ANON_20
","[+2]: Put a +1/+1 counter on each Cat you control.
[0]: Create a 2/1 white Cat Warrior creature token. When you do, if you control a red permanent other than ~f, he deals damage equal to the number of creatures you control to any target.
[−4]: Each opponent chooses an artifact, a creature, an enchantment, and a planeswalker from among the nonland permanents they control, then sacrifices the rest."
239,Witch-Blessed Meadow,27.938559727999746,False,"No terminal matches '~' in the current parser context, at line 1 col 4

As ~ enters, you may pay 3 life. If you do 
   ^
Expected one of: 
	* WORD
	* DASH
","As ~ enters, you may pay 3 life. If you do not, it enters tapped.
{T}: Add {W}."
240,Hydroelectric Specimen,20.790986924999743,False,"No terminal matches '~' in the current parser context, at line 2 col 6

When ~ enters, you may change the target of t
     ^
Expected one of: 
	* WORD
	* DASH
","Flash
When ~ enters, you may change the target of target instant or sorcery spell with a single target to ~."
241,Hydroelectric Laboratory,30.27792577600121,False,"No terminal matches '~' in the current parser context, at line 1 col 4

As ~ enters, you may pay 3 life. If you do 
   ^
Expected one of: 
	* WORD
	* DASH
","As ~ enters, you may pay 3 life. If you do not, it enters tapped.
{T}: Add {U}."
242,Sink into Stupor,30.722654765000698,False,"No terminal matches ''' in the current parser context, at line 1 col 75

manent an opponent controls to its owner's hand.
                                        ^
Expected one of: 
	* WORD
	* DASH
",Return target spell or nonland permanent an opponent controls to its owner's hand.
243,"Tamiyo, Inquisitive Student",23.508221533000324,False,"No terminal matches '~' in the current parser context, at line 2 col 10

Whenever ~f attacks, investigate. (Create a Clue 
         ^
Expected one of: 
	* WORD
	* DASH
","Flying
Whenever ~f attacks, investigate. (Create a Clue token. it is an artifact with ""{2}, Sacrifice this artifact: Draw a card."".)
When you draw your third card in a turn, exile ~, then return her to the battlefield transformed under her owner's control."
244,Soporific Springs,28.457381448000888,False,"No terminal matches '~' in the current parser context, at line 1 col 4

As ~ enters, you may pay 3 life. If you do 
   ^
Expected one of: 
	* WORD
	* DASH
","As ~ enters, you may pay 3 life. If you do not, it enters tapped.
{T}: Add {U}."
245,Boggart Trawler,24.805904839000505,False,"No terminal matches '~' in the current parser context, at line 1 col 6

When ~ enters, exile target player's graveyar
     ^
Expected one of: 
	* WORD
	* DASH
","When ~ enters, exile target player's graveyard."
246,Boggart Bog,27.28625992200068,False,"No terminal matches '~' in the current parser context, at line 1 col 4

As ~ enters, you may pay 3 life. If you do 
   ^
Expected one of: 
	* WORD
	* DASH
","As ~ enters, you may pay 3 life. If you do not, it enters tapped.
{T}: Add {B}."
247,Fell the Profane,25.54792261500006,False,"No terminal matches '.' in the current parser context, at line 1 col 40

Destroy target creature or planeswalker.
                                       ^
Expected one of: 
	* WORD
	* DASH
",Destroy target creature or planeswalker.
248,Fell Mire,24.863544992000243,False,"No terminal matches '~' in the current parser context, at line 1 col 4

As ~ enters, you may pay 3 life. If you do 
   ^
Expected one of: 
	* WORD
	* DASH
","As ~ enters, you may pay 3 life. If you do not, it enters tapped.
{T}: Add {B}."
249,Shifting Woodland,214.51534226600052,False,"No terminal matches '.' in the current parser context, at line 1 col 44

nters tapped unless you control a Forest.
                                        ^
Expected one of: 
	* WORD
	* DASH
","~ enters tapped unless you control a Forest.
{T}: Add {G}.
Delirium — {2}{G}{G}: ~ becomes a copy of target permanent card in your graveyard until end of turn. Activate only if there are four or more card types among cards in your graveyard."
250,"Tamiyo, Seasoned Scholar",52.622994058001495,False,"No terminal matches 'U' in the current parser context, at line 1 col 7

[+2]: Until your next turn, whenever a creatur
      ^
Expected one of: 
	* DO
	* DOUBLE
	* CLOAK
	* AFTER
	* SUBTYPEARTIFACT
	* SURVEIL
	* WOULD
	* EXCHANGE
	* AS
	* SKIP
	* HERSELF
	* SWITCH
	* ALL
	* LBRACE
	* ITSELF
	* WHEN
	* SUBTYPECREATUREB
	* LSQB
	* SEARCHED
	* NUMBER
	* SCRY
	* SPEND
	* NO
	* SUBTYPECREATUREA
	* SUPERTYPE
	* INVESTIGATE
	* CYCLED
	* OTHER
	* UNTAP
	* PLAYED
	* CREATE
	* GAINED
	* COUNTER
	* COLORTERM
	* AN
	* DAMAGETYPE
	* DASH
	* REGENERATE
	* PLAY
	* SACRIFICE
	* SHUFFLE
	* CLASH
	* X
	* INCUBATE
	* ADDITIONAL
	* DISCARD
	* WHENEVER
	* BLOCK
	* BEEN
	* UNTAPSYMBOL
	* SHUFFLED
	* ABILITYMODIFIER
	* ON
	* LESS
	* QUALIFIER
	* LEVEL
	* WITHOUT
	* BLOCKED
	* UNATTACHED
	* LOOK
	* SUSPECT
	* PLAYERCHARACTERISTIC
	* EXILE
	* TAPPEDSTATUSMODIFIER
	* REMAIN
	* REVEAL
	* TURN
	* EQUAL
	* AT
	* ONTO
	* YOUR
	* TYPE
	* SUBTYPELAND
	* UP
	* EFFECTSTATUSMODIFIER
	* THEM
	* TRANSFORM
	* FLIP
	* GET
	* ABLE
	* __ANON_19
	* THOSE
	* SUBTYPEENCHANTMENT
	* OBJECTCHARACTERISTIC
	* TIMES
	* RETURN
	* PROLIFERATE
	* LOOKED
	* TARGET
	* PLAYERTERM
	* BE
	* __ANON_14
	* DETAIN
	* CONTROL
	* NON
	* DIE
	* THEN
	* WITH
	* REVEALED
	* CAST
	* STAR
	* GAIN
	* CHOSE
	* FORAGE
	* INTO
	* DISCOVER
	* MAY
	* ATTACH
	* CARDINAL
	* DISCARDED
	* ATTACK
	* UNATTACH
	* WHO
	* CAN
	* PUT
	* LOSE
	* ATTACKED
	* A
	* TAPSYMBOL
	* CYCLE
	* SUBTYPESPELL
	* THEIR
	* DEAL
	* SUPPORT
	* HIMSELF
	* __ANON_17
	* THE
	* ADAPT
	* WHILE
	* MONSTROSITY
	* SACRIFICED
	* IS
	* IT
	* ABANDON
	* IF
	* ACTIVATE
	* ANY
	* BECOME
	* DRAW
	* GOAD
	* MILL
	* AMASS
	* PREVENT
	* EXERT
	* CHOOSE
	* ORDINAL
	* HAVE
	* DREW
	* BOLSTER
	* CONNIVE
	* FROM
	* FREQUENCY
	* ATTACHED
	* TAKE
	* MANIFEST
	* __ANON_21
	* IN
	* ZONE
	* SEARCH
	* THAT
	* ONLY
	* __ANON_18
	* CONVERT
	* THIS
	* WIN
	* CONTROLLED
	* DESTROY
	* SUBTYPEPLANAR
	* UNTIL
	* COMBATSTATUSMODIFIER
	* FOR
	* PAY
	* LEARN
	* HAD
	* REMOVE
	* ITS
	* SAME
	* POPULATE
	* GREATER
	* MELD
	* SUBTYPEPLANESWALKER
	* __ANON_15
	* THESE
	* FATESEAL
	* NAMEREFSYMBOL
	* UNDER
	* OTHERWISE
	* FIGHT
	* EACH
	* MORE
	* DOES
	* ASSIGN
	* ADD
	* TURNED
	* HAS
	* KEYWORDSTATUSMODIFIER
	* TAP
	* EXPLORES
	* __ANON_20
","[+2]: Until your next turn, whenever a creature attacks you or a planeswalker you control, it gets -1/-0 until end of turn.
[−3]: Return target instant or sorcery card from your graveyard to your hand. If it is a green card, add one mana of any color.
[−7]: Draw cards equal to half the number of cards in your library, rounded up. You get an emblem with ""You have no maximum hand size.""."
251,Sorin of House Markov,26.88134445600008,False,"No terminal matches '(' in the current parser context, at line 2 col 8

Extort (Whenever you cast a spell, you may pay 
       ^
Expected one of: 
	* WORD
	* DASH
","Lifelink
Extort (Whenever you cast a spell, you may pay {W/B}. If you do, each opponent loses 1 life and you gain that much life.)
At the beginning of each of your postcombat main phases, if you gained 3 or more life this turn, exile ~, then return him to the battlefield transformed under his owner's control."
252,Spymaster's Vault,211.28775070400116,False,"No terminal matches '.' in the current parser context, at line 1 col 43

enters tapped unless you control a Swamp.
                                        ^
Expected one of: 
	* WORD
	* DASH
","~ enters tapped unless you control a Swamp.
{T}: Add {B}.
{B}, {T}: Target creature you control connives X, where X is the number of creatures that died this turn. (Draw X cards, then discard X cards. Put a +1/+1 counter on that creature for each nonland card discarded this way.)"
253,"Sorin, Ravenous Neonate",28.92161458800001,False,"No terminal matches '(' in the current parser context, at line 1 col 8

Extort (Whenever you cast a spell, you may pay 
       ^
Expected one of: 
	* WORD
	* DASH
","Extort (Whenever you cast a spell, you may pay {W/B}. If you do, each opponent loses 1 life and you gain that much life.)
[+2]: Create a Food token.
[−1]: ~f deals damage equal to the amount of life you gained this turn to any target.
[−6]: Gain control of target creature. It becomes a Vampire in addition to its other types. Put a lifelink counter on it if you control a white permanent other than that creature or ~."
254,Pinnacle Monk,27.86600724100026,False,"No terminal matches '(' in the current parser context, at line 1 col 9

Prowess (Whenever you cast a noncreature spell, 
        ^
Expected one of: 
	* WORD
	* DASH
","Prowess (Whenever you cast a noncreature spell, this creature gets +1/+1 until end of turn.)
When ~ enters, return target instant or sorcery card from your graveyard to your hand."
255,"Ral, Monsoon Mage",24.87523597099971,False,"No terminal matches '{' in the current parser context, at line 1 col 42

nstant and sorcery spells you cast cost {1} less to cast.
                                        ^
Expected one of: 
	* WORD
	* DASH
","Instant and sorcery spells you cast cost {1} less to cast.
Whenever you cast an instant or sorcery spell during your turn, flip a coin. If you lose the flip, ~f deals 1 damage to you. If you win the flip, you may exile ~. If you do, return him to the battlefield transformed under his owner's control."
256,Mystic Peak,26.540987321999637,False,"No terminal matches '~' in the current parser context, at line 1 col 4

As ~ enters, you may pay 3 life. If you do 
   ^
Expected one of: 
	* WORD
	* DASH
","As ~ enters, you may pay 3 life. If you do not, it enters tapped.
{T}: Add {R}."
257,Sundering Eruption,26.280443227000433,False,"No terminal matches '.' in the current parser context, at line 1 col 20

Destroy target land. Its controller may search their librar
                   ^
Expected one of: 
	* WORD
	* DASH
","Destroy target land. Its controller may search their library for a basic land card, put it onto the battlefield tapped, then shuffle. Creatures without flying can not block this turn."
258,Volcanic Fissure,28.25494976200025,False,"No terminal matches '~' in the current parser context, at line 1 col 4

As ~ enters, you may pay 3 life. If you do 
   ^
Expected one of: 
	* WORD
	* DASH
","As ~ enters, you may pay 3 life. If you do not, it enters tapped.
{T}: Add {R}."
259,Bridgeworks Battle,24.386550964998605,False,"No terminal matches '+' in the current parser context, at line 1 col 34

Target creature you control gets +2/+2 until end of turn. It fights up to
                                 ^
Expected one of: 
	* WORD
	* DASH
",Target creature you control gets +2/+2 until end of turn. It fights up to one target creature you do not control. (Each deals damage equal to its power to the other.)
260,Garden of Freyalise,23.340547749001416,False,"No terminal matches '~' in the current parser context, at line 1 col 4

As ~ enters, you may pay 3 life. If you do 
   ^
Expected one of: 
	* WORD
	* DASH
","As ~ enters, you may pay 3 life. If you do not, it enters tapped.
{T}: Add {G}."
261,Disciple of Freyalise,27.393195876999016,False,"No terminal matches '~' in the current parser context, at line 1 col 6

When ~ enters, you may sacrifice another crea
     ^
Expected one of: 
	* WORD
	* DASH
","When ~ enters, you may sacrifice another creature. If you do, you gain X life and draw X cards, where X is that creature's power."
262,Tanglespan Bridgeworks,28.911876264000966,False,"No terminal matches '~' in the current parser context, at line 1 col 4

As ~ enters, you may pay 3 life. If you do 
   ^
Expected one of: 
	* WORD
	* DASH
","As ~ enters, you may pay 3 life. If you do not, it enters tapped.
{T}: Add {G}."
263,"Grist, Voracious Larva",25.97577664900018,False,"No terminal matches '~' in the current parser context, at line 2 col 10

Whenever ~f or another creature you control enter
         ^
Expected one of: 
	* WORD
	* DASH
","Deathtouch
Whenever ~f or another creature you control enters, if it entered from your graveyard or you cast it from your graveyard, you may pay {G}. If you do, exile ~, then return it to the battlefield transformed under its owner's control."
264,Bloodsoaked Insight,26.628112854999927,False,"No terminal matches '{' in the current parser context, at line 1 col 18

This spell costs {1} less to cast for each 1 life your op
                 ^
Expected one of: 
	* WORD
	* DASH
","This spell costs {1} less to cast for each 1 life your opponents have lost this turn.
Target opponent exiles the top three cards of their library. Until the end of your next turn, you may play those cards. If you cast a spell this way, mana of any type can be spent to cast it."
265,Drowner of Truth,25.692507615000068,False,"No terminal matches '(' in the current parser context, at line 1 col 8

Devoid (This card has no color.)
       ^
Expected one of: 
	* WORD
	* DASH
","Devoid (This card has no color.)
When you cast this spell, if {C} was spent to cast it, create two 0/1 colorless Eldrazi Spawn creature tokens with ""Sacrifice this creature: Add {C}.""."
266,Glasswing Grace,23.961143808999623,False,"No terminal matches '+' in the current parser context, at line 2 col 25

Enchanted creature gets +2/+2 and has flying and lifelink.
                        ^
Expected one of: 
	* WORD
	* DASH
","Enchant creature
Enchanted creature gets +2/+2 and has flying and lifelink."
267,"Grist, the Plague Swarm",54.381811217001086,False,"No terminal matches 'C' in the current parser context, at line 1 col 7

[+1]: Create a 1/1 black and green Insect crea
      ^
Expected one of: 
	* DO
	* DOUBLE
	* CLOAK
	* AFTER
	* SUBTYPEARTIFACT
	* SURVEIL
	* WOULD
	* EXCHANGE
	* AS
	* SKIP
	* HERSELF
	* SWITCH
	* ALL
	* LBRACE
	* ITSELF
	* WHEN
	* SUBTYPECREATUREB
	* LSQB
	* SEARCHED
	* NUMBER
	* SCRY
	* SPEND
	* NO
	* SUBTYPECREATUREA
	* SUPERTYPE
	* INVESTIGATE
	* CYCLED
	* OTHER
	* UNTAP
	* PLAYED
	* CREATE
	* GAINED
	* COUNTER
	* COLORTERM
	* AN
	* DAMAGETYPE
	* DASH
	* REGENERATE
	* PLAY
	* SACRIFICE
	* SHUFFLE
	* CLASH
	* X
	* INCUBATE
	* ADDITIONAL
	* DISCARD
	* WHENEVER
	* BLOCK
	* BEEN
	* UNTAPSYMBOL
	* SHUFFLED
	* ABILITYMODIFIER
	* ON
	* LESS
	* QUALIFIER
	* LEVEL
	* WITHOUT
	* BLOCKED
	* UNATTACHED
	* LOOK
	* SUSPECT
	* PLAYERCHARACTERISTIC
	* EXILE
	* TAPPEDSTATUSMODIFIER
	* REMAIN
	* REVEAL
	* TURN
	* EQUAL
	* AT
	* ONTO
	* YOUR
	* TYPE
	* SUBTYPELAND
	* UP
	* EFFECTSTATUSMODIFIER
	* THEM
	* TRANSFORM
	* FLIP
	* GET
	* ABLE
	* __ANON_19
	* THOSE
	* SUBTYPEENCHANTMENT
	* OBJECTCHARACTERISTIC
	* TIMES
	* RETURN
	* PROLIFERATE
	* LOOKED
	* TARGET
	* PLAYERTERM
	* BE
	* __ANON_14
	* DETAIN
	* CONTROL
	* NON
	* DIE
	* THEN
	* WITH
	* REVEALED
	* CAST
	* STAR
	* GAIN
	* CHOSE
	* FORAGE
	* INTO
	* DISCOVER
	* MAY
	* ATTACH
	* CARDINAL
	* DISCARDED
	* ATTACK
	* UNATTACH
	* WHO
	* CAN
	* PUT
	* LOSE
	* ATTACKED
	* A
	* TAPSYMBOL
	* CYCLE
	* SUBTYPESPELL
	* THEIR
	* DEAL
	* SUPPORT
	* HIMSELF
	* __ANON_17
	* THE
	* ADAPT
	* WHILE
	* MONSTROSITY
	* SACRIFICED
	* IS
	* IT
	* ABANDON
	* IF
	* ACTIVATE
	* ANY
	* BECOME
	* DRAW
	* GOAD
	* MILL
	* AMASS
	* PREVENT
	* EXERT
	* CHOOSE
	* ORDINAL
	* HAVE
	* DREW
	* BOLSTER
	* CONNIVE
	* FROM
	* FREQUENCY
	* ATTACHED
	* TAKE
	* MANIFEST
	* __ANON_21
	* IN
	* ZONE
	* SEARCH
	* THAT
	* ONLY
	* __ANON_18
	* CONVERT
	* THIS
	* WIN
	* CONTROLLED
	* DESTROY
	* SUBTYPEPLANAR
	* UNTIL
	* COMBATSTATUSMODIFIER
	* FOR
	* PAY
	* LEARN
	* HAD
	* REMOVE
	* ITS
	* SAME
	* POPULATE
	* GREATER
	* MELD
	* SUBTYPEPLANESWALKER
	* __ANON_15
	* THESE
	* FATESEAL
	* NAMEREFSYMBOL
	* UNDER
	* OTHERWISE
	* FIGHT
	* EACH
	* MORE
	* DOES
	* ASSIGN
	* ADD
	* TURNED
	* HAS
	* KEYWORDSTATUSMODIFIER
	* TAP
	* EXPLORES
	* __ANON_20
","[+1]: Create a 1/1 black and green Insect creature token, then mill two cards. Put a deathtouch counter on the token if a black card was milled this way.
[−2]: Destroy target artifact or enchantment.
[−6]: For each creature card in your graveyard, create a token that is a copy of it, except it is a 1/1 black and green Insect."
268,Legion Leadership,26.47321218400066,False,"No terminal matches ',' in the current parser context, at line 1 col 18

Until end of turn, double target creature's power and it 
                 ^
Expected one of: 
	* WORD
	* DASH
","Until end of turn, double target creature's power and it gains first strike."
269,Revitalizing Repast,28.226403475000552,False,"No terminal matches '+' in the current parser context, at line 1 col 7

Put a +1/+1 counter on target creature. It gai
      ^
Expected one of: 
	* WORD
	* DASH
",Put a +1/+1 counter on target creature. It gains indestructible until end of turn.
270,Rush of Inspiration,25.731969631999164,False,"No terminal matches '.' in the current parser context, at line 1 col 15

Draw two cards. Then discard a card at random unless y
              ^
Expected one of: 
	* WORD
	* DASH
",Draw two cards. Then discard a card at random unless you pay {E}{E} (two energy counters).
271,Sanguine Morass,212.8142563099991,False,"No terminal matches 'A' in the current parser context, at line 2 col 6

{T}: Add {B} or {R}.
     ^
Expected one of: 
	* DO
	* DOUBLE
	* CLOAK
	* AFTER
	* SUBTYPEARTIFACT
	* SURVEIL
	* WOULD
	* EXCHANGE
	* AS
	* SKIP
	* HERSELF
	* SWITCH
	* ALL
	* LBRACE
	* ITSELF
	* WHEN
	* SUBTYPECREATUREB
	* LSQB
	* SEARCHED
	* NUMBER
	* SCRY
	* SPEND
	* NO
	* SUBTYPECREATUREA
	* SUPERTYPE
	* INVESTIGATE
	* CYCLED
	* OTHER
	* UNTAP
	* PLAYED
	* CREATE
	* GAINED
	* COUNTER
	* COLORTERM
	* AN
	* DAMAGETYPE
	* DASH
	* REGENERATE
	* PLAY
	* SACRIFICE
	* SHUFFLE
	* CLASH
	* X
	* INCUBATE
	* ADDITIONAL
	* DISCARD
	* WHENEVER
	* BLOCK
	* BEEN
	* UNTAPSYMBOL
	* SHUFFLED
	* ABILITYMODIFIER
	* ON
	* LESS
	* QUALIFIER
	* LEVEL
	* WITHOUT
	* BLOCKED
	* UNATTACHED
	* LOOK
	* SUSPECT
	* PLAYERCHARACTERISTIC
	* EXILE
	* TAPPEDSTATUSMODIFIER
	* REMAIN
	* REVEAL
	* TURN
	* EQUAL
	* AT
	* ONTO
	* YOUR
	* TYPE
	* SUBTYPELAND
	* UP
	* EFFECTSTATUSMODIFIER
	* THEM
	* TRANSFORM
	* FLIP
	* GET
	* ABLE
	* __ANON_19
	* THOSE
	* SUBTYPEENCHANTMENT
	* OBJECTCHARACTERISTIC
	* TIMES
	* RETURN
	* PROLIFERATE
	* LOOKED
	* TARGET
	* PLAYERTERM
	* BE
	* __ANON_14
	* DETAIN
	* CONTROL
	* NON
	* DIE
	* THEN
	* WITH
	* REVEALED
	* CAST
	* STAR
	* GAIN
	* CHOSE
	* FORAGE
	* INTO
	* DISCOVER
	* MAY
	* ATTACH
	* CARDINAL
	* DISCARDED
	* ATTACK
	* UNATTACH
	* WHO
	* CAN
	* PUT
	* LOSE
	* ATTACKED
	* A
	* TAPSYMBOL
	* CYCLE
	* SUBTYPESPELL
	* THEIR
	* DEAL
	* SUPPORT
	* HIMSELF
	* __ANON_17
	* THE
	* ADAPT
	* WHILE
	* MONSTROSITY
	* SACRIFICED
	* IS
	* IT
	* ABANDON
	* IF
	* ACTIVATE
	* ANY
	* BECOME
	* DRAW
	* GOAD
	* MILL
	* AMASS
	* PREVENT
	* EXERT
	* CHOOSE
	* ORDINAL
	* HAVE
	* DREW
	* BOLSTER
	* CONNIVE
	* FROM
	* FREQUENCY
	* ATTACHED
	* TAKE
	* MANIFEST
	* __ANON_21
	* IN
	* ZONE
	* SEARCH
	* THAT
	* ONLY
	* __ANON_18
	* CONVERT
	* THIS
	* WIN
	* CONTROLLED
	* DESTROY
	* SUBTYPEPLANAR
	* UNTIL
	* COMBATSTATUSMODIFIER
	* FOR
	* PAY
	* LEARN
	* HAD
	* REMOVE
	* ITS
	* SAME
	* POPULATE
	* GREATER
	* MELD
	* SUBTYPEPLANESWALKER
	* __ANON_15
	* THESE
	* FATESEAL
	* NAMEREFSYMBOL
	* UNDER
	* OTHERWISE
	* FIGHT
	* EACH
	* MORE
	* DOES
	* ASSIGN
	* ADD
	* TURNED
	* HAS
	* KEYWORDSTATUSMODIFIER
	* TAP
	* EXPLORES
	* __ANON_20
","~ enters tapped.
{T}: Add {B} or {R}."
272,"Ral, Leyline Prodigy",262.2434253669999,False,"No terminal matches '.' in the current parser context, at line 1 col 111

nd sorcery spell you have cast this turn.
                                        ^
Expected one of: 
	* WORD
	* DASH
","~f enters with an additional loyalty counter on him for each instant and sorcery spell you have cast this turn.
[+1]: Until your next turn, instant and sorcery spells you cast cost {1} less to cast.
[−2]: ~ deals 2 damage divided as you choose among one or two targets. Draw a card if you control a blue permanent other than ~.
[−8]: Exile the top eight cards of your library. You may cast instant and sorcery spells from among them this turn without paying their mana costs."
273,Drowned Jungle,212.85825434599974,False,"No terminal matches 'A' in the current parser context, at line 2 col 6

{T}: Add {G} or {U}.
     ^
Expected one of: 
	* DO
	* DOUBLE
	* CLOAK
	* AFTER
	* SUBTYPEARTIFACT
	* SURVEIL
	* WOULD
	* EXCHANGE
	* AS
	* SKIP
	* HERSELF
	* SWITCH
	* ALL
	* LBRACE
	* ITSELF
	* WHEN
	* SUBTYPECREATUREB
	* LSQB
	* SEARCHED
	* NUMBER
	* SCRY
	* SPEND
	* NO
	* SUBTYPECREATUREA
	* SUPERTYPE
	* INVESTIGATE
	* CYCLED
	* OTHER
	* UNTAP
	* PLAYED
	* CREATE
	* GAINED
	* COUNTER
	* COLORTERM
	* AN
	* DAMAGETYPE
	* DASH
	* REGENERATE
	* PLAY
	* SACRIFICE
	* SHUFFLE
	* CLASH
	* X
	* INCUBATE
	* ADDITIONAL
	* DISCARD
	* WHENEVER
	* BLOCK
	* BEEN
	* UNTAPSYMBOL
	* SHUFFLED
	* ABILITYMODIFIER
	* ON
	* LESS
	* QUALIFIER
	* LEVEL
	* WITHOUT
	* BLOCKED
	* UNATTACHED
	* LOOK
	* SUSPECT
	* PLAYERCHARACTERISTIC
	* EXILE
	* TAPPEDSTATUSMODIFIER
	* REMAIN
	* REVEAL
	* TURN
	* EQUAL
	* AT
	* ONTO
	* YOUR
	* TYPE
	* SUBTYPELAND
	* UP
	* EFFECTSTATUSMODIFIER
	* THEM
	* TRANSFORM
	* FLIP
	* GET
	* ABLE
	* __ANON_19
	* THOSE
	* SUBTYPEENCHANTMENT
	* OBJECTCHARACTERISTIC
	* TIMES
	* RETURN
	* PROLIFERATE
	* LOOKED
	* TARGET
	* PLAYERTERM
	* BE
	* __ANON_14
	* DETAIN
	* CONTROL
	* NON
	* DIE
	* THEN
	* WITH
	* REVEALED
	* CAST
	* STAR
	* GAIN
	* CHOSE
	* FORAGE
	* INTO
	* DISCOVER
	* MAY
	* ATTACH
	* CARDINAL
	* DISCARDED
	* ATTACK
	* UNATTACH
	* WHO
	* CAN
	* PUT
	* LOSE
	* ATTACKED
	* A
	* TAPSYMBOL
	* CYCLE
	* SUBTYPESPELL
	* THEIR
	* DEAL
	* SUPPORT
	* HIMSELF
	* __ANON_17
	* THE
	* ADAPT
	* WHILE
	* MONSTROSITY
	* SACRIFICED
	* IS
	* IT
	* ABANDON
	* IF
	* ACTIVATE
	* ANY
	* BECOME
	* DRAW
	* GOAD
	* MILL
	* AMASS
	* PREVENT
	* EXERT
	* CHOOSE
	* ORDINAL
	* HAVE
	* DREW
	* BOLSTER
	* CONNIVE
	* FROM
	* FREQUENCY
	* ATTACHED
	* TAKE
	* MANIFEST
	* __ANON_21
	* IN
	* ZONE
	* SEARCH
	* THAT
	* ONLY
	* __ANON_18
	* CONVERT
	* THIS
	* WIN
	* CONTROLLED
	* DESTROY
	* SUBTYPEPLANAR
	* UNTIL
	* COMBATSTATUSMODIFIER
	* FOR
	* PAY
	* LEARN
	* HAD
	* REMOVE
	* ITS
	* SAME
	* POPULATE
	* GREATER
	* MELD
	* SUBTYPEPLANESWALKER
	* __ANON_15
	* THESE
	* FATESEAL
	* NAMEREFSYMBOL
	* UNDER
	* OTHERWISE
	* FIGHT
	* EACH
	* MORE
	* DOES
	* ASSIGN
	* ADD
	* TURNED
	* HAS
	* KEYWORDSTATUSMODIFIER
	* TAP
	* EXPLORES
	* __ANON_20
","~ enters tapped.
{T}: Add {G} or {U}."
274,Strength of the Harvest,24.929922556999372,False,"No terminal matches '+' in the current parser context, at line 2 col 25

Enchanted creature gets +1/+1 for each creature and/or enchantme
                        ^
Expected one of: 
	* WORD
	* DASH
","Enchant creature
Enchanted creature gets +1/+1 for each creature and/or enchantment you control."
275,Age-Graced Chapel,214.0300263019999,False,"No terminal matches 'A' in the current parser context, at line 2 col 6

{T}: Add {W} or {B}.
     ^
Expected one of: 
	* DO
	* DOUBLE
	* CLOAK
	* AFTER
	* SUBTYPEARTIFACT
	* SURVEIL
	* WOULD
	* EXCHANGE
	* AS
	* SKIP
	* HERSELF
	* SWITCH
	* ALL
	* LBRACE
	* ITSELF
	* WHEN
	* SUBTYPECREATUREB
	* LSQB
	* SEARCHED
	* NUMBER
	* SCRY
	* SPEND
	* NO
	* SUBTYPECREATUREA
	* SUPERTYPE
	* INVESTIGATE
	* CYCLED
	* OTHER
	* UNTAP
	* PLAYED
	* CREATE
	* GAINED
	* COUNTER
	* COLORTERM
	* AN
	* DAMAGETYPE
	* DASH
	* REGENERATE
	* PLAY
	* SACRIFICE
	* SHUFFLE
	* CLASH
	* X
	* INCUBATE
	* ADDITIONAL
	* DISCARD
	* WHENEVER
	* BLOCK
	* BEEN
	* UNTAPSYMBOL
	* SHUFFLED
	* ABILITYMODIFIER
	* ON
	* LESS
	* QUALIFIER
	* LEVEL
	* WITHOUT
	* BLOCKED
	* UNATTACHED
	* LOOK
	* SUSPECT
	* PLAYERCHARACTERISTIC
	* EXILE
	* TAPPEDSTATUSMODIFIER
	* REMAIN
	* REVEAL
	* TURN
	* EQUAL
	* AT
	* ONTO
	* YOUR
	* TYPE
	* SUBTYPELAND
	* UP
	* EFFECTSTATUSMODIFIER
	* THEM
	* TRANSFORM
	* FLIP
	* GET
	* ABLE
	* __ANON_19
	* THOSE
	* SUBTYPEENCHANTMENT
	* OBJECTCHARACTERISTIC
	* TIMES
	* RETURN
	* PROLIFERATE
	* LOOKED
	* TARGET
	* PLAYERTERM
	* BE
	* __ANON_14
	* DETAIN
	* CONTROL
	* NON
	* DIE
	* THEN
	* WITH
	* REVEALED
	* CAST
	* STAR
	* GAIN
	* CHOSE
	* FORAGE
	* INTO
	* DISCOVER
	* MAY
	* ATTACH
	* CARDINAL
	* DISCARDED
	* ATTACK
	* UNATTACH
	* WHO
	* CAN
	* PUT
	* LOSE
	* ATTACKED
	* A
	* TAPSYMBOL
	* CYCLE
	* SUBTYPESPELL
	* THEIR
	* DEAL
	* SUPPORT
	* HIMSELF
	* __ANON_17
	* THE
	* ADAPT
	* WHILE
	* MONSTROSITY
	* SACRIFICED
	* IS
	* IT
	* ABANDON
	* IF
	* ACTIVATE
	* ANY
	* BECOME
	* DRAW
	* GOAD
	* MILL
	* AMASS
	* PREVENT
	* EXERT
	* CHOOSE
	* ORDINAL
	* HAVE
	* DREW
	* BOLSTER
	* CONNIVE
	* FROM
	* FREQUENCY
	* ATTACHED
	* TAKE
	* MANIFEST
	* __ANON_21
	* IN
	* ZONE
	* SEARCH
	* THAT
	* ONLY
	* __ANON_18
	* CONVERT
	* THIS
	* WIN
	* CONTROLLED
	* DESTROY
	* SUBTYPEPLANAR
	* UNTIL
	* COMBATSTATUSMODIFIER
	* FOR
	* PAY
	* LEARN
	* HAD
	* REMOVE
	* ITS
	* SAME
	* POPULATE
	* GREATER
	* MELD
	* SUBTYPEPLANESWALKER
	* __ANON_15
	* THESE
	* FATESEAL
	* NAMEREFSYMBOL
	* UNDER
	* OTHERWISE
	* FIGHT
	* EACH
	* MORE
	* DOES
	* ASSIGN
	* ADD
	* TURNED
	* HAS
	* KEYWORDSTATUSMODIFIER
	* TAP
	* EXPLORES
	* __ANON_20
","~ enters tapped.
{T}: Add {W} or {B}."
276,Stump Stomp,27.70077993599989,False,"No terminal matches '.' in the current parser context, at line 1 col 114

ature or planeswalker you do not control.
                                        ^
Expected one of: 
	* WORD
	* DASH
",Target creature you control deals damage equal to its power to target creature or planeswalker you do not control.
277,Legion Stronghold,209.34642100999918,False,"No terminal matches 'A' in the current parser context, at line 2 col 6

{T}: Add {R} or {W}.
     ^
Expected one of: 
	* DO
	* DOUBLE
	* CLOAK
	* AFTER
	* SUBTYPEARTIFACT
	* SURVEIL
	* WOULD
	* EXCHANGE
	* AS
	* SKIP
	* HERSELF
	* SWITCH
	* ALL
	* LBRACE
	* ITSELF
	* WHEN
	* SUBTYPECREATUREB
	* LSQB
	* SEARCHED
	* NUMBER
	* SCRY
	* SPEND
	* NO
	* SUBTYPECREATUREA
	* SUPERTYPE
	* INVESTIGATE
	* CYCLED
	* OTHER
	* UNTAP
	* PLAYED
	* CREATE
	* GAINED
	* COUNTER
	* COLORTERM
	* AN
	* DAMAGETYPE
	* DASH
	* REGENERATE
	* PLAY
	* SACRIFICE
	* SHUFFLE
	* CLASH
	* X
	* INCUBATE
	* ADDITIONAL
	* DISCARD
	* WHENEVER
	* BLOCK
	* BEEN
	* UNTAPSYMBOL
	* SHUFFLED
	* ABILITYMODIFIER
	* ON
	* LESS
	* QUALIFIER
	* LEVEL
	* WITHOUT
	* BLOCKED
	* UNATTACHED
	* LOOK
	* SUSPECT
	* PLAYERCHARACTERISTIC
	* EXILE
	* TAPPEDSTATUSMODIFIER
	* REMAIN
	* REVEAL
	* TURN
	* EQUAL
	* AT
	* ONTO
	* YOUR
	* TYPE
	* SUBTYPELAND
	* UP
	* EFFECTSTATUSMODIFIER
	* THEM
	* TRANSFORM
	* FLIP
	* GET
	* ABLE
	* __ANON_19
	* THOSE
	* SUBTYPEENCHANTMENT
	* OBJECTCHARACTERISTIC
	* TIMES
	* RETURN
	* PROLIFERATE
	* LOOKED
	* TARGET
	* PLAYERTERM
	* BE
	* __ANON_14
	* DETAIN
	* CONTROL
	* NON
	* DIE
	* THEN
	* WITH
	* REVEALED
	* CAST
	* STAR
	* GAIN
	* CHOSE
	* FORAGE
	* INTO
	* DISCOVER
	* MAY
	* ATTACH
	* CARDINAL
	* DISCARDED
	* ATTACK
	* UNATTACH
	* WHO
	* CAN
	* PUT
	* LOSE
	* ATTACKED
	* A
	* TAPSYMBOL
	* CYCLE
	* SUBTYPESPELL
	* THEIR
	* DEAL
	* SUPPORT
	* HIMSELF
	* __ANON_17
	* THE
	* ADAPT
	* WHILE
	* MONSTROSITY
	* SACRIFICED
	* IS
	* IT
	* ABANDON
	* IF
	* ACTIVATE
	* ANY
	* BECOME
	* DRAW
	* GOAD
	* MILL
	* AMASS
	* PREVENT
	* EXERT
	* CHOOSE
	* ORDINAL
	* HAVE
	* DREW
	* BOLSTER
	* CONNIVE
	* FROM
	* FREQUENCY
	* ATTACHED
	* TAKE
	* MANIFEST
	* __ANON_21
	* IN
	* ZONE
	* SEARCH
	* THAT
	* ONLY
	* __ANON_18
	* CONVERT
	* THIS
	* WIN
	* CONTROLLED
	* DESTROY
	* SUBTYPEPLANAR
	* UNTIL
	* COMBATSTATUSMODIFIER
	* FOR
	* PAY
	* LEARN
	* HAD
	* REMOVE
	* ITS
	* SAME
	* POPULATE
	* GREATER
	* MELD
	* SUBTYPEPLANESWALKER
	* __ANON_15
	* THESE
	* FATESEAL
	* NAMEREFSYMBOL
	* UNDER
	* OTHERWISE
	* FIGHT
	* EACH
	* MORE
	* DOES
	* ASSIGN
	* ADD
	* TURNED
	* HAS
	* KEYWORDSTATUSMODIFIER
	* TAP
	* EXPLORES
	* __ANON_20
","~ enters tapped.
{T}: Add {R} or {W}."
278,Razorgrass Ambush,406.59466999599863,True,,~ deals 3 damage to target attacking or blocking creature.
279,Suppression Ray,25.016720626999813,False,"No terminal matches '.' in the current parser context, at line 1 col 41

Tap all creatures target player controls. You may pay any amount of {E}. If you 
                                        ^
Expected one of: 
	* WORD
	* DASH
","Tap all creatures target player controls. You may pay any amount of {E}. If you do, choose up to that many creatures tapped this way. Put a stun counter on each of them. (If a permanent with a stun counter would become untapped, remove one from it instead.)"
280,Old-Growth Grove,212.01328006400036,False,"No terminal matches 'A' in the current parser context, at line 2 col 6

{T}: Add {B} or {G}.
     ^
Expected one of: 
	* DO
	* DOUBLE
	* CLOAK
	* AFTER
	* SUBTYPEARTIFACT
	* SURVEIL
	* WOULD
	* EXCHANGE
	* AS
	* SKIP
	* HERSELF
	* SWITCH
	* ALL
	* LBRACE
	* ITSELF
	* WHEN
	* SUBTYPECREATUREB
	* LSQB
	* SEARCHED
	* NUMBER
	* SCRY
	* SPEND
	* NO
	* SUBTYPECREATUREA
	* SUPERTYPE
	* INVESTIGATE
	* CYCLED
	* OTHER
	* UNTAP
	* PLAYED
	* CREATE
	* GAINED
	* COUNTER
	* COLORTERM
	* AN
	* DAMAGETYPE
	* DASH
	* REGENERATE
	* PLAY
	* SACRIFICE
	* SHUFFLE
	* CLASH
	* X
	* INCUBATE
	* ADDITIONAL
	* DISCARD
	* WHENEVER
	* BLOCK
	* BEEN
	* UNTAPSYMBOL
	* SHUFFLED
	* ABILITYMODIFIER
	* ON
	* LESS
	* QUALIFIER
	* LEVEL
	* WITHOUT
	* BLOCKED
	* UNATTACHED
	* LOOK
	* SUSPECT
	* PLAYERCHARACTERISTIC
	* EXILE
	* TAPPEDSTATUSMODIFIER
	* REMAIN
	* REVEAL
	* TURN
	* EQUAL
	* AT
	* ONTO
	* YOUR
	* TYPE
	* SUBTYPELAND
	* UP
	* EFFECTSTATUSMODIFIER
	* THEM
	* TRANSFORM
	* FLIP
	* GET
	* ABLE
	* __ANON_19
	* THOSE
	* SUBTYPEENCHANTMENT
	* OBJECTCHARACTERISTIC
	* TIMES
	* RETURN
	* PROLIFERATE
	* LOOKED
	* TARGET
	* PLAYERTERM
	* BE
	* __ANON_14
	* DETAIN
	* CONTROL
	* NON
	* DIE
	* THEN
	* WITH
	* REVEALED
	* CAST
	* STAR
	* GAIN
	* CHOSE
	* FORAGE
	* INTO
	* DISCOVER
	* MAY
	* ATTACH
	* CARDINAL
	* DISCARDED
	* ATTACK
	* UNATTACH
	* WHO
	* CAN
	* PUT
	* LOSE
	* ATTACKED
	* A
	* TAPSYMBOL
	* CYCLE
	* SUBTYPESPELL
	* THEIR
	* DEAL
	* SUPPORT
	* HIMSELF
	* __ANON_17
	* THE
	* ADAPT
	* WHILE
	* MONSTROSITY
	* SACRIFICED
	* IS
	* IT
	* ABANDON
	* IF
	* ACTIVATE
	* ANY
	* BECOME
	* DRAW
	* GOAD
	* MILL
	* AMASS
	* PREVENT
	* EXERT
	* CHOOSE
	* ORDINAL
	* HAVE
	* DREW
	* BOLSTER
	* CONNIVE
	* FROM
	* FREQUENCY
	* ATTACHED
	* TAKE
	* MANIFEST
	* __ANON_21
	* IN
	* ZONE
	* SEARCH
	* THAT
	* ONLY
	* __ANON_18
	* CONVERT
	* THIS
	* WIN
	* CONTROLLED
	* DESTROY
	* SUBTYPEPLANAR
	* UNTIL
	* COMBATSTATUSMODIFIER
	* FOR
	* PAY
	* LEARN
	* HAD
	* REMOVE
	* ITS
	* SAME
	* POPULATE
	* GREATER
	* MELD
	* SUBTYPEPLANESWALKER
	* __ANON_15
	* THESE
	* FATESEAL
	* NAMEREFSYMBOL
	* UNDER
	* OTHERWISE
	* FIGHT
	* EACH
	* MORE
	* DOES
	* ASSIGN
	* ADD
	* TURNED
	* HAS
	* KEYWORDSTATUSMODIFIER
	* TAP
	* EXPLORES
	* __ANON_20
","~ enters tapped.
{T}: Add {B} or {G}."
281,Waterlogged Teachings,24.75830404699991,False,"No terminal matches ',' in the current parser context, at line 1 col 61

for an instant card or a card with flash, reveal it, put it into your hand, then
                                        ^
Expected one of: 
	* WORD
	* DASH
","Search your library for an instant card or a card with flash, reveal it, put it into your hand, then shuffle."
282,Angel of the Ruins,20.01282459200047,False,"No terminal matches '~' in the current parser context, at line 2 col 6

When ~ enters, exile up to two target artifac
     ^
Expected one of: 
	* WORD
	* DASH
","Flying
When ~ enters, exile up to two target artifacts and/or enchantments.
Plainscycling {2} ({2}, Discard this card: Search your library for a Plains card, reveal it, put it into your hand, then shuffle.)"
283,Decree of Justice,25.540659798998604,False,"No terminal matches '4' in the current parser context, at line 1 col 10

Create X 4/4 white Angel creature tokens with fly
         ^
Expected one of: 
	* WORD
	* DASH
","Create X 4/4 white Angel creature tokens with flying.
Cycling {2}{W} ({2}{W}, Discard this card: Draw a card.)
When you cycle ~, you may pay {X}. If you do, create X 1/1 white Soldier creature tokens."
284,Distinguished Conjurer,30.39445746400088,False,"No terminal matches ',' in the current parser context, at line 1 col 45

ever another creature you control enters, you gain 1 life.
                                        ^
Expected one of: 
	* WORD
	* DASH
","Whenever another creature you control enters, you gain 1 life.
{4}{W}, {T}: Exile another target creature you control, then return it to the battlefield under its owner's control."
285,Orim's Chant,29.693743728999834,False,"No terminal matches '{' in the current parser context, at line 1 col 8

Kicker {W} (You may pay an additional {W} as yo
       ^
Expected one of: 
	* WORD
	* DASH
","Kicker {W} (You may pay an additional {W} as you cast this spell.)
Target player can not cast spells this turn. If this spell was kicked, creatures can not attack this turn."
286,Crackling Falls,217.58183262999955,False,"No terminal matches 'A' in the current parser context, at line 2 col 6

{T}: Add {U} or {R}.
     ^
Expected one of: 
	* DO
	* DOUBLE
	* CLOAK
	* AFTER
	* SUBTYPEARTIFACT
	* SURVEIL
	* WOULD
	* EXCHANGE
	* AS
	* SKIP
	* HERSELF
	* SWITCH
	* ALL
	* LBRACE
	* ITSELF
	* WHEN
	* SUBTYPECREATUREB
	* LSQB
	* SEARCHED
	* NUMBER
	* SCRY
	* SPEND
	* NO
	* SUBTYPECREATUREA
	* SUPERTYPE
	* INVESTIGATE
	* CYCLED
	* OTHER
	* UNTAP
	* PLAYED
	* CREATE
	* GAINED
	* COUNTER
	* COLORTERM
	* AN
	* DAMAGETYPE
	* DASH
	* REGENERATE
	* PLAY
	* SACRIFICE
	* SHUFFLE
	* CLASH
	* X
	* INCUBATE
	* ADDITIONAL
	* DISCARD
	* WHENEVER
	* BLOCK
	* BEEN
	* UNTAPSYMBOL
	* SHUFFLED
	* ABILITYMODIFIER
	* ON
	* LESS
	* QUALIFIER
	* LEVEL
	* WITHOUT
	* BLOCKED
	* UNATTACHED
	* LOOK
	* SUSPECT
	* PLAYERCHARACTERISTIC
	* EXILE
	* TAPPEDSTATUSMODIFIER
	* REMAIN
	* REVEAL
	* TURN
	* EQUAL
	* AT
	* ONTO
	* YOUR
	* TYPE
	* SUBTYPELAND
	* UP
	* EFFECTSTATUSMODIFIER
	* THEM
	* TRANSFORM
	* FLIP
	* GET
	* ABLE
	* __ANON_19
	* THOSE
	* SUBTYPEENCHANTMENT
	* OBJECTCHARACTERISTIC
	* TIMES
	* RETURN
	* PROLIFERATE
	* LOOKED
	* TARGET
	* PLAYERTERM
	* BE
	* __ANON_14
	* DETAIN
	* CONTROL
	* NON
	* DIE
	* THEN
	* WITH
	* REVEALED
	* CAST
	* STAR
	* GAIN
	* CHOSE
	* FORAGE
	* INTO
	* DISCOVER
	* MAY
	* ATTACH
	* CARDINAL
	* DISCARDED
	* ATTACK
	* UNATTACH
	* WHO
	* CAN
	* PUT
	* LOSE
	* ATTACKED
	* A
	* TAPSYMBOL
	* CYCLE
	* SUBTYPESPELL
	* THEIR
	* DEAL
	* SUPPORT
	* HIMSELF
	* __ANON_17
	* THE
	* ADAPT
	* WHILE
	* MONSTROSITY
	* SACRIFICED
	* IS
	* IT
	* ABANDON
	* IF
	* ACTIVATE
	* ANY
	* BECOME
	* DRAW
	* GOAD
	* MILL
	* AMASS
	* PREVENT
	* EXERT
	* CHOOSE
	* ORDINAL
	* HAVE
	* DREW
	* BOLSTER
	* CONNIVE
	* FROM
	* FREQUENCY
	* ATTACHED
	* TAKE
	* MANIFEST
	* __ANON_21
	* IN
	* ZONE
	* SEARCH
	* THAT
	* ONLY
	* __ANON_18
	* CONVERT
	* THIS
	* WIN
	* CONTROLLED
	* DESTROY
	* SUBTYPEPLANAR
	* UNTIL
	* COMBATSTATUSMODIFIER
	* FOR
	* PAY
	* LEARN
	* HAD
	* REMOVE
	* ITS
	* SAME
	* POPULATE
	* GREATER
	* MELD
	* SUBTYPEPLANESWALKER
	* __ANON_15
	* THESE
	* FATESEAL
	* NAMEREFSYMBOL
	* UNDER
	* OTHERWISE
	* FIGHT
	* EACH
	* MORE
	* DOES
	* ASSIGN
	* ADD
	* TURNED
	* HAS
	* KEYWORDSTATUSMODIFIER
	* TAP
	* EXPLORES
	* __ANON_20
","~ enters tapped.
{T}: Add {U} or {R}."
287,Recruiter of the Guard,26.23408449800081,False,"No terminal matches '~' in the current parser context, at line 1 col 6

When ~ enters, you may search your library fo
     ^
Expected one of: 
	* WORD
	* DASH
","When ~ enters, you may search your library for a creature card with toughness 2 or less, reveal it, put it into your hand, then shuffle."
288,Sevinne's Reclamation,26.624941596999633,False,"No terminal matches '3' in the current parser context, at line 1 col 46

n target permanent card with mana value 3 or less from your graveyard to the bat
                                        ^
Expected one of: 
	* WORD
	* DASH
","Return target permanent card with mana value 3 or less from your graveyard to the battlefield. If this spell was cast from a graveyard, you may copy this spell and may choose a new target for the copy.
Flashback {4}{W} (You may cast this card from your graveyard for its flashback cost. Then exile it.)"
289,Deep Analysis,26.866293521999978,False,"No terminal matches '.' in the current parser context, at line 1 col 30

Target player draws two cards.
                             ^
Expected one of: 
	* WORD
	* DASH
","Target player draws two cards.
Flashback—{1}{U}, Pay 3 life. (You may cast this card from your graveyard for its flashback cost. Then exile it.)"
290,Kappa Cannoneer,24.574776346998988,False,"No terminal matches '(' in the current parser context, at line 1 col 11

Improvise (Your artifacts can help cast this spell
          ^
Expected one of: 
	* WORD
	* DASH
","Improvise (Your artifacts can help cast this spell. Each artifact you tap after you are done activating mana abilities pays for {1}.)
Ward {4}
Whenever ~ or another artifact you control enters, put a +1/+1 counter on ~ and it can not be blocked this turn."
291,Estrid's Invocation,27.483762412999567,False,"No terminal matches '~' in the current parser context, at line 1 col 14

You may have ~ enter as a copy of an enchantment you 
             ^
Expected one of: 
	* WORD
	* DASH
","You may have ~ enter as a copy of an enchantment you control, except it has ""At the beginning of your upkeep, you may exile this enchantment. If you do, return it to the battlefield under its owner's control.""."
292,Reef Worm,24.99294157299846,False,"No terminal matches '~' in the current parser context, at line 1 col 6

When ~ dies, create a 3/3 blue Fish creature 
     ^
Expected one of: 
	* WORD
	* DASH
","When ~ dies, create a 3/3 blue Fish creature token with ""When this creature dies, create a 6/6 blue Whale creature token with 'When this creature dies, create a 9/9 blue Kraken creature token.'"""
293,Shrieking Drake,24.736868346999472,False,"No terminal matches '~' in the current parser context, at line 2 col 6

When ~ enters, return a creature you control 
     ^
Expected one of: 
	* WORD
	* DASH
","Flying
When ~ enters, return a creature you control to its owner's hand."
294,Buried Alive,23.7089473190008,False,"No terminal matches ',' in the current parser context, at line 1 col 51

r library for up to three creature cards, put them into your graveyard, then shu
                                        ^
Expected one of: 
	* WORD
	* DASH
","Search your library for up to three creature cards, put them into your graveyard, then shuffle."
295,Nadier's Nightblade,25.30844344900106,False,"No terminal matches ',' in the current parser context, at line 1 col 52

token you control leaves the battlefield, each opponent loses 1 life and you gai
                                        ^
Expected one of: 
	* WORD
	* DASH
","Whenever a token you control leaves the battlefield, each opponent loses 1 life and you gain 1 life."
296,Ophiomancer,24.52663818200017,False,"No terminal matches ',' in the current parser context, at line 1 col 32

At the beginning of each upkeep, if you control no Snakes, create a 1/1
                               ^
Expected one of: 
	* WORD
	* DASH
","At the beginning of each upkeep, if you control no Snakes, create a 1/1 black Snake creature token with deathtouch."
297,Toxic Deluge,28.461838111999896,False,"No terminal matches ',' in the current parser context, at line 1 col 41

As an additional cost to cast this spell, pay X life.
                                        ^
Expected one of: 
	* WORD
	* DASH
","As an additional cost to cast this spell, pay X life.
All creatures get -X/-X until end of turn."
298,"K'rrik, Son of Yawgmoth",50.66879617499944,False,"No terminal matches '{' in the current parser context, at line 3 col 10

For each {B} in a cost, you may pay 2 life rather
         ^
Expected one of: 
	* WORD
	* DASH
","({B/P} can be paid with either {B} or 2 life.)
Lifelink
For each {B} in a cost, you may pay 2 life rather than pay that mana.
Whenever you cast a black spell, put a +1/+1 counter on ~f."
299,Victimize,25.04688820499905,False,"No terminal matches '.' in the current parser context, at line 1 col 51

 target creature cards in your graveyard. Sacrifice a creature. If you do, retur
                                        ^
Expected one of: 
	* WORD
	* DASH
","Choose two target creature cards in your graveyard. Sacrifice a creature. If you do, return the chosen cards to the battlefield tapped."
300,Haven of the Harvest,209.34889700500025,False,"No terminal matches 'A' in the current parser context, at line 2 col 6

{T}: Add {G} or {W}.
     ^
Expected one of: 
	* DO
	* DOUBLE
	* CLOAK
	* AFTER
	* SUBTYPEARTIFACT
	* SURVEIL
	* WOULD
	* EXCHANGE
	* AS
	* SKIP
	* HERSELF
	* SWITCH
	* ALL
	* LBRACE
	* ITSELF
	* WHEN
	* SUBTYPECREATUREB
	* LSQB
	* SEARCHED
	* NUMBER
	* SCRY
	* SPEND
	* NO
	* SUBTYPECREATUREA
	* SUPERTYPE
	* INVESTIGATE
	* CYCLED
	* OTHER
	* UNTAP
	* PLAYED
	* CREATE
	* GAINED
	* COUNTER
	* COLORTERM
	* AN
	* DAMAGETYPE
	* DASH
	* REGENERATE
	* PLAY
	* SACRIFICE
	* SHUFFLE
	* CLASH
	* X
	* INCUBATE
	* ADDITIONAL
	* DISCARD
	* WHENEVER
	* BLOCK
	* BEEN
	* UNTAPSYMBOL
	* SHUFFLED
	* ABILITYMODIFIER
	* ON
	* LESS
	* QUALIFIER
	* LEVEL
	* WITHOUT
	* BLOCKED
	* UNATTACHED
	* LOOK
	* SUSPECT
	* PLAYERCHARACTERISTIC
	* EXILE
	* TAPPEDSTATUSMODIFIER
	* REMAIN
	* REVEAL
	* TURN
	* EQUAL
	* AT
	* ONTO
	* YOUR
	* TYPE
	* SUBTYPELAND
	* UP
	* EFFECTSTATUSMODIFIER
	* THEM
	* TRANSFORM
	* FLIP
	* GET
	* ABLE
	* __ANON_19
	* THOSE
	* SUBTYPEENCHANTMENT
	* OBJECTCHARACTERISTIC
	* TIMES
	* RETURN
	* PROLIFERATE
	* LOOKED
	* TARGET
	* PLAYERTERM
	* BE
	* __ANON_14
	* DETAIN
	* CONTROL
	* NON
	* DIE
	* THEN
	* WITH
	* REVEALED
	* CAST
	* STAR
	* GAIN
	* CHOSE
	* FORAGE
	* INTO
	* DISCOVER
	* MAY
	* ATTACH
	* CARDINAL
	* DISCARDED
	* ATTACK
	* UNATTACH
	* WHO
	* CAN
	* PUT
	* LOSE
	* ATTACKED
	* A
	* TAPSYMBOL
	* CYCLE
	* SUBTYPESPELL
	* THEIR
	* DEAL
	* SUPPORT
	* HIMSELF
	* __ANON_17
	* THE
	* ADAPT
	* WHILE
	* MONSTROSITY
	* SACRIFICED
	* IS
	* IT
	* ABANDON
	* IF
	* ACTIVATE
	* ANY
	* BECOME
	* DRAW
	* GOAD
	* MILL
	* AMASS
	* PREVENT
	* EXERT
	* CHOOSE
	* ORDINAL
	* HAVE
	* DREW
	* BOLSTER
	* CONNIVE
	* FROM
	* FREQUENCY
	* ATTACHED
	* TAKE
	* MANIFEST
	* __ANON_21
	* IN
	* ZONE
	* SEARCH
	* THAT
	* ONLY
	* __ANON_18
	* CONVERT
	* THIS
	* WIN
	* CONTROLLED
	* DESTROY
	* SUBTYPEPLANAR
	* UNTIL
	* COMBATSTATUSMODIFIER
	* FOR
	* PAY
	* LEARN
	* HAD
	* REMOVE
	* ITS
	* SAME
	* POPULATE
	* GREATER
	* MELD
	* SUBTYPEPLANESWALKER
	* __ANON_15
	* THESE
	* FATESEAL
	* NAMEREFSYMBOL
	* UNDER
	* OTHERWISE
	* FIGHT
	* EACH
	* MORE
	* DOES
	* ASSIGN
	* ADD
	* TURNED
	* HAS
	* KEYWORDSTATUSMODIFIER
	* TAP
	* EXPLORES
	* __ANON_20
","~ enters tapped.
{T}: Add {G} or {W}."
301,"Laelia, the Blade Reforged",27.764508254000248,False,"No terminal matches '~' in the current parser context, at line 2 col 10

Whenever ~f attacks, exile the top card of your l
         ^
Expected one of: 
	* WORD
	* DASH
","Haste
Whenever ~f attacks, exile the top card of your library. You may play that card this turn.
Whenever one or more cards are put into exile from your library and/or your graveyard, put a +1/+1 counter on ~."
302,Meltdown,27.907676273000106,False,"No terminal matches '.' in the current parser context, at line 1 col 48

 each artifact with mana value X or less.
                                        ^
Expected one of: 
	* WORD
	* DASH
",Destroy each artifact with mana value X or less.
303,Cursed Mirror,52.22003373199914,False,"No terminal matches 'A' in the current parser context, at line 1 col 6

{T}: Add {R}.
     ^
Expected one of: 
	* DO
	* DOUBLE
	* CLOAK
	* AFTER
	* SUBTYPEARTIFACT
	* SURVEIL
	* WOULD
	* EXCHANGE
	* AS
	* SKIP
	* HERSELF
	* SWITCH
	* ALL
	* LBRACE
	* ITSELF
	* WHEN
	* SUBTYPECREATUREB
	* LSQB
	* SEARCHED
	* NUMBER
	* SCRY
	* SPEND
	* NO
	* SUBTYPECREATUREA
	* SUPERTYPE
	* INVESTIGATE
	* CYCLED
	* OTHER
	* UNTAP
	* PLAYED
	* CREATE
	* GAINED
	* COUNTER
	* COLORTERM
	* AN
	* DAMAGETYPE
	* DASH
	* REGENERATE
	* PLAY
	* SACRIFICE
	* SHUFFLE
	* CLASH
	* X
	* INCUBATE
	* ADDITIONAL
	* DISCARD
	* WHENEVER
	* BLOCK
	* BEEN
	* UNTAPSYMBOL
	* SHUFFLED
	* ABILITYMODIFIER
	* ON
	* LESS
	* QUALIFIER
	* LEVEL
	* WITHOUT
	* BLOCKED
	* UNATTACHED
	* LOOK
	* SUSPECT
	* PLAYERCHARACTERISTIC
	* EXILE
	* TAPPEDSTATUSMODIFIER
	* REMAIN
	* REVEAL
	* TURN
	* EQUAL
	* AT
	* ONTO
	* YOUR
	* TYPE
	* SUBTYPELAND
	* UP
	* EFFECTSTATUSMODIFIER
	* THEM
	* TRANSFORM
	* FLIP
	* GET
	* ABLE
	* __ANON_19
	* THOSE
	* SUBTYPEENCHANTMENT
	* OBJECTCHARACTERISTIC
	* TIMES
	* RETURN
	* PROLIFERATE
	* LOOKED
	* TARGET
	* PLAYERTERM
	* BE
	* __ANON_14
	* DETAIN
	* CONTROL
	* NON
	* DIE
	* THEN
	* WITH
	* REVEALED
	* CAST
	* STAR
	* GAIN
	* CHOSE
	* FORAGE
	* INTO
	* DISCOVER
	* MAY
	* ATTACH
	* CARDINAL
	* DISCARDED
	* ATTACK
	* UNATTACH
	* WHO
	* CAN
	* PUT
	* LOSE
	* ATTACKED
	* A
	* TAPSYMBOL
	* CYCLE
	* SUBTYPESPELL
	* THEIR
	* DEAL
	* SUPPORT
	* HIMSELF
	* __ANON_17
	* THE
	* ADAPT
	* WHILE
	* MONSTROSITY
	* SACRIFICED
	* IS
	* IT
	* ABANDON
	* IF
	* ACTIVATE
	* ANY
	* BECOME
	* DRAW
	* GOAD
	* MILL
	* AMASS
	* PREVENT
	* EXERT
	* CHOOSE
	* ORDINAL
	* HAVE
	* DREW
	* BOLSTER
	* CONNIVE
	* FROM
	* FREQUENCY
	* ATTACHED
	* TAKE
	* MANIFEST
	* __ANON_21
	* IN
	* ZONE
	* SEARCH
	* THAT
	* ONLY
	* __ANON_18
	* CONVERT
	* THIS
	* WIN
	* CONTROLLED
	* DESTROY
	* SUBTYPEPLANAR
	* UNTIL
	* COMBATSTATUSMODIFIER
	* FOR
	* PAY
	* LEARN
	* HAD
	* REMOVE
	* ITS
	* SAME
	* POPULATE
	* GREATER
	* MELD
	* SUBTYPEPLANESWALKER
	* __ANON_15
	* THESE
	* FATESEAL
	* NAMEREFSYMBOL
	* UNDER
	* OTHERWISE
	* FIGHT
	* EACH
	* MORE
	* DOES
	* ASSIGN
	* ADD
	* TURNED
	* HAS
	* KEYWORDSTATUSMODIFIER
	* TAP
	* EXPLORES
	* __ANON_20
","{T}: Add {R}.
As ~ enters, you may have it become a copy of any creature on the battlefield until end of turn, except it has haste."
304,Fledgling Dragon,50.70534566300012,False,"No terminal matches 'A' in the current parser context, at line 2 col 13

Threshold — As long as seven or more cards are in yo
            ^
Expected one of: 
	* DO
	* DOUBLE
	* CLOAK
	* AFTER
	* SUBTYPEARTIFACT
	* SURVEIL
	* WOULD
	* EXCHANGE
	* AS
	* SKIP
	* HERSELF
	* SWITCH
	* ALL
	* LBRACE
	* ITSELF
	* WHEN
	* SUBTYPECREATUREB
	* LSQB
	* SEARCHED
	* NUMBER
	* SCRY
	* SPEND
	* NO
	* SUBTYPECREATUREA
	* SUPERTYPE
	* INVESTIGATE
	* CYCLED
	* OTHER
	* UNTAP
	* PLAYED
	* CREATE
	* GAINED
	* COUNTER
	* COLORTERM
	* AN
	* DAMAGETYPE
	* DASH
	* REGENERATE
	* PLAY
	* SACRIFICE
	* SHUFFLE
	* CLASH
	* X
	* INCUBATE
	* ADDITIONAL
	* DISCARD
	* WHENEVER
	* BLOCK
	* BEEN
	* UNTAPSYMBOL
	* SHUFFLED
	* ABILITYMODIFIER
	* ON
	* LESS
	* QUALIFIER
	* LEVEL
	* WITHOUT
	* BLOCKED
	* UNATTACHED
	* LOOK
	* SUSPECT
	* PLAYERCHARACTERISTIC
	* EXILE
	* TAPPEDSTATUSMODIFIER
	* REMAIN
	* REVEAL
	* TURN
	* EQUAL
	* AT
	* ONTO
	* YOUR
	* TYPE
	* SUBTYPELAND
	* UP
	* EFFECTSTATUSMODIFIER
	* THEM
	* TRANSFORM
	* FLIP
	* GET
	* ABLE
	* __ANON_19
	* THOSE
	* SUBTYPEENCHANTMENT
	* OBJECTCHARACTERISTIC
	* TIMES
	* RETURN
	* PROLIFERATE
	* LOOKED
	* TARGET
	* PLAYERTERM
	* BE
	* __ANON_14
	* DETAIN
	* CONTROL
	* NON
	* DIE
	* THEN
	* WITH
	* REVEALED
	* CAST
	* STAR
	* GAIN
	* CHOSE
	* FORAGE
	* INTO
	* DISCOVER
	* MAY
	* ATTACH
	* CARDINAL
	* DISCARDED
	* ATTACK
	* UNATTACH
	* WHO
	* CAN
	* PUT
	* LOSE
	* ATTACKED
	* A
	* TAPSYMBOL
	* CYCLE
	* SUBTYPESPELL
	* THEIR
	* DEAL
	* SUPPORT
	* HIMSELF
	* __ANON_17
	* THE
	* ADAPT
	* WHILE
	* MONSTROSITY
	* SACRIFICED
	* IS
	* IT
	* ABANDON
	* IF
	* ACTIVATE
	* ANY
	* BECOME
	* DRAW
	* GOAD
	* MILL
	* AMASS
	* PREVENT
	* EXERT
	* CHOOSE
	* ORDINAL
	* HAVE
	* DREW
	* BOLSTER
	* CONNIVE
	* FROM
	* FREQUENCY
	* ATTACHED
	* TAKE
	* MANIFEST
	* __ANON_21
	* IN
	* ZONE
	* SEARCH
	* THAT
	* ONLY
	* __ANON_18
	* CONVERT
	* THIS
	* WIN
	* CONTROLLED
	* DESTROY
	* SUBTYPEPLANAR
	* UNTIL
	* COMBATSTATUSMODIFIER
	* FOR
	* PAY
	* LEARN
	* HAD
	* REMOVE
	* ITS
	* SAME
	* POPULATE
	* GREATER
	* MELD
	* SUBTYPEPLANESWALKER
	* __ANON_15
	* THESE
	* FATESEAL
	* NAMEREFSYMBOL
	* UNDER
	* OTHERWISE
	* FIGHT
	* EACH
	* MORE
	* DOES
	* ASSIGN
	* ADD
	* TURNED
	* HAS
	* KEYWORDSTATUSMODIFIER
	* TAP
	* EXPLORES
	* __ANON_20
","Flying
Threshold — As long as seven or more cards are in your graveyard, ~ gets +3/+3 and has ""{R}: ~ gets +1/+0 until end of turn.""."
305,Meteoric Mace,26.771359420001318,False,"No terminal matches '+' in the current parser context, at line 1 col 24

Equipped creature gets +4/+0 and has trample.
                       ^
Expected one of: 
	* WORD
	* DASH
","Equipped creature gets +4/+0 and has trample.
Equip {4}
Cascade (When you cast this spell, exile cards from the top of your library until you exile a nonland card that costs less. You may cast it without paying its mana cost. Put the exiled cards on the bottom in a random order.)"
306,Burnwillow Clearing,213.21414651300074,False,"No terminal matches 'A' in the current parser context, at line 2 col 6

{T}: Add {R} or {G}.
     ^
Expected one of: 
	* DO
	* DOUBLE
	* CLOAK
	* AFTER
	* SUBTYPEARTIFACT
	* SURVEIL
	* WOULD
	* EXCHANGE
	* AS
	* SKIP
	* HERSELF
	* SWITCH
	* ALL
	* LBRACE
	* ITSELF
	* WHEN
	* SUBTYPECREATUREB
	* LSQB
	* SEARCHED
	* NUMBER
	* SCRY
	* SPEND
	* NO
	* SUBTYPECREATUREA
	* SUPERTYPE
	* INVESTIGATE
	* CYCLED
	* OTHER
	* UNTAP
	* PLAYED
	* CREATE
	* GAINED
	* COUNTER
	* COLORTERM
	* AN
	* DAMAGETYPE
	* DASH
	* REGENERATE
	* PLAY
	* SACRIFICE
	* SHUFFLE
	* CLASH
	* X
	* INCUBATE
	* ADDITIONAL
	* DISCARD
	* WHENEVER
	* BLOCK
	* BEEN
	* UNTAPSYMBOL
	* SHUFFLED
	* ABILITYMODIFIER
	* ON
	* LESS
	* QUALIFIER
	* LEVEL
	* WITHOUT
	* BLOCKED
	* UNATTACHED
	* LOOK
	* SUSPECT
	* PLAYERCHARACTERISTIC
	* EXILE
	* TAPPEDSTATUSMODIFIER
	* REMAIN
	* REVEAL
	* TURN
	* EQUAL
	* AT
	* ONTO
	* YOUR
	* TYPE
	* SUBTYPELAND
	* UP
	* EFFECTSTATUSMODIFIER
	* THEM
	* TRANSFORM
	* FLIP
	* GET
	* ABLE
	* __ANON_19
	* THOSE
	* SUBTYPEENCHANTMENT
	* OBJECTCHARACTERISTIC
	* TIMES
	* RETURN
	* PROLIFERATE
	* LOOKED
	* TARGET
	* PLAYERTERM
	* BE
	* __ANON_14
	* DETAIN
	* CONTROL
	* NON
	* DIE
	* THEN
	* WITH
	* REVEALED
	* CAST
	* STAR
	* GAIN
	* CHOSE
	* FORAGE
	* INTO
	* DISCOVER
	* MAY
	* ATTACH
	* CARDINAL
	* DISCARDED
	* ATTACK
	* UNATTACH
	* WHO
	* CAN
	* PUT
	* LOSE
	* ATTACKED
	* A
	* TAPSYMBOL
	* CYCLE
	* SUBTYPESPELL
	* THEIR
	* DEAL
	* SUPPORT
	* HIMSELF
	* __ANON_17
	* THE
	* ADAPT
	* WHILE
	* MONSTROSITY
	* SACRIFICED
	* IS
	* IT
	* ABANDON
	* IF
	* ACTIVATE
	* ANY
	* BECOME
	* DRAW
	* GOAD
	* MILL
	* AMASS
	* PREVENT
	* EXERT
	* CHOOSE
	* ORDINAL
	* HAVE
	* DREW
	* BOLSTER
	* CONNIVE
	* FROM
	* FREQUENCY
	* ATTACHED
	* TAKE
	* MANIFEST
	* __ANON_21
	* IN
	* ZONE
	* SEARCH
	* THAT
	* ONLY
	* __ANON_18
	* CONVERT
	* THIS
	* WIN
	* CONTROLLED
	* DESTROY
	* SUBTYPEPLANAR
	* UNTIL
	* COMBATSTATUSMODIFIER
	* FOR
	* PAY
	* LEARN
	* HAD
	* REMOVE
	* ITS
	* SAME
	* POPULATE
	* GREATER
	* MELD
	* SUBTYPEPLANESWALKER
	* __ANON_15
	* THESE
	* FATESEAL
	* NAMEREFSYMBOL
	* UNDER
	* OTHERWISE
	* FIGHT
	* EACH
	* MORE
	* DOES
	* ASSIGN
	* ADD
	* TURNED
	* HAS
	* KEYWORDSTATUSMODIFIER
	* TAP
	* EXPLORES
	* __ANON_20
","~ enters tapped.
{T}: Add {R} or {G}."
307,Annoyed Altisaur,26.863015742999778,False,"No terminal matches ',' in the current parser context, at line 1 col 6

Reach, trample
     ^
Expected one of: 
	* WORD
	* DASH
","Reach, trample
Cascade (When you cast this spell, exile cards from the top of your library until you exile a nonland card that costs less. You may cast it without paying its mana cost. Put the exiled cards on the bottom in a random order.)"
308,Orderly Plaza,216.78815265699996,False,"No terminal matches 'A' in the current parser context, at line 2 col 6

{T}: Add {W} or {U}.
     ^
Expected one of: 
	* DO
	* DOUBLE
	* CLOAK
	* AFTER
	* SUBTYPEARTIFACT
	* SURVEIL
	* WOULD
	* EXCHANGE
	* AS
	* SKIP
	* HERSELF
	* SWITCH
	* ALL
	* LBRACE
	* ITSELF
	* WHEN
	* SUBTYPECREATUREB
	* LSQB
	* SEARCHED
	* NUMBER
	* SCRY
	* SPEND
	* NO
	* SUBTYPECREATUREA
	* SUPERTYPE
	* INVESTIGATE
	* CYCLED
	* OTHER
	* UNTAP
	* PLAYED
	* CREATE
	* GAINED
	* COUNTER
	* COLORTERM
	* AN
	* DAMAGETYPE
	* DASH
	* REGENERATE
	* PLAY
	* SACRIFICE
	* SHUFFLE
	* CLASH
	* X
	* INCUBATE
	* ADDITIONAL
	* DISCARD
	* WHENEVER
	* BLOCK
	* BEEN
	* UNTAPSYMBOL
	* SHUFFLED
	* ABILITYMODIFIER
	* ON
	* LESS
	* QUALIFIER
	* LEVEL
	* WITHOUT
	* BLOCKED
	* UNATTACHED
	* LOOK
	* SUSPECT
	* PLAYERCHARACTERISTIC
	* EXILE
	* TAPPEDSTATUSMODIFIER
	* REMAIN
	* REVEAL
	* TURN
	* EQUAL
	* AT
	* ONTO
	* YOUR
	* TYPE
	* SUBTYPELAND
	* UP
	* EFFECTSTATUSMODIFIER
	* THEM
	* TRANSFORM
	* FLIP
	* GET
	* ABLE
	* __ANON_19
	* THOSE
	* SUBTYPEENCHANTMENT
	* OBJECTCHARACTERISTIC
	* TIMES
	* RETURN
	* PROLIFERATE
	* LOOKED
	* TARGET
	* PLAYERTERM
	* BE
	* __ANON_14
	* DETAIN
	* CONTROL
	* NON
	* DIE
	* THEN
	* WITH
	* REVEALED
	* CAST
	* STAR
	* GAIN
	* CHOSE
	* FORAGE
	* INTO
	* DISCOVER
	* MAY
	* ATTACH
	* CARDINAL
	* DISCARDED
	* ATTACK
	* UNATTACH
	* WHO
	* CAN
	* PUT
	* LOSE
	* ATTACKED
	* A
	* TAPSYMBOL
	* CYCLE
	* SUBTYPESPELL
	* THEIR
	* DEAL
	* SUPPORT
	* HIMSELF
	* __ANON_17
	* THE
	* ADAPT
	* WHILE
	* MONSTROSITY
	* SACRIFICED
	* IS
	* IT
	* ABANDON
	* IF
	* ACTIVATE
	* ANY
	* BECOME
	* DRAW
	* GOAD
	* MILL
	* AMASS
	* PREVENT
	* EXERT
	* CHOOSE
	* ORDINAL
	* HAVE
	* DREW
	* BOLSTER
	* CONNIVE
	* FROM
	* FREQUENCY
	* ATTACHED
	* TAKE
	* MANIFEST
	* __ANON_21
	* IN
	* ZONE
	* SEARCH
	* THAT
	* ONLY
	* __ANON_18
	* CONVERT
	* THIS
	* WIN
	* CONTROLLED
	* DESTROY
	* SUBTYPEPLANAR
	* UNTIL
	* COMBATSTATUSMODIFIER
	* FOR
	* PAY
	* LEARN
	* HAD
	* REMOVE
	* ITS
	* SAME
	* POPULATE
	* GREATER
	* MELD
	* SUBTYPEPLANESWALKER
	* __ANON_15
	* THESE
	* FATESEAL
	* NAMEREFSYMBOL
	* UNDER
	* OTHERWISE
	* FIGHT
	* EACH
	* MORE
	* DOES
	* ASSIGN
	* ADD
	* TURNED
	* HAS
	* KEYWORDSTATUSMODIFIER
	* TAP
	* EXPLORES
	* __ANON_20
","~ enters tapped.
{T}: Add {W} or {U}."
309,Branching Evolution,27.39904591999948,False,"No terminal matches '+' in the current parser context, at line 1 col 16

If one or more +1/+1 counters would be put on a creatur
               ^
Expected one of: 
	* WORD
	* DASH
","If one or more +1/+1 counters would be put on a creature you control, twice that many +1/+1 counters are put on that creature instead."
310,Sylvan Safekeeper,24.855405841999527,False,"No terminal matches ':' in the current parser context, at line 1 col 17

Sacrifice a land: Target creature you control gains shro
                ^
Expected one of: 
	* WORD
	* DASH
",Sacrifice a land: Target creature you control gains shroud until end of turn. (It can not be the target of spells or abilities.)
311,Inundated Archive,218.4529989449984,False,"No terminal matches 'A' in the current parser context, at line 2 col 6

{T}: Add {U} or {B}.
     ^
Expected one of: 
	* DO
	* DOUBLE
	* CLOAK
	* AFTER
	* SUBTYPEARTIFACT
	* SURVEIL
	* WOULD
	* EXCHANGE
	* AS
	* SKIP
	* HERSELF
	* SWITCH
	* ALL
	* LBRACE
	* ITSELF
	* WHEN
	* SUBTYPECREATUREB
	* LSQB
	* SEARCHED
	* NUMBER
	* SCRY
	* SPEND
	* NO
	* SUBTYPECREATUREA
	* SUPERTYPE
	* INVESTIGATE
	* CYCLED
	* OTHER
	* UNTAP
	* PLAYED
	* CREATE
	* GAINED
	* COUNTER
	* COLORTERM
	* AN
	* DAMAGETYPE
	* DASH
	* REGENERATE
	* PLAY
	* SACRIFICE
	* SHUFFLE
	* CLASH
	* X
	* INCUBATE
	* ADDITIONAL
	* DISCARD
	* WHENEVER
	* BLOCK
	* BEEN
	* UNTAPSYMBOL
	* SHUFFLED
	* ABILITYMODIFIER
	* ON
	* LESS
	* QUALIFIER
	* LEVEL
	* WITHOUT
	* BLOCKED
	* UNATTACHED
	* LOOK
	* SUSPECT
	* PLAYERCHARACTERISTIC
	* EXILE
	* TAPPEDSTATUSMODIFIER
	* REMAIN
	* REVEAL
	* TURN
	* EQUAL
	* AT
	* ONTO
	* YOUR
	* TYPE
	* SUBTYPELAND
	* UP
	* EFFECTSTATUSMODIFIER
	* THEM
	* TRANSFORM
	* FLIP
	* GET
	* ABLE
	* __ANON_19
	* THOSE
	* SUBTYPEENCHANTMENT
	* OBJECTCHARACTERISTIC
	* TIMES
	* RETURN
	* PROLIFERATE
	* LOOKED
	* TARGET
	* PLAYERTERM
	* BE
	* __ANON_14
	* DETAIN
	* CONTROL
	* NON
	* DIE
	* THEN
	* WITH
	* REVEALED
	* CAST
	* STAR
	* GAIN
	* CHOSE
	* FORAGE
	* INTO
	* DISCOVER
	* MAY
	* ATTACH
	* CARDINAL
	* DISCARDED
	* ATTACK
	* UNATTACH
	* WHO
	* CAN
	* PUT
	* LOSE
	* ATTACKED
	* A
	* TAPSYMBOL
	* CYCLE
	* SUBTYPESPELL
	* THEIR
	* DEAL
	* SUPPORT
	* HIMSELF
	* __ANON_17
	* THE
	* ADAPT
	* WHILE
	* MONSTROSITY
	* SACRIFICED
	* IS
	* IT
	* ABANDON
	* IF
	* ACTIVATE
	* ANY
	* BECOME
	* DRAW
	* GOAD
	* MILL
	* AMASS
	* PREVENT
	* EXERT
	* CHOOSE
	* ORDINAL
	* HAVE
	* DREW
	* BOLSTER
	* CONNIVE
	* FROM
	* FREQUENCY
	* ATTACHED
	* TAKE
	* MANIFEST
	* __ANON_21
	* IN
	* ZONE
	* SEARCH
	* THAT
	* ONLY
	* __ANON_18
	* CONVERT
	* THIS
	* WIN
	* CONTROLLED
	* DESTROY
	* SUBTYPEPLANAR
	* UNTIL
	* COMBATSTATUSMODIFIER
	* FOR
	* PAY
	* LEARN
	* HAD
	* REMOVE
	* ITS
	* SAME
	* POPULATE
	* GREATER
	* MELD
	* SUBTYPEPLANESWALKER
	* __ANON_15
	* THESE
	* FATESEAL
	* NAMEREFSYMBOL
	* UNDER
	* OTHERWISE
	* FIGHT
	* EACH
	* MORE
	* DOES
	* ASSIGN
	* ADD
	* TURNED
	* HAS
	* KEYWORDSTATUSMODIFIER
	* TAP
	* EXPLORES
	* __ANON_20
","~ enters tapped.
{T}: Add {U} or {B}."
312,Wirewood Symbiote,25.898358194999673,False,"No terminal matches ''' in the current parser context, at line 1 col 39

Return an Elf you control to its owner's hand: Untap target creature. Activate
                                      ^
Expected one of: 
	* WORD
	* DASH
",Return an Elf you control to its owner's hand: Untap target creature. Activate only once each turn.
313,"Breya, Etherium Shaper",27.393779691999953,False,"No terminal matches '~' in the current parser context, at line 1 col 6

When ~f enters, create two 1/1 blue Thopter a
     ^
Expected one of: 
	* WORD
	* DASH
","When ~f enters, create two 1/1 blue Thopter artifact creature tokens with flying.
{2}, Sacrifice two artifacts: Choose one —
• ~ deals 3 damage to target player or planeswalker.
• Target creature gets -4/-4 until end of turn.
• You gain 5 life."
314,Kaalia of the Vast,28.957978211999944,False,"No terminal matches '~' in the current parser context, at line 2 col 10

Whenever ~ attacks an opponent, you may put an An
         ^
Expected one of: 
	* WORD
	* DASH
","Flying
Whenever ~ attacks an opponent, you may put an Angel, Demon, or Dragon creature card from your hand onto the battlefield tapped and attacking that opponent."
315,Emerald Medallion,25.05390817099942,False,"No terminal matches '{' in the current parser context, at line 1 col 28

Green spells you cast cost {1} less to cast.
                           ^
Expected one of: 
	* WORD
	* DASH
",Green spells you cast cost {1} less to cast.
316,Priest of Titania,48.127849163000064,False,"No terminal matches 'A' in the current parser context, at line 1 col 6

{T}: Add {G} for each Elf on the battlefield.
     ^
Expected one of: 
	* DO
	* DOUBLE
	* CLOAK
	* AFTER
	* SUBTYPEARTIFACT
	* SURVEIL
	* WOULD
	* EXCHANGE
	* AS
	* SKIP
	* HERSELF
	* SWITCH
	* ALL
	* LBRACE
	* ITSELF
	* WHEN
	* SUBTYPECREATUREB
	* LSQB
	* SEARCHED
	* NUMBER
	* SCRY
	* SPEND
	* NO
	* SUBTYPECREATUREA
	* SUPERTYPE
	* INVESTIGATE
	* CYCLED
	* OTHER
	* UNTAP
	* PLAYED
	* CREATE
	* GAINED
	* COUNTER
	* COLORTERM
	* AN
	* DAMAGETYPE
	* DASH
	* REGENERATE
	* PLAY
	* SACRIFICE
	* SHUFFLE
	* CLASH
	* X
	* INCUBATE
	* ADDITIONAL
	* DISCARD
	* WHENEVER
	* BLOCK
	* BEEN
	* UNTAPSYMBOL
	* SHUFFLED
	* ABILITYMODIFIER
	* ON
	* LESS
	* QUALIFIER
	* LEVEL
	* WITHOUT
	* BLOCKED
	* UNATTACHED
	* LOOK
	* SUSPECT
	* PLAYERCHARACTERISTIC
	* EXILE
	* TAPPEDSTATUSMODIFIER
	* REMAIN
	* REVEAL
	* TURN
	* EQUAL
	* AT
	* ONTO
	* YOUR
	* TYPE
	* SUBTYPELAND
	* UP
	* EFFECTSTATUSMODIFIER
	* THEM
	* TRANSFORM
	* FLIP
	* GET
	* ABLE
	* __ANON_19
	* THOSE
	* SUBTYPEENCHANTMENT
	* OBJECTCHARACTERISTIC
	* TIMES
	* RETURN
	* PROLIFERATE
	* LOOKED
	* TARGET
	* PLAYERTERM
	* BE
	* __ANON_14
	* DETAIN
	* CONTROL
	* NON
	* DIE
	* THEN
	* WITH
	* REVEALED
	* CAST
	* STAR
	* GAIN
	* CHOSE
	* FORAGE
	* INTO
	* DISCOVER
	* MAY
	* ATTACH
	* CARDINAL
	* DISCARDED
	* ATTACK
	* UNATTACH
	* WHO
	* CAN
	* PUT
	* LOSE
	* ATTACKED
	* A
	* TAPSYMBOL
	* CYCLE
	* SUBTYPESPELL
	* THEIR
	* DEAL
	* SUPPORT
	* HIMSELF
	* __ANON_17
	* THE
	* ADAPT
	* WHILE
	* MONSTROSITY
	* SACRIFICED
	* IS
	* IT
	* ABANDON
	* IF
	* ACTIVATE
	* ANY
	* BECOME
	* DRAW
	* GOAD
	* MILL
	* AMASS
	* PREVENT
	* EXERT
	* CHOOSE
	* ORDINAL
	* HAVE
	* DREW
	* BOLSTER
	* CONNIVE
	* FROM
	* FREQUENCY
	* ATTACHED
	* TAKE
	* MANIFEST
	* __ANON_21
	* IN
	* ZONE
	* SEARCH
	* THAT
	* ONLY
	* __ANON_18
	* CONVERT
	* THIS
	* WIN
	* CONTROLLED
	* DESTROY
	* SUBTYPEPLANAR
	* UNTIL
	* COMBATSTATUSMODIFIER
	* FOR
	* PAY
	* LEARN
	* HAD
	* REMOVE
	* ITS
	* SAME
	* POPULATE
	* GREATER
	* MELD
	* SUBTYPEPLANESWALKER
	* __ANON_15
	* THESE
	* FATESEAL
	* NAMEREFSYMBOL
	* UNDER
	* OTHERWISE
	* FIGHT
	* EACH
	* MORE
	* DOES
	* ASSIGN
	* ADD
	* TURNED
	* HAS
	* KEYWORDSTATUSMODIFIER
	* TAP
	* EXPLORES
	* __ANON_20
",{T}: Add {G} for each Elf on the battlefield.
317,Jet Medallion,27.864719302000594,False,"No terminal matches '{' in the current parser context, at line 1 col 28

Black spells you cast cost {1} less to cast.
                           ^
Expected one of: 
	* WORD
	* DASH
",Black spells you cast cost {1} less to cast.
318,Junk Diver,26.85851782499958,False,"No terminal matches '~' in the current parser context, at line 2 col 6

When ~ dies, return another target artifact c
     ^
Expected one of: 
	* WORD
	* DASH
","Flying
When ~ dies, return another target artifact card from your graveyard to your hand."
319,Pearl Medallion,26.811328217001574,False,"No terminal matches '{' in the current parser context, at line 1 col 28

White spells you cast cost {1} less to cast.
                           ^
Expected one of: 
	* WORD
	* DASH
",White spells you cast cost {1} less to cast.
320,Sapphire Medallion,24.035757068999374,False,"No terminal matches '{' in the current parser context, at line 1 col 27

Blue spells you cast cost {1} less to cast.
                          ^
Expected one of: 
	* WORD
	* DASH
",Blue spells you cast cost {1} less to cast.
321,Ruby Medallion,27.327763696999682,False,"No terminal matches '{' in the current parser context, at line 1 col 26

Red spells you cast cost {1} less to cast.
                         ^
Expected one of: 
	* WORD
	* DASH
",Red spells you cast cost {1} less to cast.
322,Urza's Incubator,24.104213205000633,False,"No terminal matches '~' in the current parser context, at line 1 col 4

As ~ enters, choose a creature type.
   ^
Expected one of: 
	* WORD
	* DASH
","As ~ enters, choose a creature type.
Creature spells of the chosen type cost {2} less to cast."
323,Barbarian Ring,48.3830672569984,False,"No terminal matches 'A' in the current parser context, at line 1 col 6

{T}: Add {R}. ~ deals 1 damage to you.
     ^
Expected one of: 
	* DO
	* DOUBLE
	* CLOAK
	* AFTER
	* SUBTYPEARTIFACT
	* SURVEIL
	* WOULD
	* EXCHANGE
	* AS
	* SKIP
	* HERSELF
	* SWITCH
	* ALL
	* LBRACE
	* ITSELF
	* WHEN
	* SUBTYPECREATUREB
	* LSQB
	* SEARCHED
	* NUMBER
	* SCRY
	* SPEND
	* NO
	* SUBTYPECREATUREA
	* SUPERTYPE
	* INVESTIGATE
	* CYCLED
	* OTHER
	* UNTAP
	* PLAYED
	* CREATE
	* GAINED
	* COUNTER
	* COLORTERM
	* AN
	* DAMAGETYPE
	* DASH
	* REGENERATE
	* PLAY
	* SACRIFICE
	* SHUFFLE
	* CLASH
	* X
	* INCUBATE
	* ADDITIONAL
	* DISCARD
	* WHENEVER
	* BLOCK
	* BEEN
	* UNTAPSYMBOL
	* SHUFFLED
	* ABILITYMODIFIER
	* ON
	* LESS
	* QUALIFIER
	* LEVEL
	* WITHOUT
	* BLOCKED
	* UNATTACHED
	* LOOK
	* SUSPECT
	* PLAYERCHARACTERISTIC
	* EXILE
	* TAPPEDSTATUSMODIFIER
	* REMAIN
	* REVEAL
	* TURN
	* EQUAL
	* AT
	* ONTO
	* YOUR
	* TYPE
	* SUBTYPELAND
	* UP
	* EFFECTSTATUSMODIFIER
	* THEM
	* TRANSFORM
	* FLIP
	* GET
	* ABLE
	* __ANON_19
	* THOSE
	* SUBTYPEENCHANTMENT
	* OBJECTCHARACTERISTIC
	* TIMES
	* RETURN
	* PROLIFERATE
	* LOOKED
	* TARGET
	* PLAYERTERM
	* BE
	* __ANON_14
	* DETAIN
	* CONTROL
	* NON
	* DIE
	* THEN
	* WITH
	* REVEALED
	* CAST
	* STAR
	* GAIN
	* CHOSE
	* FORAGE
	* INTO
	* DISCOVER
	* MAY
	* ATTACH
	* CARDINAL
	* DISCARDED
	* ATTACK
	* UNATTACH
	* WHO
	* CAN
	* PUT
	* LOSE
	* ATTACKED
	* A
	* TAPSYMBOL
	* CYCLE
	* SUBTYPESPELL
	* THEIR
	* DEAL
	* SUPPORT
	* HIMSELF
	* __ANON_17
	* THE
	* ADAPT
	* WHILE
	* MONSTROSITY
	* SACRIFICED
	* IS
	* IT
	* ABANDON
	* IF
	* ACTIVATE
	* ANY
	* BECOME
	* DRAW
	* GOAD
	* MILL
	* AMASS
	* PREVENT
	* EXERT
	* CHOOSE
	* ORDINAL
	* HAVE
	* DREW
	* BOLSTER
	* CONNIVE
	* FROM
	* FREQUENCY
	* ATTACHED
	* TAKE
	* MANIFEST
	* __ANON_21
	* IN
	* ZONE
	* SEARCH
	* THAT
	* ONLY
	* __ANON_18
	* CONVERT
	* THIS
	* WIN
	* CONTROLLED
	* DESTROY
	* SUBTYPEPLANAR
	* UNTIL
	* COMBATSTATUSMODIFIER
	* FOR
	* PAY
	* LEARN
	* HAD
	* REMOVE
	* ITS
	* SAME
	* POPULATE
	* GREATER
	* MELD
	* SUBTYPEPLANESWALKER
	* __ANON_15
	* THESE
	* FATESEAL
	* NAMEREFSYMBOL
	* UNDER
	* OTHERWISE
	* FIGHT
	* EACH
	* MORE
	* DOES
	* ASSIGN
	* ADD
	* TURNED
	* HAS
	* KEYWORDSTATUSMODIFIER
	* TAP
	* EXPLORES
	* __ANON_20
","{T}: Add {R}. ~ deals 1 damage to you.
Threshold — {R}, {T}, Sacrifice ~: It deals 2 damage to any target. Activate only if seven or more cards are in your graveyard."
324,Cephalid Coliseum,54.625319953000144,False,"No terminal matches 'A' in the current parser context, at line 1 col 6

{T}: Add {U}. ~ deals 1 damage to you.
     ^
Expected one of: 
	* DO
	* DOUBLE
	* CLOAK
	* AFTER
	* SUBTYPEARTIFACT
	* SURVEIL
	* WOULD
	* EXCHANGE
	* AS
	* SKIP
	* HERSELF
	* SWITCH
	* ALL
	* LBRACE
	* ITSELF
	* WHEN
	* SUBTYPECREATUREB
	* LSQB
	* SEARCHED
	* NUMBER
	* SCRY
	* SPEND
	* NO
	* SUBTYPECREATUREA
	* SUPERTYPE
	* INVESTIGATE
	* CYCLED
	* OTHER
	* UNTAP
	* PLAYED
	* CREATE
	* GAINED
	* COUNTER
	* COLORTERM
	* AN
	* DAMAGETYPE
	* DASH
	* REGENERATE
	* PLAY
	* SACRIFICE
	* SHUFFLE
	* CLASH
	* X
	* INCUBATE
	* ADDITIONAL
	* DISCARD
	* WHENEVER
	* BLOCK
	* BEEN
	* UNTAPSYMBOL
	* SHUFFLED
	* ABILITYMODIFIER
	* ON
	* LESS
	* QUALIFIER
	* LEVEL
	* WITHOUT
	* BLOCKED
	* UNATTACHED
	* LOOK
	* SUSPECT
	* PLAYERCHARACTERISTIC
	* EXILE
	* TAPPEDSTATUSMODIFIER
	* REMAIN
	* REVEAL
	* TURN
	* EQUAL
	* AT
	* ONTO
	* YOUR
	* TYPE
	* SUBTYPELAND
	* UP
	* EFFECTSTATUSMODIFIER
	* THEM
	* TRANSFORM
	* FLIP
	* GET
	* ABLE
	* __ANON_19
	* THOSE
	* SUBTYPEENCHANTMENT
	* OBJECTCHARACTERISTIC
	* TIMES
	* RETURN
	* PROLIFERATE
	* LOOKED
	* TARGET
	* PLAYERTERM
	* BE
	* __ANON_14
	* DETAIN
	* CONTROL
	* NON
	* DIE
	* THEN
	* WITH
	* REVEALED
	* CAST
	* STAR
	* GAIN
	* CHOSE
	* FORAGE
	* INTO
	* DISCOVER
	* MAY
	* ATTACH
	* CARDINAL
	* DISCARDED
	* ATTACK
	* UNATTACH
	* WHO
	* CAN
	* PUT
	* LOSE
	* ATTACKED
	* A
	* TAPSYMBOL
	* CYCLE
	* SUBTYPESPELL
	* THEIR
	* DEAL
	* SUPPORT
	* HIMSELF
	* __ANON_17
	* THE
	* ADAPT
	* WHILE
	* MONSTROSITY
	* SACRIFICED
	* IS
	* IT
	* ABANDON
	* IF
	* ACTIVATE
	* ANY
	* BECOME
	* DRAW
	* GOAD
	* MILL
	* AMASS
	* PREVENT
	* EXERT
	* CHOOSE
	* ORDINAL
	* HAVE
	* DREW
	* BOLSTER
	* CONNIVE
	* FROM
	* FREQUENCY
	* ATTACHED
	* TAKE
	* MANIFEST
	* __ANON_21
	* IN
	* ZONE
	* SEARCH
	* THAT
	* ONLY
	* __ANON_18
	* CONVERT
	* THIS
	* WIN
	* CONTROLLED
	* DESTROY
	* SUBTYPEPLANAR
	* UNTIL
	* COMBATSTATUSMODIFIER
	* FOR
	* PAY
	* LEARN
	* HAD
	* REMOVE
	* ITS
	* SAME
	* POPULATE
	* GREATER
	* MELD
	* SUBTYPEPLANESWALKER
	* __ANON_15
	* THESE
	* FATESEAL
	* NAMEREFSYMBOL
	* UNDER
	* OTHERWISE
	* FIGHT
	* EACH
	* MORE
	* DOES
	* ASSIGN
	* ADD
	* TURNED
	* HAS
	* KEYWORDSTATUSMODIFIER
	* TAP
	* EXPLORES
	* __ANON_20
","{T}: Add {U}. ~ deals 1 damage to you.
Threshold — {U}, {T}, Sacrifice ~: Target player draws three cards, then discards three cards. Activate only if seven or more cards are in your graveyard."
325,Nesting Grounds,46.4333388390005,False,"No terminal matches 'A' in the current parser context, at line 1 col 6

{T}: Add {C}.
     ^
Expected one of: 
	* DO
	* DOUBLE
	* CLOAK
	* AFTER
	* SUBTYPEARTIFACT
	* SURVEIL
	* WOULD
	* EXCHANGE
	* AS
	* SKIP
	* HERSELF
	* SWITCH
	* ALL
	* LBRACE
	* ITSELF
	* WHEN
	* SUBTYPECREATUREB
	* LSQB
	* SEARCHED
	* NUMBER
	* SCRY
	* SPEND
	* NO
	* SUBTYPECREATUREA
	* SUPERTYPE
	* INVESTIGATE
	* CYCLED
	* OTHER
	* UNTAP
	* PLAYED
	* CREATE
	* GAINED
	* COUNTER
	* COLORTERM
	* AN
	* DAMAGETYPE
	* DASH
	* REGENERATE
	* PLAY
	* SACRIFICE
	* SHUFFLE
	* CLASH
	* X
	* INCUBATE
	* ADDITIONAL
	* DISCARD
	* WHENEVER
	* BLOCK
	* BEEN
	* UNTAPSYMBOL
	* SHUFFLED
	* ABILITYMODIFIER
	* ON
	* LESS
	* QUALIFIER
	* LEVEL
	* WITHOUT
	* BLOCKED
	* UNATTACHED
	* LOOK
	* SUSPECT
	* PLAYERCHARACTERISTIC
	* EXILE
	* TAPPEDSTATUSMODIFIER
	* REMAIN
	* REVEAL
	* TURN
	* EQUAL
	* AT
	* ONTO
	* YOUR
	* TYPE
	* SUBTYPELAND
	* UP
	* EFFECTSTATUSMODIFIER
	* THEM
	* TRANSFORM
	* FLIP
	* GET
	* ABLE
	* __ANON_19
	* THOSE
	* SUBTYPEENCHANTMENT
	* OBJECTCHARACTERISTIC
	* TIMES
	* RETURN
	* PROLIFERATE
	* LOOKED
	* TARGET
	* PLAYERTERM
	* BE
	* __ANON_14
	* DETAIN
	* CONTROL
	* NON
	* DIE
	* THEN
	* WITH
	* REVEALED
	* CAST
	* STAR
	* GAIN
	* CHOSE
	* FORAGE
	* INTO
	* DISCOVER
	* MAY
	* ATTACH
	* CARDINAL
	* DISCARDED
	* ATTACK
	* UNATTACH
	* WHO
	* CAN
	* PUT
	* LOSE
	* ATTACKED
	* A
	* TAPSYMBOL
	* CYCLE
	* SUBTYPESPELL
	* THEIR
	* DEAL
	* SUPPORT
	* HIMSELF
	* __ANON_17
	* THE
	* ADAPT
	* WHILE
	* MONSTROSITY
	* SACRIFICED
	* IS
	* IT
	* ABANDON
	* IF
	* ACTIVATE
	* ANY
	* BECOME
	* DRAW
	* GOAD
	* MILL
	* AMASS
	* PREVENT
	* EXERT
	* CHOOSE
	* ORDINAL
	* HAVE
	* DREW
	* BOLSTER
	* CONNIVE
	* FROM
	* FREQUENCY
	* ATTACHED
	* TAKE
	* MANIFEST
	* __ANON_21
	* IN
	* ZONE
	* SEARCH
	* THAT
	* ONLY
	* __ANON_18
	* CONVERT
	* THIS
	* WIN
	* CONTROLLED
	* DESTROY
	* SUBTYPEPLANAR
	* UNTIL
	* COMBATSTATUSMODIFIER
	* FOR
	* PAY
	* LEARN
	* HAD
	* REMOVE
	* ITS
	* SAME
	* POPULATE
	* GREATER
	* MELD
	* SUBTYPEPLANESWALKER
	* __ANON_15
	* THESE
	* FATESEAL
	* NAMEREFSYMBOL
	* UNDER
	* OTHERWISE
	* FIGHT
	* EACH
	* MORE
	* DOES
	* ASSIGN
	* ADD
	* TURNED
	* HAS
	* KEYWORDSTATUSMODIFIER
	* TAP
	* EXPLORES
	* __ANON_20
","{T}: Add {C}.
{1}, {T}: Move a counter from target permanent you control onto another target permanent. Activate only as a sorcery."
326,Deserted Temple,53.42314104899924,False,"No terminal matches 'A' in the current parser context, at line 1 col 6

{T}: Add {C}.
     ^
Expected one of: 
	* DO
	* DOUBLE
	* CLOAK
	* AFTER
	* SUBTYPEARTIFACT
	* SURVEIL
	* WOULD
	* EXCHANGE
	* AS
	* SKIP
	* HERSELF
	* SWITCH
	* ALL
	* LBRACE
	* ITSELF
	* WHEN
	* SUBTYPECREATUREB
	* LSQB
	* SEARCHED
	* NUMBER
	* SCRY
	* SPEND
	* NO
	* SUBTYPECREATUREA
	* SUPERTYPE
	* INVESTIGATE
	* CYCLED
	* OTHER
	* UNTAP
	* PLAYED
	* CREATE
	* GAINED
	* COUNTER
	* COLORTERM
	* AN
	* DAMAGETYPE
	* DASH
	* REGENERATE
	* PLAY
	* SACRIFICE
	* SHUFFLE
	* CLASH
	* X
	* INCUBATE
	* ADDITIONAL
	* DISCARD
	* WHENEVER
	* BLOCK
	* BEEN
	* UNTAPSYMBOL
	* SHUFFLED
	* ABILITYMODIFIER
	* ON
	* LESS
	* QUALIFIER
	* LEVEL
	* WITHOUT
	* BLOCKED
	* UNATTACHED
	* LOOK
	* SUSPECT
	* PLAYERCHARACTERISTIC
	* EXILE
	* TAPPEDSTATUSMODIFIER
	* REMAIN
	* REVEAL
	* TURN
	* EQUAL
	* AT
	* ONTO
	* YOUR
	* TYPE
	* SUBTYPELAND
	* UP
	* EFFECTSTATUSMODIFIER
	* THEM
	* TRANSFORM
	* FLIP
	* GET
	* ABLE
	* __ANON_19
	* THOSE
	* SUBTYPEENCHANTMENT
	* OBJECTCHARACTERISTIC
	* TIMES
	* RETURN
	* PROLIFERATE
	* LOOKED
	* TARGET
	* PLAYERTERM
	* BE
	* __ANON_14
	* DETAIN
	* CONTROL
	* NON
	* DIE
	* THEN
	* WITH
	* REVEALED
	* CAST
	* STAR
	* GAIN
	* CHOSE
	* FORAGE
	* INTO
	* DISCOVER
	* MAY
	* ATTACH
	* CARDINAL
	* DISCARDED
	* ATTACK
	* UNATTACH
	* WHO
	* CAN
	* PUT
	* LOSE
	* ATTACKED
	* A
	* TAPSYMBOL
	* CYCLE
	* SUBTYPESPELL
	* THEIR
	* DEAL
	* SUPPORT
	* HIMSELF
	* __ANON_17
	* THE
	* ADAPT
	* WHILE
	* MONSTROSITY
	* SACRIFICED
	* IS
	* IT
	* ABANDON
	* IF
	* ACTIVATE
	* ANY
	* BECOME
	* DRAW
	* GOAD
	* MILL
	* AMASS
	* PREVENT
	* EXERT
	* CHOOSE
	* ORDINAL
	* HAVE
	* DREW
	* BOLSTER
	* CONNIVE
	* FROM
	* FREQUENCY
	* ATTACHED
	* TAKE
	* MANIFEST
	* __ANON_21
	* IN
	* ZONE
	* SEARCH
	* THAT
	* ONLY
	* __ANON_18
	* CONVERT
	* THIS
	* WIN
	* CONTROLLED
	* DESTROY
	* SUBTYPEPLANAR
	* UNTIL
	* COMBATSTATUSMODIFIER
	* FOR
	* PAY
	* LEARN
	* HAD
	* REMOVE
	* ITS
	* SAME
	* POPULATE
	* GREATER
	* MELD
	* SUBTYPEPLANESWALKER
	* __ANON_15
	* THESE
	* FATESEAL
	* NAMEREFSYMBOL
	* UNDER
	* OTHERWISE
	* FIGHT
	* EACH
	* MORE
	* DOES
	* ASSIGN
	* ADD
	* TURNED
	* HAS
	* KEYWORDSTATUSMODIFIER
	* TAP
	* EXPLORES
	* __ANON_20
","{T}: Add {C}.
{1}, {T}: Untap target land."
327,Phyrexian Tower,49.256465830001616,False,"No terminal matches 'A' in the current parser context, at line 1 col 6

{T}: Add {C}.
     ^
Expected one of: 
	* DO
	* DOUBLE
	* CLOAK
	* AFTER
	* SUBTYPEARTIFACT
	* SURVEIL
	* WOULD
	* EXCHANGE
	* AS
	* SKIP
	* HERSELF
	* SWITCH
	* ALL
	* LBRACE
	* ITSELF
	* WHEN
	* SUBTYPECREATUREB
	* LSQB
	* SEARCHED
	* NUMBER
	* SCRY
	* SPEND
	* NO
	* SUBTYPECREATUREA
	* SUPERTYPE
	* INVESTIGATE
	* CYCLED
	* OTHER
	* UNTAP
	* PLAYED
	* CREATE
	* GAINED
	* COUNTER
	* COLORTERM
	* AN
	* DAMAGETYPE
	* DASH
	* REGENERATE
	* PLAY
	* SACRIFICE
	* SHUFFLE
	* CLASH
	* X
	* INCUBATE
	* ADDITIONAL
	* DISCARD
	* WHENEVER
	* BLOCK
	* BEEN
	* UNTAPSYMBOL
	* SHUFFLED
	* ABILITYMODIFIER
	* ON
	* LESS
	* QUALIFIER
	* LEVEL
	* WITHOUT
	* BLOCKED
	* UNATTACHED
	* LOOK
	* SUSPECT
	* PLAYERCHARACTERISTIC
	* EXILE
	* TAPPEDSTATUSMODIFIER
	* REMAIN
	* REVEAL
	* TURN
	* EQUAL
	* AT
	* ONTO
	* YOUR
	* TYPE
	* SUBTYPELAND
	* UP
	* EFFECTSTATUSMODIFIER
	* THEM
	* TRANSFORM
	* FLIP
	* GET
	* ABLE
	* __ANON_19
	* THOSE
	* SUBTYPEENCHANTMENT
	* OBJECTCHARACTERISTIC
	* TIMES
	* RETURN
	* PROLIFERATE
	* LOOKED
	* TARGET
	* PLAYERTERM
	* BE
	* __ANON_14
	* DETAIN
	* CONTROL
	* NON
	* DIE
	* THEN
	* WITH
	* REVEALED
	* CAST
	* STAR
	* GAIN
	* CHOSE
	* FORAGE
	* INTO
	* DISCOVER
	* MAY
	* ATTACH
	* CARDINAL
	* DISCARDED
	* ATTACK
	* UNATTACH
	* WHO
	* CAN
	* PUT
	* LOSE
	* ATTACKED
	* A
	* TAPSYMBOL
	* CYCLE
	* SUBTYPESPELL
	* THEIR
	* DEAL
	* SUPPORT
	* HIMSELF
	* __ANON_17
	* THE
	* ADAPT
	* WHILE
	* MONSTROSITY
	* SACRIFICED
	* IS
	* IT
	* ABANDON
	* IF
	* ACTIVATE
	* ANY
	* BECOME
	* DRAW
	* GOAD
	* MILL
	* AMASS
	* PREVENT
	* EXERT
	* CHOOSE
	* ORDINAL
	* HAVE
	* DREW
	* BOLSTER
	* CONNIVE
	* FROM
	* FREQUENCY
	* ATTACHED
	* TAKE
	* MANIFEST
	* __ANON_21
	* IN
	* ZONE
	* SEARCH
	* THAT
	* ONLY
	* __ANON_18
	* CONVERT
	* THIS
	* WIN
	* CONTROLLED
	* DESTROY
	* SUBTYPEPLANAR
	* UNTIL
	* COMBATSTATUSMODIFIER
	* FOR
	* PAY
	* LEARN
	* HAD
	* REMOVE
	* ITS
	* SAME
	* POPULATE
	* GREATER
	* MELD
	* SUBTYPEPLANESWALKER
	* __ANON_15
	* THESE
	* FATESEAL
	* NAMEREFSYMBOL
	* UNDER
	* OTHERWISE
	* FIGHT
	* EACH
	* MORE
	* DOES
	* ASSIGN
	* ADD
	* TURNED
	* HAS
	* KEYWORDSTATUSMODIFIER
	* TAP
	* EXPLORES
	* __ANON_20
","{T}: Add {C}.
{T}, Sacrifice a creature: Add {B}{B}."
328,Island,47.00682370400136,True,,({T}: Add {U}.)
329,Plains,49.65816966700004,True,,({T}: Add {W}.)
330,Flusterstorm,17.932201910000003,False,"No terminal matches '{' in the current parser context, at line 1 col 68

orcery spell unless its controller pays {1}.
                                        ^
Expected one of: 
	* WORD
	* DASH
","Counter target instant or sorcery spell unless its controller pays {1}.
Storm (When you cast this spell, copy it for each spell cast before it this turn. You may choose new targets for the copies.)"
331,Swamp,36.98945966800056,True,,({T}: Add {B}.)
332,Mountain,30.741504296998755,True,,({T}: Add {R}.)
333,Forest,33.29019233100007,True,,({T}: Add {G}.)
334,Worn Powerstone,121.20888230699893,False,"No terminal matches 'A' in the current parser context, at line 2 col 6

{T}: Add {C}{C}.
     ^
Expected one of: 
	* DO
	* DOUBLE
	* CLOAK
	* AFTER
	* SUBTYPEARTIFACT
	* SURVEIL
	* WOULD
	* EXCHANGE
	* AS
	* SKIP
	* HERSELF
	* SWITCH
	* ALL
	* LBRACE
	* ITSELF
	* WHEN
	* SUBTYPECREATUREB
	* LSQB
	* SEARCHED
	* NUMBER
	* SCRY
	* SPEND
	* NO
	* SUBTYPECREATUREA
	* SUPERTYPE
	* INVESTIGATE
	* CYCLED
	* OTHER
	* UNTAP
	* PLAYED
	* CREATE
	* GAINED
	* COUNTER
	* COLORTERM
	* AN
	* DAMAGETYPE
	* DASH
	* REGENERATE
	* PLAY
	* SACRIFICE
	* SHUFFLE
	* CLASH
	* X
	* INCUBATE
	* ADDITIONAL
	* DISCARD
	* WHENEVER
	* BLOCK
	* BEEN
	* UNTAPSYMBOL
	* SHUFFLED
	* ABILITYMODIFIER
	* ON
	* LESS
	* QUALIFIER
	* LEVEL
	* WITHOUT
	* BLOCKED
	* UNATTACHED
	* LOOK
	* SUSPECT
	* PLAYERCHARACTERISTIC
	* EXILE
	* TAPPEDSTATUSMODIFIER
	* REMAIN
	* REVEAL
	* TURN
	* EQUAL
	* AT
	* ONTO
	* YOUR
	* TYPE
	* SUBTYPELAND
	* UP
	* EFFECTSTATUSMODIFIER
	* THEM
	* TRANSFORM
	* FLIP
	* GET
	* ABLE
	* __ANON_19
	* THOSE
	* SUBTYPEENCHANTMENT
	* OBJECTCHARACTERISTIC
	* TIMES
	* RETURN
	* PROLIFERATE
	* LOOKED
	* TARGET
	* PLAYERTERM
	* BE
	* __ANON_14
	* DETAIN
	* CONTROL
	* NON
	* DIE
	* THEN
	* WITH
	* REVEALED
	* CAST
	* STAR
	* GAIN
	* CHOSE
	* FORAGE
	* INTO
	* DISCOVER
	* MAY
	* ATTACH
	* CARDINAL
	* DISCARDED
	* ATTACK
	* UNATTACH
	* WHO
	* CAN
	* PUT
	* LOSE
	* ATTACKED
	* A
	* TAPSYMBOL
	* CYCLE
	* SUBTYPESPELL
	* THEIR
	* DEAL
	* SUPPORT
	* HIMSELF
	* __ANON_17
	* THE
	* ADAPT
	* WHILE
	* MONSTROSITY
	* SACRIFICED
	* IS
	* IT
	* ABANDON
	* IF
	* ACTIVATE
	* ANY
	* BECOME
	* DRAW
	* GOAD
	* MILL
	* AMASS
	* PREVENT
	* EXERT
	* CHOOSE
	* ORDINAL
	* HAVE
	* DREW
	* BOLSTER
	* CONNIVE
	* FROM
	* FREQUENCY
	* ATTACHED
	* TAKE
	* MANIFEST
	* __ANON_21
	* IN
	* ZONE
	* SEARCH
	* THAT
	* ONLY
	* __ANON_18
	* CONVERT
	* THIS
	* WIN
	* CONTROLLED
	* DESTROY
	* SUBTYPEPLANAR
	* UNTIL
	* COMBATSTATUSMODIFIER
	* FOR
	* PAY
	* LEARN
	* HAD
	* REMOVE
	* ITS
	* SAME
	* POPULATE
	* GREATER
	* MELD
	* SUBTYPEPLANESWALKER
	* __ANON_15
	* THESE
	* FATESEAL
	* NAMEREFSYMBOL
	* UNDER
	* OTHERWISE
	* FIGHT
	* EACH
	* MORE
	* DOES
	* ASSIGN
	* ADD
	* TURNED
	* HAS
	* KEYWORDSTATUSMODIFIER
	* TAP
	* EXPLORES
	* __ANON_20
","~ enters tapped.
{T}: Add {C}{C}."
